solid OpenSCAD_Model
  facet normal -0.156454 0.987685 0
    outer loop
      vertex 0.35345 -1.66285 0
      vertex 0.177698 -1.69069 1.2
      vertex 0.35345 -1.66285 1.2
    endloop
  endfacet
  facet normal -0.156454 0.987685 0
    outer loop
      vertex 0.177698 -1.69069 1.2
      vertex 0.35345 -1.66285 0
      vertex 0.177698 -1.69069 0
    endloop
  endfacet
  facet normal -0.987685 -0.156454 0
    outer loop
      vertex 1.69069 0.177698 0
      vertex 1.66285 0.35345 1.2
      vertex 1.66285 0.35345 0
    endloop
  endfacet
  facet normal -0.987685 -0.156454 0
    outer loop
      vertex 1.66285 0.35345 1.2
      vertex 1.69069 0.177698 0
      vertex 1.69069 0.177698 1.2
    endloop
  endfacet
  facet normal -0.99863 -0.0523205 0
    outer loop
      vertex 1.7 0 0
      vertex 1.69069 0.177698 1.2
      vertex 1.69069 0.177698 0
    endloop
  endfacet
  facet normal -0.99863 -0.0523205 0
    outer loop
      vertex 1.69069 0.177698 1.2
      vertex 1.7 0 0
      vertex 1.7 0 1.2
    endloop
  endfacet
  facet normal -0.987685 0.156454 0
    outer loop
      vertex 1.66285 -0.35345 0
      vertex 1.69069 -0.177698 1.2
      vertex 1.69069 -0.177698 0
    endloop
  endfacet
  facet normal -0.987685 0.156454 0
    outer loop
      vertex 1.69069 -0.177698 1.2
      vertex 1.66285 -0.35345 0
      vertex 1.66285 -0.35345 1.2
    endloop
  endfacet
  facet normal -0.358375 -0.933578 0
    outer loop
      vertex 0.525329 1.6168 0
      vertex 0.691452 1.55303 1.2
      vertex 0.525329 1.6168 1.2
    endloop
  endfacet
  facet normal -0.358375 -0.933578 -0
    outer loop
      vertex 0.691452 1.55303 1.2
      vertex 0.525329 1.6168 0
      vertex 0.691452 1.55303 0
    endloop
  endfacet
  facet normal -0.454018 0.890992 0
    outer loop
      vertex 0.849999 -1.47224 0
      vertex 0.691452 -1.55303 1.2
      vertex 0.849999 -1.47224 1.2
    endloop
  endfacet
  facet normal -0.454018 0.890992 0
    outer loop
      vertex 0.691452 -1.55303 1.2
      vertex 0.849999 -1.47224 0
      vertex 0.691452 -1.55303 0
    endloop
  endfacet
  facet normal -0.454018 -0.890992 0
    outer loop
      vertex 0.691452 1.55303 0
      vertex 0.849999 1.47224 1.2
      vertex 0.691452 1.55303 1.2
    endloop
  endfacet
  facet normal -0.454018 -0.890992 -0
    outer loop
      vertex 0.849999 1.47224 1.2
      vertex 0.691452 1.55303 0
      vertex 0.849999 1.47224 0
    endloop
  endfacet
  facet normal -0.258794 -0.965933 0
    outer loop
      vertex 0.35345 1.66285 0
      vertex 0.525329 1.6168 1.2
      vertex 0.35345 1.66285 1.2
    endloop
  endfacet
  facet normal -0.258794 -0.965933 -0
    outer loop
      vertex 0.525329 1.6168 1.2
      vertex 0.35345 1.66285 0
      vertex 0.525329 1.6168 0
    endloop
  endfacet
  facet normal 0.358375 -0.933578 0
    outer loop
      vertex -0.691452 1.55303 0
      vertex -0.525329 1.6168 1.2
      vertex -0.691452 1.55303 1.2
    endloop
  endfacet
  facet normal 0.358375 -0.933578 0
    outer loop
      vertex -0.525329 1.6168 1.2
      vertex -0.691452 1.55303 0
      vertex -0.525329 1.6168 0
    endloop
  endfacet
  facet normal -0.777151 0.629314 0
    outer loop
      vertex 1.26335 -1.13752 0
      vertex 1.37533 -0.999234 1.2
      vertex 1.37533 -0.999234 0
    endloop
  endfacet
  facet normal -0.777151 0.629314 0
    outer loop
      vertex 1.37533 -0.999234 1.2
      vertex 1.26335 -1.13752 0
      vertex 1.26335 -1.13752 1.2
    endloop
  endfacet
  facet normal -0.358375 0.933578 0
    outer loop
      vertex 0.691452 -1.55303 0
      vertex 0.525329 -1.6168 1.2
      vertex 0.691452 -1.55303 1.2
    endloop
  endfacet
  facet normal -0.358375 0.933578 0
    outer loop
      vertex 0.525329 -1.6168 1.2
      vertex 0.691452 -1.55303 0
      vertex 0.525329 -1.6168 0
    endloop
  endfacet
  facet normal 0.890992 -0.454018 0
    outer loop
      vertex -1.55303 0.691452 1.2
      vertex -1.47224 0.849999 0
      vertex -1.47224 0.849999 1.2
    endloop
  endfacet
  facet normal 0.890992 -0.454018 0
    outer loop
      vertex -1.47224 0.849999 0
      vertex -1.55303 0.691452 1.2
      vertex -1.55303 0.691452 0
    endloop
  endfacet
  facet normal 0.629314 0.777151 -0
    outer loop
      vertex -0.999234 -1.37533 0
      vertex -1.13752 -1.26335 1.2
      vertex -0.999234 -1.37533 1.2
    endloop
  endfacet
  facet normal 0.629314 0.777151 0
    outer loop
      vertex -1.13752 -1.26335 1.2
      vertex -0.999234 -1.37533 0
      vertex -1.13752 -1.26335 0
    endloop
  endfacet
  facet normal -0.258794 0.965933 0
    outer loop
      vertex 0.525329 -1.6168 0
      vertex 0.35345 -1.66285 1.2
      vertex 0.525329 -1.6168 1.2
    endloop
  endfacet
  facet normal -0.258794 0.965933 0
    outer loop
      vertex 0.35345 -1.66285 1.2
      vertex 0.525329 -1.6168 0
      vertex 0.35345 -1.66285 0
    endloop
  endfacet
  facet normal -0.99863 0.0523205 0
    outer loop
      vertex 1.69069 -0.177698 0
      vertex 1.7 0 1.2
      vertex 1.7 0 0
    endloop
  endfacet
  facet normal -0.99863 0.0523205 0
    outer loop
      vertex 1.7 0 1.2
      vertex 1.69069 -0.177698 0
      vertex 1.69069 -0.177698 1.2
    endloop
  endfacet
  facet normal 0.258794 0.965933 -0
    outer loop
      vertex -0.35345 -1.66285 0
      vertex -0.525329 -1.6168 1.2
      vertex -0.35345 -1.66285 1.2
    endloop
  endfacet
  facet normal 0.258794 0.965933 0
    outer loop
      vertex -0.525329 -1.6168 1.2
      vertex -0.35345 -1.66285 0
      vertex -0.525329 -1.6168 0
    endloop
  endfacet
  facet normal -0.544622 -0.838682 0
    outer loop
      vertex 0.849999 1.47224 0
      vertex 0.999234 1.37533 1.2
      vertex 0.849999 1.47224 1.2
    endloop
  endfacet
  facet normal -0.544622 -0.838682 -0
    outer loop
      vertex 0.999234 1.37533 1.2
      vertex 0.849999 1.47224 0
      vertex 0.999234 1.37533 0
    endloop
  endfacet
  facet normal 0.0523205 0.99863 -0
    outer loop
      vertex 0 -1.7 0
      vertex -0.177698 -1.69069 1.2
      vertex 0 -1.7 1.2
    endloop
  endfacet
  facet normal 0.0523205 0.99863 0
    outer loop
      vertex -0.177698 -1.69069 1.2
      vertex 0 -1.7 0
      vertex -0.177698 -1.69069 0
    endloop
  endfacet
  facet normal -0.838682 -0.544622 0
    outer loop
      vertex 1.47224 0.849999 0
      vertex 1.37533 0.999234 1.2
      vertex 1.37533 0.999234 0
    endloop
  endfacet
  facet normal -0.838682 -0.544622 0
    outer loop
      vertex 1.37533 0.999234 1.2
      vertex 1.47224 0.849999 0
      vertex 1.47224 0.849999 1.2
    endloop
  endfacet
  facet normal -0.0523205 0.99863 0
    outer loop
      vertex 0.177698 -1.69069 0
      vertex 0 -1.7 1.2
      vertex 0.177698 -1.69069 1.2
    endloop
  endfacet
  facet normal -0.0523205 0.99863 0
    outer loop
      vertex 0 -1.7 1.2
      vertex 0.177698 -1.69069 0
      vertex 0 -1.7 0
    endloop
  endfacet
  facet normal 0.454018 -0.890992 0
    outer loop
      vertex -0.849999 1.47224 0
      vertex -0.691452 1.55303 1.2
      vertex -0.849999 1.47224 1.2
    endloop
  endfacet
  facet normal 0.454018 -0.890992 0
    outer loop
      vertex -0.691452 1.55303 1.2
      vertex -0.849999 1.47224 0
      vertex -0.691452 1.55303 0
    endloop
  endfacet
  facet normal -0.890992 -0.454018 0
    outer loop
      vertex 1.55303 0.691452 0
      vertex 1.47224 0.849999 1.2
      vertex 1.47224 0.849999 0
    endloop
  endfacet
  facet normal -0.890992 -0.454018 0
    outer loop
      vertex 1.47224 0.849999 1.2
      vertex 1.55303 0.691452 0
      vertex 1.55303 0.691452 1.2
    endloop
  endfacet
  facet normal 0.987685 -0.156454 0
    outer loop
      vertex -1.69069 0.177698 1.2
      vertex -1.66285 0.35345 0
      vertex -1.66285 0.35345 1.2
    endloop
  endfacet
  facet normal 0.987685 -0.156454 0
    outer loop
      vertex -1.66285 0.35345 0
      vertex -1.69069 0.177698 1.2
      vertex -1.69069 0.177698 0
    endloop
  endfacet
  facet normal 0.933578 0.358375 0
    outer loop
      vertex -1.55303 -0.691452 1.2
      vertex -1.6168 -0.525329 0
      vertex -1.6168 -0.525329 1.2
    endloop
  endfacet
  facet normal 0.933578 0.358375 0
    outer loop
      vertex -1.6168 -0.525329 0
      vertex -1.55303 -0.691452 1.2
      vertex -1.55303 -0.691452 0
    endloop
  endfacet
  facet normal 0.987685 0.156454 0
    outer loop
      vertex -1.66285 -0.35345 1.2
      vertex -1.69069 -0.177698 0
      vertex -1.69069 -0.177698 1.2
    endloop
  endfacet
  facet normal 0.987685 0.156454 0
    outer loop
      vertex -1.69069 -0.177698 0
      vertex -1.66285 -0.35345 1.2
      vertex -1.66285 -0.35345 0
    endloop
  endfacet
  facet normal -0.707107 0.707107 0
    outer loop
      vertex 1.13752 -1.26335 0
      vertex 1.26335 -1.13752 1.2
      vertex 1.26335 -1.13752 0
    endloop
  endfacet
  facet normal -0.707107 0.707107 0
    outer loop
      vertex 1.26335 -1.13752 1.2
      vertex 1.13752 -1.26335 0
      vertex 1.13752 -1.26335 1.2
    endloop
  endfacet
  facet normal -0.933578 -0.358375 0
    outer loop
      vertex 1.6168 0.525329 0
      vertex 1.55303 0.691452 1.2
      vertex 1.55303 0.691452 0
    endloop
  endfacet
  facet normal -0.933578 -0.358375 0
    outer loop
      vertex 1.55303 0.691452 1.2
      vertex 1.6168 0.525329 0
      vertex 1.6168 0.525329 1.2
    endloop
  endfacet
  facet normal 0.777151 0.629314 0
    outer loop
      vertex -1.26335 -1.13752 1.2
      vertex -1.37533 -0.999234 0
      vertex -1.37533 -0.999234 1.2
    endloop
  endfacet
  facet normal 0.777151 0.629314 0
    outer loop
      vertex -1.37533 -0.999234 0
      vertex -1.26335 -1.13752 1.2
      vertex -1.26335 -1.13752 0
    endloop
  endfacet
  facet normal -0.777151 -0.629314 0
    outer loop
      vertex 1.37533 0.999234 0
      vertex 1.26335 1.13752 1.2
      vertex 1.26335 1.13752 0
    endloop
  endfacet
  facet normal -0.777151 -0.629314 0
    outer loop
      vertex 1.26335 1.13752 1.2
      vertex 1.37533 0.999234 0
      vertex 1.37533 0.999234 1.2
    endloop
  endfacet
  facet normal 0.358375 0.933578 -0
    outer loop
      vertex -0.525329 -1.6168 0
      vertex -0.691452 -1.55303 1.2
      vertex -0.525329 -1.6168 1.2
    endloop
  endfacet
  facet normal 0.358375 0.933578 0
    outer loop
      vertex -0.691452 -1.55303 1.2
      vertex -0.525329 -1.6168 0
      vertex -0.691452 -1.55303 0
    endloop
  endfacet
  facet normal 0.777151 -0.629314 0
    outer loop
      vertex -1.37533 0.999234 1.2
      vertex -1.26335 1.13752 0
      vertex -1.26335 1.13752 1.2
    endloop
  endfacet
  facet normal 0.777151 -0.629314 0
    outer loop
      vertex -1.26335 1.13752 0
      vertex -1.37533 0.999234 1.2
      vertex -1.37533 0.999234 0
    endloop
  endfacet
  facet normal 0.629314 -0.777151 0
    outer loop
      vertex -1.13752 1.26335 0
      vertex -0.999234 1.37533 1.2
      vertex -1.13752 1.26335 1.2
    endloop
  endfacet
  facet normal 0.629314 -0.777151 0
    outer loop
      vertex -0.999234 1.37533 1.2
      vertex -1.13752 1.26335 0
      vertex -0.999234 1.37533 0
    endloop
  endfacet
  facet normal 0.544622 0.838682 -0
    outer loop
      vertex -0.849999 -1.47224 0
      vertex -0.999234 -1.37533 1.2
      vertex -0.849999 -1.47224 1.2
    endloop
  endfacet
  facet normal 0.544622 0.838682 0
    outer loop
      vertex -0.999234 -1.37533 1.2
      vertex -0.849999 -1.47224 0
      vertex -0.999234 -1.37533 0
    endloop
  endfacet
  facet normal -0.707107 -0.707107 0
    outer loop
      vertex 1.26335 1.13752 0
      vertex 1.13752 1.26335 1.2
      vertex 1.13752 1.26335 0
    endloop
  endfacet
  facet normal -0.707107 -0.707107 0
    outer loop
      vertex 1.13752 1.26335 1.2
      vertex 1.26335 1.13752 0
      vertex 1.26335 1.13752 1.2
    endloop
  endfacet
  facet normal -0.965933 0.258794 0
    outer loop
      vertex 1.6168 -0.525329 0
      vertex 1.66285 -0.35345 1.2
      vertex 1.66285 -0.35345 0
    endloop
  endfacet
  facet normal -0.965933 0.258794 0
    outer loop
      vertex 1.66285 -0.35345 1.2
      vertex 1.6168 -0.525329 0
      vertex 1.6168 -0.525329 1.2
    endloop
  endfacet
  facet normal 0.156454 0.987685 -0
    outer loop
      vertex -0.177698 -1.69069 0
      vertex -0.35345 -1.66285 1.2
      vertex -0.177698 -1.69069 1.2
    endloop
  endfacet
  facet normal 0.156454 0.987685 0
    outer loop
      vertex -0.35345 -1.66285 1.2
      vertex -0.177698 -1.69069 0
      vertex -0.35345 -1.66285 0
    endloop
  endfacet
  facet normal 0.838682 -0.544622 0
    outer loop
      vertex -1.47224 0.849999 1.2
      vertex -1.37533 0.999234 0
      vertex -1.37533 0.999234 1.2
    endloop
  endfacet
  facet normal 0.838682 -0.544622 0
    outer loop
      vertex -1.37533 0.999234 0
      vertex -1.47224 0.849999 1.2
      vertex -1.47224 0.849999 0
    endloop
  endfacet
  facet normal 0.156454 -0.987685 0
    outer loop
      vertex -0.35345 1.66285 0
      vertex -0.177698 1.69069 1.2
      vertex -0.35345 1.66285 1.2
    endloop
  endfacet
  facet normal 0.156454 -0.987685 0
    outer loop
      vertex -0.177698 1.69069 1.2
      vertex -0.35345 1.66285 0
      vertex -0.177698 1.69069 0
    endloop
  endfacet
  facet normal 0.258794 -0.965933 0
    outer loop
      vertex -0.525329 1.6168 0
      vertex -0.35345 1.66285 1.2
      vertex -0.525329 1.6168 1.2
    endloop
  endfacet
  facet normal 0.258794 -0.965933 0
    outer loop
      vertex -0.35345 1.66285 1.2
      vertex -0.525329 1.6168 0
      vertex -0.35345 1.66285 0
    endloop
  endfacet
  facet normal 0.544622 -0.838682 0
    outer loop
      vertex -0.999234 1.37533 0
      vertex -0.849999 1.47224 1.2
      vertex -0.999234 1.37533 1.2
    endloop
  endfacet
  facet normal 0.544622 -0.838682 0
    outer loop
      vertex -0.849999 1.47224 1.2
      vertex -0.999234 1.37533 0
      vertex -0.849999 1.47224 0
    endloop
  endfacet
  facet normal -0.629314 -0.777151 0
    outer loop
      vertex 0.999234 1.37533 0
      vertex 1.13752 1.26335 1.2
      vertex 0.999234 1.37533 1.2
    endloop
  endfacet
  facet normal -0.629314 -0.777151 -0
    outer loop
      vertex 1.13752 1.26335 1.2
      vertex 0.999234 1.37533 0
      vertex 1.13752 1.26335 0
    endloop
  endfacet
  facet normal 0.965933 0.258794 0
    outer loop
      vertex -1.6168 -0.525329 1.2
      vertex -1.66285 -0.35345 0
      vertex -1.66285 -0.35345 1.2
    endloop
  endfacet
  facet normal 0.965933 0.258794 0
    outer loop
      vertex -1.66285 -0.35345 0
      vertex -1.6168 -0.525329 1.2
      vertex -1.6168 -0.525329 0
    endloop
  endfacet
  facet normal -0.965933 -0.258794 0
    outer loop
      vertex 1.66285 0.35345 0
      vertex 1.6168 0.525329 1.2
      vertex 1.6168 0.525329 0
    endloop
  endfacet
  facet normal -0.965933 -0.258794 0
    outer loop
      vertex 1.6168 0.525329 1.2
      vertex 1.66285 0.35345 0
      vertex 1.66285 0.35345 1.2
    endloop
  endfacet
  facet normal -0.933578 0.358375 0
    outer loop
      vertex 1.55303 -0.691452 0
      vertex 1.6168 -0.525329 1.2
      vertex 1.6168 -0.525329 0
    endloop
  endfacet
  facet normal -0.933578 0.358375 0
    outer loop
      vertex 1.6168 -0.525329 1.2
      vertex 1.55303 -0.691452 0
      vertex 1.55303 -0.691452 1.2
    endloop
  endfacet
  facet normal 0.99863 0.0523205 0
    outer loop
      vertex -1.69069 -0.177698 1.2
      vertex -1.7 0 0
      vertex -1.7 0 1.2
    endloop
  endfacet
  facet normal 0.99863 0.0523205 0
    outer loop
      vertex -1.7 0 0
      vertex -1.69069 -0.177698 1.2
      vertex -1.69069 -0.177698 0
    endloop
  endfacet
  facet normal 0.707107 -0.707107 0
    outer loop
      vertex -1.26335 1.13752 1.2
      vertex -1.13752 1.26335 0
      vertex -1.13752 1.26335 1.2
    endloop
  endfacet
  facet normal 0.707107 -0.707107 0
    outer loop
      vertex -1.13752 1.26335 0
      vertex -1.26335 1.13752 1.2
      vertex -1.26335 1.13752 0
    endloop
  endfacet
  facet normal -0.544622 0.838682 0
    outer loop
      vertex 0.999234 -1.37533 0
      vertex 0.849999 -1.47224 1.2
      vertex 0.999234 -1.37533 1.2
    endloop
  endfacet
  facet normal -0.544622 0.838682 0
    outer loop
      vertex 0.849999 -1.47224 1.2
      vertex 0.999234 -1.37533 0
      vertex 0.849999 -1.47224 0
    endloop
  endfacet
  facet normal 0.0523205 -0.99863 0
    outer loop
      vertex -0.177698 1.69069 0
      vertex 0 1.7 1.2
      vertex -0.177698 1.69069 1.2
    endloop
  endfacet
  facet normal 0.0523205 -0.99863 0
    outer loop
      vertex 0 1.7 1.2
      vertex -0.177698 1.69069 0
      vertex 0 1.7 0
    endloop
  endfacet
  facet normal 0.890992 0.454018 0
    outer loop
      vertex -1.47224 -0.849999 1.2
      vertex -1.55303 -0.691452 0
      vertex -1.55303 -0.691452 1.2
    endloop
  endfacet
  facet normal 0.890992 0.454018 0
    outer loop
      vertex -1.55303 -0.691452 0
      vertex -1.47224 -0.849999 1.2
      vertex -1.47224 -0.849999 0
    endloop
  endfacet
  facet normal -0.0523205 -0.99863 0
    outer loop
      vertex 0 1.7 0
      vertex 0.177698 1.69069 1.2
      vertex 0 1.7 1.2
    endloop
  endfacet
  facet normal -0.0523205 -0.99863 -0
    outer loop
      vertex 0.177698 1.69069 1.2
      vertex 0 1.7 0
      vertex 0.177698 1.69069 0
    endloop
  endfacet
  facet normal -0.890992 0.454018 0
    outer loop
      vertex 1.47224 -0.849999 0
      vertex 1.55303 -0.691452 1.2
      vertex 1.55303 -0.691452 0
    endloop
  endfacet
  facet normal -0.890992 0.454018 0
    outer loop
      vertex 1.55303 -0.691452 1.2
      vertex 1.47224 -0.849999 0
      vertex 1.47224 -0.849999 1.2
    endloop
  endfacet
  facet normal -0.629314 0.777151 0
    outer loop
      vertex 1.13752 -1.26335 0
      vertex 0.999234 -1.37533 1.2
      vertex 1.13752 -1.26335 1.2
    endloop
  endfacet
  facet normal -0.629314 0.777151 0
    outer loop
      vertex 0.999234 -1.37533 1.2
      vertex 1.13752 -1.26335 0
      vertex 0.999234 -1.37533 0
    endloop
  endfacet
  facet normal -0.838682 0.544622 0
    outer loop
      vertex 1.37533 -0.999234 0
      vertex 1.47224 -0.849999 1.2
      vertex 1.47224 -0.849999 0
    endloop
  endfacet
  facet normal -0.838682 0.544622 0
    outer loop
      vertex 1.47224 -0.849999 1.2
      vertex 1.37533 -0.999234 0
      vertex 1.37533 -0.999234 1.2
    endloop
  endfacet
  facet normal 0.838682 0.544622 0
    outer loop
      vertex -1.37533 -0.999234 1.2
      vertex -1.47224 -0.849999 0
      vertex -1.47224 -0.849999 1.2
    endloop
  endfacet
  facet normal 0.838682 0.544622 0
    outer loop
      vertex -1.47224 -0.849999 0
      vertex -1.37533 -0.999234 1.2
      vertex -1.37533 -0.999234 0
    endloop
  endfacet
  facet normal 0.933578 -0.358375 0
    outer loop
      vertex -1.6168 0.525329 1.2
      vertex -1.55303 0.691452 0
      vertex -1.55303 0.691452 1.2
    endloop
  endfacet
  facet normal 0.933578 -0.358375 0
    outer loop
      vertex -1.55303 0.691452 0
      vertex -1.6168 0.525329 1.2
      vertex -1.6168 0.525329 0
    endloop
  endfacet
  facet normal 0.965933 -0.258794 0
    outer loop
      vertex -1.66285 0.35345 1.2
      vertex -1.6168 0.525329 0
      vertex -1.6168 0.525329 1.2
    endloop
  endfacet
  facet normal 0.965933 -0.258794 0
    outer loop
      vertex -1.6168 0.525329 0
      vertex -1.66285 0.35345 1.2
      vertex -1.66285 0.35345 0
    endloop
  endfacet
  facet normal 0.99863 -0.0523205 0
    outer loop
      vertex -1.7 0 1.2
      vertex -1.69069 0.177698 0
      vertex -1.69069 0.177698 1.2
    endloop
  endfacet
  facet normal 0.99863 -0.0523205 0
    outer loop
      vertex -1.69069 0.177698 0
      vertex -1.7 0 1.2
      vertex -1.7 0 0
    endloop
  endfacet
  facet normal 0.454018 0.890992 -0
    outer loop
      vertex -0.691452 -1.55303 0
      vertex -0.849999 -1.47224 1.2
      vertex -0.691452 -1.55303 1.2
    endloop
  endfacet
  facet normal 0.454018 0.890992 0
    outer loop
      vertex -0.849999 -1.47224 1.2
      vertex -0.691452 -1.55303 0
      vertex -0.849999 -1.47224 0
    endloop
  endfacet
  facet normal 0.707107 0.707107 0
    outer loop
      vertex -1.13752 -1.26335 1.2
      vertex -1.26335 -1.13752 0
      vertex -1.26335 -1.13752 1.2
    endloop
  endfacet
  facet normal 0.707107 0.707107 0
    outer loop
      vertex -1.26335 -1.13752 0
      vertex -1.13752 -1.26335 1.2
      vertex -1.13752 -1.26335 0
    endloop
  endfacet
  facet normal -0.156454 -0.987685 0
    outer loop
      vertex 0.177698 1.69069 0
      vertex 0.35345 1.66285 1.2
      vertex 0.177698 1.69069 1.2
    endloop
  endfacet
  facet normal -0.156454 -0.987685 -0
    outer loop
      vertex 0.35345 1.66285 1.2
      vertex 0.177698 1.69069 0
      vertex 0.35345 1.66285 0
    endloop
  endfacet
  facet normal -0.80434 -0.0421412 0.592673
    outer loop
      vertex 1.7 0 1.2
      vertex 3.02583 0.00935251 3
      vertex 1.69069 0.177698 1.2
    endloop
  endfacet
  facet normal -0.80434 -0.0421413 0.592673
    outer loop
      vertex 3.02583 0.00935251 3
      vertex 1.7 0 1.2
      vertex 3.02632 0 3
    endloop
  endfacet
  facet normal -0.506887 0.625945 0.592671
    outer loop
      vertex 1.7861 -2.44245 3
      vertex 2.025 -2.24899 3
      vertex 1.13752 -1.26335 1.2
    endloop
  endfacet
  facet normal -0.80434 0.0421582 0.592672
    outer loop
      vertex 3.00974 -0.316335 3
      vertex 3.02583 -0.00935251 3
      vertex 1.69069 -0.177698 1.2
    endloop
  endfacet
  facet normal 0.778006 0.208444 0.59267
    outer loop
      vertex -2.88062 -0.926137 3
      vertex -1.6168 -0.525329 1.2
      vertex -1.66285 -0.35345 1.2
    endloop
  endfacet
  facet normal 0.778088 0.208155 0.592663
    outer loop
      vertex -1.6168 -0.525329 1.2
      vertex -2.88062 -0.926137 3
      vertex -2.8782 -0.935183 3
    endloop
  endfacet
  facet normal -0.80434 -0.0421582 0.592672
    outer loop
      vertex 3.02583 0.00935251 3
      vertex 3.00974 0.316335 3
      vertex 1.69069 0.177698 1.2
    endloop
  endfacet
  facet normal -0.438687 0.675494 0.592674
    outer loop
      vertex 1.51316 -2.62087 3
      vertex 1.77097 -2.45344 3
      vertex 0.849999 -1.47224 1.2
    endloop
  endfacet
  facet normal 0.795524 0.126015 0.592673
    outer loop
      vertex -2.96165 -0.619956 3
      vertex -1.66285 -0.35345 1.2
      vertex -1.69069 -0.177698 1.2
    endloop
  endfacet
  facet normal 0.795455 0.126413 0.592681
    outer loop
      vertex -1.66285 -0.35345 1.2
      vertex -2.96165 -0.619956 3
      vertex -2.96018 -0.629206 3
    endloop
  endfacet
  facet normal -0.126002 -0.795527 0.592672
    outer loop
      vertex 0.619956 2.96165 3
      vertex 0.316335 3.00974 3
      vertex 0.177698 1.69069 1.2
    endloop
  endfacet
  facet normal 0.751854 -0.288943 0.592644
    outer loop
      vertex -2.8782 0.935183 3
      vertex -1.55303 0.691452 1.2
      vertex -2.87484 0.943926 3
    endloop
  endfacet
  facet normal 0.751945 -0.288651 0.592671
    outer loop
      vertex -1.55303 0.691452 1.2
      vertex -2.8782 0.935183 3
      vertex -1.6168 0.525329 1.2
    endloop
  endfacet
  facet normal -0.75195 -0.288639 0.592671
    outer loop
      vertex 2.87484 0.943926 3
      vertex 2.76468 1.23091 3
      vertex 1.55303 0.691452 1.2
    endloop
  endfacet
  facet normal -0.208458 -0.778001 0.592671
    outer loop
      vertex 0.926137 2.88062 3
      vertex 0.629206 2.96018 3
      vertex 0.35345 1.66285 1.2
    endloop
  endfacet
  facet normal -0.365686 -0.717643 0.592673
    outer loop
      vertex 0.849999 1.47224 1.2
      vertex 1.50481 2.62512 3
      vertex 0.691452 1.55303 1.2
    endloop
  endfacet
  facet normal -0.365356 -0.717818 0.592665
    outer loop
      vertex 1.50481 2.62512 3
      vertex 0.849999 1.47224 1.2
      vertex 1.51316 2.62087 3
    endloop
  endfacet
  facet normal -0.438687 -0.675494 0.592674
    outer loop
      vertex 1.77097 2.45344 3
      vertex 1.51316 2.62087 3
      vertex 0.849999 1.47224 1.2
    endloop
  endfacet
  facet normal -0.778001 0.208458 0.592671
    outer loop
      vertex 2.88062 -0.926137 3
      vertex 2.96018 -0.629206 3
      vertex 1.66285 -0.35345 1.2
    endloop
  endfacet
  facet normal 0.778001 -0.208458 0.592671
    outer loop
      vertex -1.66285 0.35345 1.2
      vertex -2.88062 0.926137 3
      vertex -2.96018 0.629206 3
    endloop
  endfacet
  facet normal -0.795527 -0.126002 0.592672
    outer loop
      vertex 3.00974 0.316335 3
      vertex 2.96165 0.619956 3
      vertex 1.69069 0.177698 1.2
    endloop
  endfacet
  facet normal 0.675494 0.438687 0.592674
    outer loop
      vertex -2.45344 -1.77097 3
      vertex -1.47224 -0.849999 1.2
      vertex -2.62087 -1.51316 3
    endloop
  endfacet
  facet normal 0.569535 0.569535 0.592671
    outer loop
      vertex -1.26335 -1.13752 1.2
      vertex -2.025 -2.24899 3
      vertex -1.13752 -1.26335 1.2
    endloop
  endfacet
  facet normal 0.569535 0.569535 0.592671
    outer loop
      vertex -2.025 -2.24899 3
      vertex -1.26335 -1.13752 1.2
      vertex -2.24899 -2.025 3
    endloop
  endfacet
  facet normal -0.506597 0.62615 0.592701
    outer loop
      vertex 1.13752 -1.26335 1.2
      vertex 1.77882 -2.44834 3
      vertex 1.7861 -2.44245 3
    endloop
  endfacet
  facet normal -0.506878 0.625952 0.592671
    outer loop
      vertex 1.77882 -2.44834 3
      vertex 1.13752 -1.26335 1.2
      vertex 0.999234 -1.37533 1.2
    endloop
  endfacet
  facet normal 0.675512 0.438663 0.592671
    outer loop
      vertex -2.45344 -1.77097 3
      vertex -1.37533 -0.999234 1.2
      vertex -1.47224 -0.849999 1.2
    endloop
  endfacet
  facet normal 0.675416 0.438805 0.592675
    outer loop
      vertex -1.37533 -0.999234 1.2
      vertex -2.45344 -1.77097 3
      vertex -2.44834 -1.77882 3
    endloop
  endfacet
  facet normal -0.625945 -0.506887 0.592671
    outer loop
      vertex 2.44245 1.7861 3
      vertex 2.24899 2.025 3
      vertex 1.26335 1.13752 1.2
    endloop
  endfacet
  facet normal -0.0421412 0.80434 0.592673
    outer loop
      vertex 0 -1.7 1.2
      vertex 0.00935251 -3.02583 3
      vertex 0.177698 -1.69069 1.2
    endloop
  endfacet
  facet normal -0.0421413 0.80434 0.592673
    outer loop
      vertex 0.00935251 -3.02583 3
      vertex 0 -1.7 1.2
      vertex 0 -3.02632 3
    endloop
  endfacet
  facet normal -0.717655 0.365666 0.592671
    outer loop
      vertex 2.62512 -1.50481 3
      vertex 2.76468 -1.23091 3
      vertex 1.55303 -0.691452 1.2
    endloop
  endfacet
  facet normal -0.717655 -0.365666 0.592671
    outer loop
      vertex 2.76468 1.23091 3
      vertex 2.62512 1.50481 3
      vertex 1.55303 0.691452 1.2
    endloop
  endfacet
  facet normal -0.0421582 -0.80434 0.592672
    outer loop
      vertex 0.177698 1.69069 1.2
      vertex 0.316335 3.00974 3
      vertex 0.00935251 3.02583 3
    endloop
  endfacet
  facet normal 0.0421413 0.80434 0.592673
    outer loop
      vertex 0 -1.7 1.2
      vertex -0.00935251 -3.02583 3
      vertex 0 -3.02632 3
    endloop
  endfacet
  facet normal 0.0421412 0.80434 0.592673
    outer loop
      vertex -0.00935251 -3.02583 3
      vertex 0 -1.7 1.2
      vertex -0.177698 -1.69069 1.2
    endloop
  endfacet
  facet normal -0.0421413 -0.80434 0.592673
    outer loop
      vertex 0 1.7 1.2
      vertex 0.00935251 3.02583 3
      vertex 0 3.02632 3
    endloop
  endfacet
  facet normal -0.0421412 -0.80434 0.592673
    outer loop
      vertex 0.00935251 3.02583 3
      vertex 0 1.7 1.2
      vertex 0.177698 1.69069 1.2
    endloop
  endfacet
  facet normal -0.365666 0.717655 0.592671
    outer loop
      vertex 1.23091 -2.76468 3
      vertex 1.50481 -2.62512 3
      vertex 0.691452 -1.55303 1.2
    endloop
  endfacet
  facet normal -0.75195 0.288639 0.592671
    outer loop
      vertex 2.76468 -1.23091 3
      vertex 2.87484 -0.943926 3
      vertex 1.55303 -0.691452 1.2
    endloop
  endfacet
  facet normal 0.625952 0.506878 0.592671
    outer loop
      vertex -2.44834 -1.77882 3
      vertex -1.26335 -1.13752 1.2
      vertex -1.37533 -0.999234 1.2
    endloop
  endfacet
  facet normal 0.62615 0.506597 0.592701
    outer loop
      vertex -1.26335 -1.13752 1.2
      vertex -2.44834 -1.77882 3
      vertex -2.44245 -1.7861 3
    endloop
  endfacet
  facet normal 0.625945 0.506887 0.592671
    outer loop
      vertex -2.24899 -2.025 3
      vertex -1.26335 -1.13752 1.2
      vertex -2.44245 -1.7861 3
    endloop
  endfacet
  facet normal -0.208444 -0.778006 0.59267
    outer loop
      vertex 0.525329 1.6168 1.2
      vertex 0.926137 2.88062 3
      vertex 0.35345 1.66285 1.2
    endloop
  endfacet
  facet normal -0.208155 -0.778088 0.592663
    outer loop
      vertex 0.926137 2.88062 3
      vertex 0.525329 1.6168 1.2
      vertex 0.935183 2.8782 3
    endloop
  endfacet
  facet normal -0.365356 0.717818 0.592665
    outer loop
      vertex 0.849999 -1.47224 1.2
      vertex 1.50481 -2.62512 3
      vertex 1.51316 -2.62087 3
    endloop
  endfacet
  facet normal -0.365686 0.717643 0.592673
    outer loop
      vertex 1.50481 -2.62512 3
      vertex 0.849999 -1.47224 1.2
      vertex 0.691452 -1.55303 1.2
    endloop
  endfacet
  facet normal -0.778088 -0.208155 0.592663
    outer loop
      vertex 1.6168 0.525329 1.2
      vertex 2.88062 0.926137 3
      vertex 2.8782 0.935183 3
    endloop
  endfacet
  facet normal -0.778006 -0.208444 0.59267
    outer loop
      vertex 2.88062 0.926137 3
      vertex 1.6168 0.525329 1.2
      vertex 1.66285 0.35345 1.2
    endloop
  endfacet
  facet normal 0.365686 0.717643 0.592673
    outer loop
      vertex -0.849999 -1.47224 1.2
      vertex -1.50481 -2.62512 3
      vertex -0.691452 -1.55303 1.2
    endloop
  endfacet
  facet normal 0.365356 0.717818 0.592665
    outer loop
      vertex -1.50481 -2.62512 3
      vertex -0.849999 -1.47224 1.2
      vertex -1.51316 -2.62087 3
    endloop
  endfacet
  facet normal -0.795524 0.126015 0.592673
    outer loop
      vertex 1.66285 -0.35345 1.2
      vertex 2.96165 -0.619956 3
      vertex 1.69069 -0.177698 1.2
    endloop
  endfacet
  facet normal -0.795455 0.126413 0.592681
    outer loop
      vertex 2.96165 -0.619956 3
      vertex 1.66285 -0.35345 1.2
      vertex 2.96018 -0.629206 3
    endloop
  endfacet
  facet normal 0.288651 0.751945 0.592671
    outer loop
      vertex -0.691452 -1.55303 1.2
      vertex -0.935183 -2.8782 3
      vertex -0.525329 -1.6168 1.2
    endloop
  endfacet
  facet normal 0.288943 0.751854 0.592644
    outer loop
      vertex -0.935183 -2.8782 3
      vertex -0.691452 -1.55303 1.2
      vertex -0.943926 -2.87484 3
    endloop
  endfacet
  facet normal -0.0421582 0.80434 0.592672
    outer loop
      vertex 0.316335 -3.00974 3
      vertex 0.177698 -1.69069 1.2
      vertex 0.00935251 -3.02583 3
    endloop
  endfacet
  facet normal 0.80434 -0.0421413 0.592673
    outer loop
      vertex -1.7 0 1.2
      vertex -3.02583 0.00935251 3
      vertex -3.02632 0 3
    endloop
  endfacet
  facet normal 0.80434 -0.0421412 0.592673
    outer loop
      vertex -3.02583 0.00935251 3
      vertex -1.7 0 1.2
      vertex -1.69069 0.177698 1.2
    endloop
  endfacet
  facet normal 0.75195 -0.288639 0.592671
    outer loop
      vertex -1.55303 0.691452 1.2
      vertex -2.76468 1.23091 3
      vertex -2.87484 0.943926 3
    endloop
  endfacet
  facet normal 0.126002 0.795527 0.592672
    outer loop
      vertex -0.316335 -3.00974 3
      vertex -0.177698 -1.69069 1.2
      vertex -0.619956 -2.96165 3
    endloop
  endfacet
  facet normal 0.778088 -0.208155 0.592663
    outer loop
      vertex -2.88062 0.926137 3
      vertex -1.6168 0.525329 1.2
      vertex -2.8782 0.935183 3
    endloop
  endfacet
  facet normal 0.778006 -0.208444 0.59267
    outer loop
      vertex -1.6168 0.525329 1.2
      vertex -2.88062 0.926137 3
      vertex -1.66285 0.35345 1.2
    endloop
  endfacet
  facet normal 0.288639 0.75195 0.592671
    outer loop
      vertex -0.943926 -2.87484 3
      vertex -0.691452 -1.55303 1.2
      vertex -1.23091 -2.76468 3
    endloop
  endfacet
  facet normal -0.506887 -0.625945 0.592671
    outer loop
      vertex 2.025 2.24899 3
      vertex 1.7861 2.44245 3
      vertex 1.13752 1.26335 1.2
    endloop
  endfacet
  facet normal 0.717655 -0.365666 0.592671
    outer loop
      vertex -1.55303 0.691452 1.2
      vertex -2.62512 1.50481 3
      vertex -2.76468 1.23091 3
    endloop
  endfacet
  facet normal -0.208155 0.778088 0.592663
    outer loop
      vertex 0.525329 -1.6168 1.2
      vertex 0.926137 -2.88062 3
      vertex 0.935183 -2.8782 3
    endloop
  endfacet
  facet normal -0.208444 0.778006 0.59267
    outer loop
      vertex 0.926137 -2.88062 3
      vertex 0.525329 -1.6168 1.2
      vertex 0.35345 -1.66285 1.2
    endloop
  endfacet
  facet normal 0.80434 -0.0421582 0.592672
    outer loop
      vertex -1.69069 0.177698 1.2
      vertex -3.00974 0.316335 3
      vertex -3.02583 0.00935251 3
    endloop
  endfacet
  facet normal 0.506887 -0.625945 0.592671
    outer loop
      vertex -1.13752 1.26335 1.2
      vertex -1.7861 2.44245 3
      vertex -2.025 2.24899 3
    endloop
  endfacet
  facet normal -0.126413 0.795455 0.592681
    outer loop
      vertex 0.35345 -1.66285 1.2
      vertex 0.619956 -2.96165 3
      vertex 0.629206 -2.96018 3
    endloop
  endfacet
  facet normal -0.126015 0.795524 0.592673
    outer loop
      vertex 0.619956 -2.96165 3
      vertex 0.35345 -1.66285 1.2
      vertex 0.177698 -1.69069 1.2
    endloop
  endfacet
  facet normal -0.438805 0.675416 0.592675
    outer loop
      vertex 0.999234 -1.37533 1.2
      vertex 1.77097 -2.45344 3
      vertex 1.77882 -2.44834 3
    endloop
  endfacet
  facet normal -0.438663 0.675512 0.592671
    outer loop
      vertex 1.77097 -2.45344 3
      vertex 0.999234 -1.37533 1.2
      vertex 0.849999 -1.47224 1.2
    endloop
  endfacet
  facet normal 0.569535 -0.569535 0.592671
    outer loop
      vertex -2.025 2.24899 3
      vertex -1.26335 1.13752 1.2
      vertex -1.13752 1.26335 1.2
    endloop
  endfacet
  facet normal 0.569535 -0.569535 0.592671
    outer loop
      vertex -1.26335 1.13752 1.2
      vertex -2.025 2.24899 3
      vertex -2.24899 2.025 3
    endloop
  endfacet
  facet normal 0.751945 0.288651 0.592671
    outer loop
      vertex -2.8782 -0.935183 3
      vertex -1.55303 -0.691452 1.2
      vertex -1.6168 -0.525329 1.2
    endloop
  endfacet
  facet normal 0.751854 0.288943 0.592644
    outer loop
      vertex -1.55303 -0.691452 1.2
      vertex -2.8782 -0.935183 3
      vertex -2.87484 -0.943926 3
    endloop
  endfacet
  facet normal -0.208458 0.778001 0.592671
    outer loop
      vertex 0.629206 -2.96018 3
      vertex 0.926137 -2.88062 3
      vertex 0.35345 -1.66285 1.2
    endloop
  endfacet
  facet normal 0.0421412 -0.80434 0.592673
    outer loop
      vertex 0 1.7 1.2
      vertex -0.00935251 3.02583 3
      vertex -0.177698 1.69069 1.2
    endloop
  endfacet
  facet normal 0.0421413 -0.80434 0.592673
    outer loop
      vertex -0.00935251 3.02583 3
      vertex 0 1.7 1.2
      vertex 0 3.02632 3
    endloop
  endfacet
  facet normal 0.0421582 -0.80434 0.592672
    outer loop
      vertex -0.177698 1.69069 1.2
      vertex -0.00935251 3.02583 3
      vertex -0.316335 3.00974 3
    endloop
  endfacet
  facet normal 0.675494 -0.438687 0.592674
    outer loop
      vertex -1.47224 0.849999 1.2
      vertex -2.45344 1.77097 3
      vertex -2.62087 1.51316 3
    endloop
  endfacet
  facet normal -0.625945 0.506887 0.592671
    outer loop
      vertex 2.24899 -2.025 3
      vertex 2.44245 -1.7861 3
      vertex 1.26335 -1.13752 1.2
    endloop
  endfacet
  facet normal 0.778001 0.208458 0.592671
    outer loop
      vertex -2.88062 -0.926137 3
      vertex -1.66285 -0.35345 1.2
      vertex -2.96018 -0.629206 3
    endloop
  endfacet
  facet normal -0.795455 -0.126413 0.592681
    outer loop
      vertex 1.66285 0.35345 1.2
      vertex 2.96165 0.619956 3
      vertex 2.96018 0.629206 3
    endloop
  endfacet
  facet normal -0.795524 -0.126015 0.592673
    outer loop
      vertex 2.96165 0.619956 3
      vertex 1.66285 0.35345 1.2
      vertex 1.69069 0.177698 1.2
    endloop
  endfacet
  facet normal -0.365666 -0.717655 0.592671
    outer loop
      vertex 1.50481 2.62512 3
      vertex 1.23091 2.76468 3
      vertex 0.691452 1.55303 1.2
    endloop
  endfacet
  facet normal -0.795527 0.126002 0.592672
    outer loop
      vertex 2.96165 -0.619956 3
      vertex 3.00974 -0.316335 3
      vertex 1.69069 -0.177698 1.2
    endloop
  endfacet
  facet normal -0.778001 -0.208458 0.592671
    outer loop
      vertex 2.96018 0.629206 3
      vertex 2.88062 0.926137 3
      vertex 1.66285 0.35345 1.2
    endloop
  endfacet
  facet normal -0.625952 0.506878 0.592671
    outer loop
      vertex 1.26335 -1.13752 1.2
      vertex 2.44834 -1.77882 3
      vertex 1.37533 -0.999234 1.2
    endloop
  endfacet
  facet normal -0.62615 0.506597 0.592701
    outer loop
      vertex 2.44834 -1.77882 3
      vertex 1.26335 -1.13752 1.2
      vertex 2.44245 -1.7861 3
    endloop
  endfacet
  facet normal 0.208458 -0.778001 0.592671
    outer loop
      vertex -0.35345 1.66285 1.2
      vertex -0.629206 2.96018 3
      vertex -0.926137 2.88062 3
    endloop
  endfacet
  facet normal -0.569535 -0.569535 0.592671
    outer loop
      vertex 2.025 2.24899 3
      vertex 1.26335 1.13752 1.2
      vertex 2.24899 2.025 3
    endloop
  endfacet
  facet normal -0.569535 -0.569535 0.592671
    outer loop
      vertex 1.26335 1.13752 1.2
      vertex 2.025 2.24899 3
      vertex 1.13752 1.26335 1.2
    endloop
  endfacet
  facet normal -0.438663 -0.675512 0.592671
    outer loop
      vertex 0.999234 1.37533 1.2
      vertex 1.77097 2.45344 3
      vertex 0.849999 1.47224 1.2
    endloop
  endfacet
  facet normal -0.438805 -0.675416 0.592675
    outer loop
      vertex 1.77097 2.45344 3
      vertex 0.999234 1.37533 1.2
      vertex 1.77882 2.44834 3
    endloop
  endfacet
  facet normal -0.288639 -0.75195 0.592671
    outer loop
      vertex 1.23091 2.76468 3
      vertex 0.943926 2.87484 3
      vertex 0.691452 1.55303 1.2
    endloop
  endfacet
  facet normal -0.717818 -0.365356 0.592665
    outer loop
      vertex 1.47224 0.849999 1.2
      vertex 2.62512 1.50481 3
      vertex 2.62087 1.51316 3
    endloop
  endfacet
  facet normal -0.717643 -0.365686 0.592673
    outer loop
      vertex 2.62512 1.50481 3
      vertex 1.47224 0.849999 1.2
      vertex 1.55303 0.691452 1.2
    endloop
  endfacet
  facet normal -0.675494 -0.438687 0.592674
    outer loop
      vertex 2.62087 1.51316 3
      vertex 2.45344 1.77097 3
      vertex 1.47224 0.849999 1.2
    endloop
  endfacet
  facet normal 0.365666 0.717655 0.592671
    outer loop
      vertex -1.23091 -2.76468 3
      vertex -0.691452 -1.55303 1.2
      vertex -1.50481 -2.62512 3
    endloop
  endfacet
  facet normal 0.438687 -0.675494 0.592674
    outer loop
      vertex -0.849999 1.47224 1.2
      vertex -1.51316 2.62087 3
      vertex -1.77097 2.45344 3
    endloop
  endfacet
  facet normal -0.778006 0.208444 0.59267
    outer loop
      vertex 1.6168 -0.525329 1.2
      vertex 2.88062 -0.926137 3
      vertex 1.66285 -0.35345 1.2
    endloop
  endfacet
  facet normal -0.778088 0.208155 0.592663
    outer loop
      vertex 2.88062 -0.926137 3
      vertex 1.6168 -0.525329 1.2
      vertex 2.8782 -0.935183 3
    endloop
  endfacet
  facet normal -0.80434 0.0421413 0.592673
    outer loop
      vertex 1.7 0 1.2
      vertex 3.02583 -0.00935251 3
      vertex 3.02632 0 3
    endloop
  endfacet
  facet normal -0.80434 0.0421412 0.592673
    outer loop
      vertex 3.02583 -0.00935251 3
      vertex 1.7 0 1.2
      vertex 1.69069 -0.177698 1.2
    endloop
  endfacet
  facet normal 0.438805 -0.675416 0.592675
    outer loop
      vertex -0.999234 1.37533 1.2
      vertex -1.77097 2.45344 3
      vertex -1.77882 2.44834 3
    endloop
  endfacet
  facet normal 0.438663 -0.675512 0.592671
    outer loop
      vertex -1.77097 2.45344 3
      vertex -0.999234 1.37533 1.2
      vertex -0.849999 1.47224 1.2
    endloop
  endfacet
  facet normal 0.506887 0.625945 0.592671
    outer loop
      vertex -1.7861 -2.44245 3
      vertex -1.13752 -1.26335 1.2
      vertex -2.025 -2.24899 3
    endloop
  endfacet
  facet normal 0.438663 0.675512 0.592671
    outer loop
      vertex -0.999234 -1.37533 1.2
      vertex -1.77097 -2.45344 3
      vertex -0.849999 -1.47224 1.2
    endloop
  endfacet
  facet normal 0.438805 0.675416 0.592675
    outer loop
      vertex -1.77097 -2.45344 3
      vertex -0.999234 -1.37533 1.2
      vertex -1.77882 -2.44834 3
    endloop
  endfacet
  facet normal 0.208155 -0.778088 0.592663
    outer loop
      vertex -0.525329 1.6168 1.2
      vertex -0.926137 2.88062 3
      vertex -0.935183 2.8782 3
    endloop
  endfacet
  facet normal 0.208444 -0.778006 0.59267
    outer loop
      vertex -0.926137 2.88062 3
      vertex -0.525329 1.6168 1.2
      vertex -0.35345 1.66285 1.2
    endloop
  endfacet
  facet normal -0.288943 0.751854 0.592644
    outer loop
      vertex 0.691452 -1.55303 1.2
      vertex 0.935183 -2.8782 3
      vertex 0.943926 -2.87484 3
    endloop
  endfacet
  facet normal -0.288651 0.751945 0.592671
    outer loop
      vertex 0.935183 -2.8782 3
      vertex 0.691452 -1.55303 1.2
      vertex 0.525329 -1.6168 1.2
    endloop
  endfacet
  facet normal -0.126002 0.795527 0.592672
    outer loop
      vertex 0.316335 -3.00974 3
      vertex 0.619956 -2.96165 3
      vertex 0.177698 -1.69069 1.2
    endloop
  endfacet
  facet normal -0.751945 0.288651 0.592671
    outer loop
      vertex 1.55303 -0.691452 1.2
      vertex 2.8782 -0.935183 3
      vertex 1.6168 -0.525329 1.2
    endloop
  endfacet
  facet normal -0.751854 0.288943 0.592644
    outer loop
      vertex 2.8782 -0.935183 3
      vertex 1.55303 -0.691452 1.2
      vertex 2.87484 -0.943926 3
    endloop
  endfacet
  facet normal -0.506878 -0.625952 0.592671
    outer loop
      vertex 1.13752 1.26335 1.2
      vertex 1.77882 2.44834 3
      vertex 0.999234 1.37533 1.2
    endloop
  endfacet
  facet normal -0.506597 -0.62615 0.592701
    outer loop
      vertex 1.77882 2.44834 3
      vertex 1.13752 1.26335 1.2
      vertex 1.7861 2.44245 3
    endloop
  endfacet
  facet normal -0.288639 0.75195 0.592671
    outer loop
      vertex 0.943926 -2.87484 3
      vertex 1.23091 -2.76468 3
      vertex 0.691452 -1.55303 1.2
    endloop
  endfacet
  facet normal 0.75195 0.288639 0.592671
    outer loop
      vertex -2.76468 -1.23091 3
      vertex -1.55303 -0.691452 1.2
      vertex -2.87484 -0.943926 3
    endloop
  endfacet
  facet normal -0.288651 -0.751945 0.592671
    outer loop
      vertex 0.691452 1.55303 1.2
      vertex 0.935183 2.8782 3
      vertex 0.525329 1.6168 1.2
    endloop
  endfacet
  facet normal -0.288943 -0.751854 0.592644
    outer loop
      vertex 0.935183 2.8782 3
      vertex 0.691452 1.55303 1.2
      vertex 0.943926 2.87484 3
    endloop
  endfacet
  facet normal 0.506597 -0.62615 0.592701
    outer loop
      vertex -1.13752 1.26335 1.2
      vertex -1.77882 2.44834 3
      vertex -1.7861 2.44245 3
    endloop
  endfacet
  facet normal 0.506878 -0.625952 0.592671
    outer loop
      vertex -1.77882 2.44834 3
      vertex -1.13752 1.26335 1.2
      vertex -0.999234 1.37533 1.2
    endloop
  endfacet
  facet normal 0.0421582 0.80434 0.592672
    outer loop
      vertex -0.00935251 -3.02583 3
      vertex -0.177698 -1.69069 1.2
      vertex -0.316335 -3.00974 3
    endloop
  endfacet
  facet normal 0.288639 -0.75195 0.592671
    outer loop
      vertex -0.691452 1.55303 1.2
      vertex -0.943926 2.87484 3
      vertex -1.23091 2.76468 3
    endloop
  endfacet
  facet normal 0.795455 -0.126413 0.592681
    outer loop
      vertex -2.96165 0.619956 3
      vertex -1.66285 0.35345 1.2
      vertex -2.96018 0.629206 3
    endloop
  endfacet
  facet normal 0.795524 -0.126015 0.592673
    outer loop
      vertex -1.66285 0.35345 1.2
      vertex -2.96165 0.619956 3
      vertex -1.69069 0.177698 1.2
    endloop
  endfacet
  facet normal 0.795527 -0.126002 0.592672
    outer loop
      vertex -1.69069 0.177698 1.2
      vertex -2.96165 0.619956 3
      vertex -3.00974 0.316335 3
    endloop
  endfacet
  facet normal 0.795527 0.126002 0.592672
    outer loop
      vertex -2.96165 -0.619956 3
      vertex -1.69069 -0.177698 1.2
      vertex -3.00974 -0.316335 3
    endloop
  endfacet
  facet normal 0.625945 -0.506887 0.592671
    outer loop
      vertex -1.26335 1.13752 1.2
      vertex -2.24899 2.025 3
      vertex -2.44245 1.7861 3
    endloop
  endfacet
  facet normal -0.126015 -0.795524 0.592673
    outer loop
      vertex 0.35345 1.66285 1.2
      vertex 0.619956 2.96165 3
      vertex 0.177698 1.69069 1.2
    endloop
  endfacet
  facet normal -0.126413 -0.795455 0.592681
    outer loop
      vertex 0.619956 2.96165 3
      vertex 0.35345 1.66285 1.2
      vertex 0.629206 2.96018 3
    endloop
  endfacet
  facet normal 0.506878 0.625952 0.592671
    outer loop
      vertex -1.13752 -1.26335 1.2
      vertex -1.77882 -2.44834 3
      vertex -0.999234 -1.37533 1.2
    endloop
  endfacet
  facet normal 0.506597 0.62615 0.592701
    outer loop
      vertex -1.77882 -2.44834 3
      vertex -1.13752 -1.26335 1.2
      vertex -1.7861 -2.44245 3
    endloop
  endfacet
  facet normal 0.126413 -0.795455 0.592681
    outer loop
      vertex -0.35345 1.66285 1.2
      vertex -0.619956 2.96165 3
      vertex -0.629206 2.96018 3
    endloop
  endfacet
  facet normal 0.126015 -0.795524 0.592673
    outer loop
      vertex -0.619956 2.96165 3
      vertex -0.35345 1.66285 1.2
      vertex -0.177698 1.69069 1.2
    endloop
  endfacet
  facet normal 0.126002 -0.795527 0.592672
    outer loop
      vertex -0.177698 1.69069 1.2
      vertex -0.316335 3.00974 3
      vertex -0.619956 2.96165 3
    endloop
  endfacet
  facet normal 0.675416 -0.438805 0.592675
    outer loop
      vertex -2.45344 1.77097 3
      vertex -1.37533 0.999234 1.2
      vertex -2.44834 1.77882 3
    endloop
  endfacet
  facet normal 0.675512 -0.438663 0.592671
    outer loop
      vertex -1.37533 0.999234 1.2
      vertex -2.45344 1.77097 3
      vertex -1.47224 0.849999 1.2
    endloop
  endfacet
  facet normal 0.438687 0.675494 0.592674
    outer loop
      vertex -1.51316 -2.62087 3
      vertex -0.849999 -1.47224 1.2
      vertex -1.77097 -2.45344 3
    endloop
  endfacet
  facet normal 0.288943 -0.751854 0.592644
    outer loop
      vertex -0.691452 1.55303 1.2
      vertex -0.935183 2.8782 3
      vertex -0.943926 2.87484 3
    endloop
  endfacet
  facet normal 0.288651 -0.751945 0.592671
    outer loop
      vertex -0.935183 2.8782 3
      vertex -0.691452 1.55303 1.2
      vertex -0.525329 1.6168 1.2
    endloop
  endfacet
  facet normal -0.675494 0.438687 0.592674
    outer loop
      vertex 2.45344 -1.77097 3
      vertex 2.62087 -1.51316 3
      vertex 1.47224 -0.849999 1.2
    endloop
  endfacet
  facet normal -0.717643 0.365686 0.592673
    outer loop
      vertex 1.47224 -0.849999 1.2
      vertex 2.62512 -1.50481 3
      vertex 1.55303 -0.691452 1.2
    endloop
  endfacet
  facet normal -0.717818 0.365356 0.592665
    outer loop
      vertex 2.62512 -1.50481 3
      vertex 1.47224 -0.849999 1.2
      vertex 2.62087 -1.51316 3
    endloop
  endfacet
  facet normal -0.62615 -0.506597 0.592701
    outer loop
      vertex 1.26335 1.13752 1.2
      vertex 2.44834 1.77882 3
      vertex 2.44245 1.7861 3
    endloop
  endfacet
  facet normal -0.625952 -0.506878 0.592671
    outer loop
      vertex 2.44834 1.77882 3
      vertex 1.26335 1.13752 1.2
      vertex 1.37533 0.999234 1.2
    endloop
  endfacet
  facet normal -0.675416 -0.438805 0.592675
    outer loop
      vertex 1.37533 0.999234 1.2
      vertex 2.45344 1.77097 3
      vertex 2.44834 1.77882 3
    endloop
  endfacet
  facet normal -0.675512 -0.438663 0.592671
    outer loop
      vertex 2.45344 1.77097 3
      vertex 1.37533 0.999234 1.2
      vertex 1.47224 0.849999 1.2
    endloop
  endfacet
  facet normal -0.751854 -0.288943 0.592644
    outer loop
      vertex 1.55303 0.691452 1.2
      vertex 2.8782 0.935183 3
      vertex 2.87484 0.943926 3
    endloop
  endfacet
  facet normal -0.751945 -0.288651 0.592671
    outer loop
      vertex 2.8782 0.935183 3
      vertex 1.55303 0.691452 1.2
      vertex 1.6168 0.525329 1.2
    endloop
  endfacet
  facet normal 0.80434 0.0421413 0.592673
    outer loop
      vertex -3.02583 -0.00935251 3
      vertex -1.7 0 1.2
      vertex -3.02632 0 3
    endloop
  endfacet
  facet normal 0.80434 0.0421412 0.592673
    outer loop
      vertex -1.7 0 1.2
      vertex -3.02583 -0.00935251 3
      vertex -1.69069 -0.177698 1.2
    endloop
  endfacet
  facet normal 0.717655 0.365666 0.592671
    outer loop
      vertex -2.62512 -1.50481 3
      vertex -1.55303 -0.691452 1.2
      vertex -2.76468 -1.23091 3
    endloop
  endfacet
  facet normal 0.717643 0.365686 0.592673
    outer loop
      vertex -2.62512 -1.50481 3
      vertex -1.47224 -0.849999 1.2
      vertex -1.55303 -0.691452 1.2
    endloop
  endfacet
  facet normal 0.717818 0.365356 0.592665
    outer loop
      vertex -1.47224 -0.849999 1.2
      vertex -2.62512 -1.50481 3
      vertex -2.62087 -1.51316 3
    endloop
  endfacet
  facet normal 0.365666 -0.717655 0.592671
    outer loop
      vertex -0.691452 1.55303 1.2
      vertex -1.23091 2.76468 3
      vertex -1.50481 2.62512 3
    endloop
  endfacet
  facet normal 0.62615 -0.506597 0.592701
    outer loop
      vertex -2.44834 1.77882 3
      vertex -1.26335 1.13752 1.2
      vertex -2.44245 1.7861 3
    endloop
  endfacet
  facet normal 0.625952 -0.506878 0.592671
    outer loop
      vertex -1.26335 1.13752 1.2
      vertex -2.44834 1.77882 3
      vertex -1.37533 0.999234 1.2
    endloop
  endfacet
  facet normal 0.208444 0.778006 0.59267
    outer loop
      vertex -0.525329 -1.6168 1.2
      vertex -0.926137 -2.88062 3
      vertex -0.35345 -1.66285 1.2
    endloop
  endfacet
  facet normal 0.208155 0.778088 0.592663
    outer loop
      vertex -0.926137 -2.88062 3
      vertex -0.525329 -1.6168 1.2
      vertex -0.935183 -2.8782 3
    endloop
  endfacet
  facet normal 0.717818 -0.365356 0.592665
    outer loop
      vertex -2.62512 1.50481 3
      vertex -1.47224 0.849999 1.2
      vertex -2.62087 1.51316 3
    endloop
  endfacet
  facet normal 0.717643 -0.365686 0.592673
    outer loop
      vertex -1.47224 0.849999 1.2
      vertex -2.62512 1.50481 3
      vertex -1.55303 0.691452 1.2
    endloop
  endfacet
  facet normal 0.80434 0.0421582 0.592672
    outer loop
      vertex -3.00974 -0.316335 3
      vertex -1.69069 -0.177698 1.2
      vertex -3.02583 -0.00935251 3
    endloop
  endfacet
  facet normal -0.675512 0.438663 0.592671
    outer loop
      vertex 1.37533 -0.999234 1.2
      vertex 2.45344 -1.77097 3
      vertex 1.47224 -0.849999 1.2
    endloop
  endfacet
  facet normal -0.675416 0.438805 0.592675
    outer loop
      vertex 2.45344 -1.77097 3
      vertex 1.37533 -0.999234 1.2
      vertex 2.44834 -1.77882 3
    endloop
  endfacet
  facet normal -0.569535 0.569535 0.592671
    outer loop
      vertex 1.26335 -1.13752 1.2
      vertex 2.025 -2.24899 3
      vertex 2.24899 -2.025 3
    endloop
  endfacet
  facet normal -0.569535 0.569535 0.592671
    outer loop
      vertex 2.025 -2.24899 3
      vertex 1.26335 -1.13752 1.2
      vertex 1.13752 -1.26335 1.2
    endloop
  endfacet
  facet normal 0.365356 -0.717818 0.592665
    outer loop
      vertex -0.849999 1.47224 1.2
      vertex -1.50481 2.62512 3
      vertex -1.51316 2.62087 3
    endloop
  endfacet
  facet normal 0.365686 -0.717643 0.592673
    outer loop
      vertex -1.50481 2.62512 3
      vertex -0.849999 1.47224 1.2
      vertex -0.691452 1.55303 1.2
    endloop
  endfacet
  facet normal 0.126015 0.795524 0.592673
    outer loop
      vertex -0.35345 -1.66285 1.2
      vertex -0.619956 -2.96165 3
      vertex -0.177698 -1.69069 1.2
    endloop
  endfacet
  facet normal 0.126413 0.795455 0.592681
    outer loop
      vertex -0.619956 -2.96165 3
      vertex -0.35345 -1.66285 1.2
      vertex -0.629206 -2.96018 3
    endloop
  endfacet
  facet normal 0.208458 0.778001 0.592671
    outer loop
      vertex -0.629206 -2.96018 3
      vertex -0.35345 -1.66285 1.2
      vertex -0.926137 -2.88062 3
    endloop
  endfacet
  facet normal -0.987694 0.156399 0
    outer loop
      vertex -4.98904 3.20906 0
      vertex -4.9563 3.41582 3
      vertex -4.9563 3.41582 0
    endloop
  endfacet
  facet normal -0.987694 0.156399 0
    outer loop
      vertex -4.9563 3.41582 3
      vertex -4.98904 3.20906 0
      vertex -4.98904 3.20906 3
    endloop
  endfacet
  facet normal 0.838707 0.544584 0
    outer loop
      vertex 10.732 4 3
      vertex 10.618 4.17557 0
      vertex 10.618 4.17557 3
    endloop
  endfacet
  facet normal 0.838707 0.544584 0
    outer loop
      vertex 10.618 4.17557 0
      vertex 10.732 4 3
      vertex 10.732 4 0
    endloop
  endfacet
  facet normal 0.629286 -0.777174 0
    outer loop
      vertex 10.1756 -4.61803 0
      vertex 10.3383 -4.48629 3
      vertex 10.1756 -4.61803 3
    endloop
  endfacet
  facet normal 0.629286 -0.777174 0
    outer loop
      vertex 10.3383 -4.48629 3
      vertex 10.1756 -4.61803 0
      vertex 10.3383 -4.48629 0
    endloop
  endfacet
  facet normal 0.838707 -0.544584 0
    outer loop
      vertex 10.618 -4.17557 3
      vertex 10.732 -4 0
      vertex 10.732 -4 3
    endloop
  endfacet
  facet normal 0.838707 -0.544584 0
    outer loop
      vertex 10.732 -4 0
      vertex 10.618 -4.17557 3
      vertex 10.618 -4.17557 0
    endloop
  endfacet
  facet normal 0.544585 -0.838705 0
    outer loop
      vertex 10 -4.73205 0
      vertex 10.1756 -4.61803 3
      vertex 10 -4.73205 3
    endloop
  endfacet
  facet normal 0.544585 -0.838705 0
    outer loop
      vertex 10.1756 -4.61803 3
      vertex 10 -4.73205 0
      vertex 10.1756 -4.61803 0
    endloop
  endfacet
  facet normal -0.965916 -0.258855 0
    outer loop
      vertex -4.90211 -3.61803 0
      vertex -4.9563 -3.41582 3
      vertex -4.9563 -3.41582 0
    endloop
  endfacet
  facet normal -0.965916 -0.258855 0
    outer loop
      vertex -4.9563 -3.41582 3
      vertex -4.90211 -3.61803 0
      vertex -4.90211 -3.61803 3
    endloop
  endfacet
  facet normal 0.933616 0.358275 0
    outer loop
      vertex 10.9021 3.61803 3
      vertex 10.8271 3.81347 0
      vertex 10.8271 3.81347 3
    endloop
  endfacet
  facet normal 0.933616 0.358275 0
    outer loop
      vertex 10.8271 3.81347 0
      vertex 10.9021 3.61803 3
      vertex 10.9021 3.61803 0
    endloop
  endfacet
  facet normal 0.453984 -0.89101 0
    outer loop
      vertex 9.81347 -4.82709 0
      vertex 10 -4.73205 3
      vertex 9.81347 -4.82709 3
    endloop
  endfacet
  facet normal 0.453984 -0.89101 0
    outer loop
      vertex 10 -4.73205 3
      vertex 9.81347 -4.82709 0
      vertex 10 -4.73205 0
    endloop
  endfacet
  facet normal 0.0523532 0.998629 -0
    outer loop
      vertex 9.20906 4.98904 0
      vertex 9 5 3
      vertex 9.20906 4.98904 3
    endloop
  endfacet
  facet normal 0.0523532 0.998629 0
    outer loop
      vertex 9 5 3
      vertex 9.20906 4.98904 0
      vertex 9 5 0
    endloop
  endfacet
  facet normal -1 0 0
    outer loop
      vertex -5 -3 0
      vertex -5 3 3
      vertex -5 3 0
    endloop
  endfacet
  facet normal -1 -0 0
    outer loop
      vertex -5 3 3
      vertex -5 -3 0
      vertex -5 -3 3
    endloop
  endfacet
  facet normal -0.258855 -0.965916 0
    outer loop
      vertex -3.61803 -4.90211 0
      vertex -3.41582 -4.9563 3
      vertex -3.61803 -4.90211 3
    endloop
  endfacet
  facet normal -0.258855 -0.965916 -0
    outer loop
      vertex -3.41582 -4.9563 3
      vertex -3.61803 -4.90211 0
      vertex -3.41582 -4.9563 0
    endloop
  endfacet
  facet normal 0 -1 0
    outer loop
      vertex -3 -5 0
      vertex 9 -5 3
      vertex -3 -5 3
    endloop
  endfacet
  facet normal 0 -1 -0
    outer loop
      vertex 9 -5 3
      vertex -3 -5 0
      vertex 9 -5 0
    endloop
  endfacet
  facet normal -0.453984 0.89101 0
    outer loop
      vertex -3.81347 4.82709 0
      vertex -4 4.73205 3
      vertex -3.81347 4.82709 3
    endloop
  endfacet
  facet normal -0.453984 0.89101 0
    outer loop
      vertex -4 4.73205 3
      vertex -3.81347 4.82709 0
      vertex -4 4.73205 0
    endloop
  endfacet
  facet normal 0.358358 -0.933584 0
    outer loop
      vertex 9.61803 -4.90211 0
      vertex 9.81347 -4.82709 3
      vertex 9.61803 -4.90211 3
    endloop
  endfacet
  facet normal 0.358358 -0.933584 0
    outer loop
      vertex 9.81347 -4.82709 3
      vertex 9.61803 -4.90211 0
      vertex 9.81347 -4.82709 0
    endloop
  endfacet
  facet normal -0.453984 -0.89101 0
    outer loop
      vertex -4 -4.73205 0
      vertex -3.81347 -4.82709 3
      vertex -4 -4.73205 3
    endloop
  endfacet
  facet normal -0.453984 -0.89101 -0
    outer loop
      vertex -3.81347 -4.82709 3
      vertex -4 -4.73205 0
      vertex -3.81347 -4.82709 0
    endloop
  endfacet
  facet normal -0.544651 0.838663 0
    outer loop
      vertex -4 4.73205 0
      vertex -4.17557 4.61803 3
      vertex -4 4.73205 3
    endloop
  endfacet
  facet normal -0.544651 0.838663 0
    outer loop
      vertex -4.17557 4.61803 3
      vertex -4 4.73205 0
      vertex -4.17557 4.61803 0
    endloop
  endfacet
  facet normal 0.629286 0.777174 -0
    outer loop
      vertex 10.3383 4.48629 0
      vertex 10.1756 4.61803 3
      vertex 10.3383 4.48629 3
    endloop
  endfacet
  facet normal 0.629286 0.777174 0
    outer loop
      vertex 10.1756 4.61803 3
      vertex 10.3383 4.48629 0
      vertex 10.1756 4.61803 0
    endloop
  endfacet
  facet normal 0.987723 0.156213 0
    outer loop
      vertex 10.989 3.20906 3
      vertex 10.9563 3.41582 0
      vertex 10.9563 3.41582 3
    endloop
  endfacet
  facet normal 0.987723 0.156213 0
    outer loop
      vertex 10.9563 3.41582 0
      vertex 10.989 3.20906 3
      vertex 10.989 3.20906 0
    endloop
  endfacet
  facet normal -0.838663 -0.544651 0
    outer loop
      vertex -4.61803 -4.17557 0
      vertex -4.73205 -4 3
      vertex -4.73205 -4 0
    endloop
  endfacet
  facet normal -0.838663 -0.544651 0
    outer loop
      vertex -4.73205 -4 3
      vertex -4.61803 -4.17557 0
      vertex -4.61803 -4.17557 3
    endloop
  endfacet
  facet normal 0.156399 -0.987694 0
    outer loop
      vertex 9.20906 -4.98904 0
      vertex 9.41582 -4.9563 3
      vertex 9.20906 -4.98904 3
    endloop
  endfacet
  facet normal 0.156399 -0.987694 0
    outer loop
      vertex 9.41582 -4.9563 3
      vertex 9.20906 -4.98904 0
      vertex 9.41582 -4.9563 0
    endloop
  endfacet
  facet normal 0.987723 -0.156213 0
    outer loop
      vertex 10.9563 -3.41582 3
      vertex 10.989 -3.20906 0
      vertex 10.989 -3.20906 3
    endloop
  endfacet
  facet normal 0.987723 -0.156213 0
    outer loop
      vertex 10.989 -3.20906 0
      vertex 10.9563 -3.41582 3
      vertex 10.9563 -3.41582 0
    endloop
  endfacet
  facet normal -0.89101 -0.453984 0
    outer loop
      vertex -4.73205 -4 0
      vertex -4.82709 -3.81347 3
      vertex -4.82709 -3.81347 0
    endloop
  endfacet
  facet normal -0.89101 -0.453984 0
    outer loop
      vertex -4.82709 -3.81347 3
      vertex -4.73205 -4 0
      vertex -4.73205 -4 3
    endloop
  endfacet
  facet normal 0.707178 -0.707035 0
    outer loop
      vertex 10.3383 -4.48629 3
      vertex 10.4863 -4.33826 0
      vertex 10.4863 -4.33826 3
    endloop
  endfacet
  facet normal 0.707178 -0.707035 0
    outer loop
      vertex 10.4863 -4.33826 0
      vertex 10.3383 -4.48629 3
      vertex 10.3383 -4.48629 0
    endloop
  endfacet
  facet normal 1 -0 0
    outer loop
      vertex 11 -3 3
      vertex 11 3 0
      vertex 11 3 3
    endloop
  endfacet
  facet normal 1 0 0
    outer loop
      vertex 11 3 0
      vertex 11 -3 3
      vertex 11 -3 0
    endloop
  endfacet
  facet normal 0.0523532 -0.998629 0
    outer loop
      vertex 9 -5 0
      vertex 9.20906 -4.98904 3
      vertex 9 -5 3
    endloop
  endfacet
  facet normal 0.0523532 -0.998629 0
    outer loop
      vertex 9.20906 -4.98904 3
      vertex 9 -5 0
      vertex 9.20906 -4.98904 0
    endloop
  endfacet
  facet normal -0.707107 0.707107 0
    outer loop
      vertex -4.48629 4.33826 0
      vertex -4.33826 4.48629 3
      vertex -4.33826 4.48629 0
    endloop
  endfacet
  facet normal -0.707107 0.707107 0
    outer loop
      vertex -4.33826 4.48629 3
      vertex -4.48629 4.33826 0
      vertex -4.48629 4.33826 3
    endloop
  endfacet
  facet normal -0.156399 0.987694 0
    outer loop
      vertex -3.20906 4.98904 0
      vertex -3.41582 4.9563 3
      vertex -3.20906 4.98904 3
    endloop
  endfacet
  facet normal -0.156399 0.987694 0
    outer loop
      vertex -3.41582 4.9563 3
      vertex -3.20906 4.98904 0
      vertex -3.41582 4.9563 0
    endloop
  endfacet
  facet normal -0.258855 0.965916 0
    outer loop
      vertex -3.41582 4.9563 0
      vertex -3.61803 4.90211 3
      vertex -3.41582 4.9563 3
    endloop
  endfacet
  facet normal -0.258855 0.965916 0
    outer loop
      vertex -3.61803 4.90211 3
      vertex -3.41582 4.9563 0
      vertex -3.61803 4.90211 0
    endloop
  endfacet
  facet normal 0.965904 0.258899 0
    outer loop
      vertex 10.9563 3.41582 3
      vertex 10.9021 3.61803 0
      vertex 10.9021 3.61803 3
    endloop
  endfacet
  facet normal 0.965904 0.258899 0
    outer loop
      vertex 10.9021 3.61803 0
      vertex 10.9563 3.41582 3
      vertex 10.9563 3.41582 0
    endloop
  endfacet
  facet normal 0.156399 0.987694 -0
    outer loop
      vertex 9.41582 4.9563 0
      vertex 9.20906 4.98904 3
      vertex 9.41582 4.9563 3
    endloop
  endfacet
  facet normal 0.156399 0.987694 0
    outer loop
      vertex 9.20906 4.98904 3
      vertex 9.41582 4.9563 0
      vertex 9.20906 4.98904 0
    endloop
  endfacet
  facet normal 0.707178 0.707035 0
    outer loop
      vertex 10.4863 4.33826 3
      vertex 10.3383 4.48629 0
      vertex 10.3383 4.48629 3
    endloop
  endfacet
  facet normal 0.707178 0.707035 0
    outer loop
      vertex 10.3383 4.48629 0
      vertex 10.4863 4.33826 3
      vertex 10.4863 4.33826 0
    endloop
  endfacet
  facet normal 0.777248 0.629194 0
    outer loop
      vertex 10.618 4.17557 3
      vertex 10.4863 4.33826 0
      vertex 10.4863 4.33826 3
    endloop
  endfacet
  facet normal 0.777248 0.629194 0
    outer loop
      vertex 10.4863 4.33826 0
      vertex 10.618 4.17557 3
      vertex 10.618 4.17557 0
    endloop
  endfacet
  facet normal 0 0 1
    outer loop
      vertex 9 5 3
      vertex 11 3 3
      vertex 10.989 3.20906 3
    endloop
  endfacet
  facet normal 0 0 1
    outer loop
      vertex 11 3 3
      vertex 7.7 0 3
      vertex 11 -3 3
    endloop
  endfacet
  facet normal 0 0 1
    outer loop
      vertex 9 5 3
      vertex 10.989 3.20906 3
      vertex 10.9563 3.41582 3
    endloop
  endfacet
  facet normal -0 0 1
    outer loop
      vertex 7.69069 -0.177698 3
      vertex 11 -3 3
      vertex 7.7 0 3
    endloop
  endfacet
  facet normal 0 0 1
    outer loop
      vertex 9 5 3
      vertex 10.9563 3.41582 3
      vertex 10.9021 3.61803 3
    endloop
  endfacet
  facet normal -0 0 1
    outer loop
      vertex 7.66285 -0.35345 3
      vertex 11 -3 3
      vertex 7.69069 -0.177698 3
    endloop
  endfacet
  facet normal 0 0 1
    outer loop
      vertex 9 5 3
      vertex 10.9021 3.61803 3
      vertex 10.8271 3.81347 3
    endloop
  endfacet
  facet normal -0 0 1
    outer loop
      vertex 7.6168 -0.525329 3
      vertex 11 -3 3
      vertex 7.66285 -0.35345 3
    endloop
  endfacet
  facet normal 0 0 1
    outer loop
      vertex 9 5 3
      vertex 10.8271 3.81347 3
      vertex 10.732 4 3
    endloop
  endfacet
  facet normal -0 0 1
    outer loop
      vertex 7.55303 -0.691452 3
      vertex 11 -3 3
      vertex 7.6168 -0.525329 3
    endloop
  endfacet
  facet normal 0 0 1
    outer loop
      vertex 9 5 3
      vertex 10.732 4 3
      vertex 10.618 4.17557 3
    endloop
  endfacet
  facet normal -0 0 1
    outer loop
      vertex 7.47224 -0.849999 3
      vertex 11 -3 3
      vertex 7.55303 -0.691452 3
    endloop
  endfacet
  facet normal 0 0 1
    outer loop
      vertex 9 5 3
      vertex 10.618 4.17557 3
      vertex 10.4863 4.33826 3
    endloop
  endfacet
  facet normal -0 0 1
    outer loop
      vertex 7.37533 -0.999234 3
      vertex 11 -3 3
      vertex 7.47224 -0.849999 3
    endloop
  endfacet
  facet normal 0 0 1
    outer loop
      vertex 9 5 3
      vertex 10.4863 4.33826 3
      vertex 10.3383 4.48629 3
    endloop
  endfacet
  facet normal -0 0 1
    outer loop
      vertex 7.26335 -1.13752 3
      vertex 11 -3 3
      vertex 7.37533 -0.999234 3
    endloop
  endfacet
  facet normal 0 0 1
    outer loop
      vertex 9 5 3
      vertex 10.3383 4.48629 3
      vertex 10.1756 4.61803 3
    endloop
  endfacet
  facet normal 0 -0 1
    outer loop
      vertex 9 -5 3
      vertex 11 -3 3
      vertex 7.26335 -1.13752 3
    endloop
  endfacet
  facet normal 0 0 1
    outer loop
      vertex 9 5 3
      vertex 10.1756 4.61803 3
      vertex 10 4.73205 3
    endloop
  endfacet
  facet normal 0 0 1
    outer loop
      vertex 11 -3 3
      vertex 9 -5 3
      vertex 10.989 -3.20906 3
    endloop
  endfacet
  facet normal 0 0 1
    outer loop
      vertex 9 5 3
      vertex 10 4.73205 3
      vertex 9.81347 4.82709 3
    endloop
  endfacet
  facet normal 0 0 1
    outer loop
      vertex 10.989 -3.20906 3
      vertex 9 -5 3
      vertex 10.9563 -3.41582 3
    endloop
  endfacet
  facet normal 0 0 1
    outer loop
      vertex 9 5 3
      vertex 9.81347 4.82709 3
      vertex 9.61803 4.90211 3
    endloop
  endfacet
  facet normal 0 0 1
    outer loop
      vertex 10.9563 -3.41582 3
      vertex 9 -5 3
      vertex 10.9021 -3.61803 3
    endloop
  endfacet
  facet normal 0 0 1
    outer loop
      vertex 9 5 3
      vertex 9.61803 4.90211 3
      vertex 9.41582 4.9563 3
    endloop
  endfacet
  facet normal 0 0 1
    outer loop
      vertex 10.9021 -3.61803 3
      vertex 9 -5 3
      vertex 10.8271 -3.81347 3
    endloop
  endfacet
  facet normal 0 0 1
    outer loop
      vertex 9 5 3
      vertex 9.41582 4.9563 3
      vertex 9.20906 4.98904 3
    endloop
  endfacet
  facet normal 0 0 1
    outer loop
      vertex 10.8271 -3.81347 3
      vertex 9 -5 3
      vertex 10.732 -4 3
    endloop
  endfacet
  facet normal 0 0 1
    outer loop
      vertex 11 3 3
      vertex 9 5 3
      vertex 7.26335 1.13752 3
    endloop
  endfacet
  facet normal 0 0 1
    outer loop
      vertex 10.732 -4 3
      vertex 9 -5 3
      vertex 10.618 -4.17557 3
    endloop
  endfacet
  facet normal 0 0 1
    outer loop
      vertex 10.618 -4.17557 3
      vertex 9 -5 3
      vertex 10.4863 -4.33826 3
    endloop
  endfacet
  facet normal 0 0 1
    outer loop
      vertex 11 3 3
      vertex 7.69069 0.177698 3
      vertex 7.7 0 3
    endloop
  endfacet
  facet normal 0 0 1
    outer loop
      vertex 11 3 3
      vertex 7.66285 0.35345 3
      vertex 7.69069 0.177698 3
    endloop
  endfacet
  facet normal 0 0 1
    outer loop
      vertex 11 3 3
      vertex 7.6168 0.525329 3
      vertex 7.66285 0.35345 3
    endloop
  endfacet
  facet normal 0 0 1
    outer loop
      vertex 11 3 3
      vertex 7.55303 0.691452 3
      vertex 7.6168 0.525329 3
    endloop
  endfacet
  facet normal 0 0 1
    outer loop
      vertex 11 3 3
      vertex 7.47224 0.849999 3
      vertex 7.55303 0.691452 3
    endloop
  endfacet
  facet normal 0 0 1
    outer loop
      vertex 11 3 3
      vertex 7.37533 0.999234 3
      vertex 7.47224 0.849999 3
    endloop
  endfacet
  facet normal 0 0 1
    outer loop
      vertex 11 3 3
      vertex 7.26335 1.13752 3
      vertex 7.37533 0.999234 3
    endloop
  endfacet
  facet normal 0 0 1
    outer loop
      vertex 9 5 3
      vertex 7.13752 1.26335 3
      vertex 7.26335 1.13752 3
    endloop
  endfacet
  facet normal 0 0 1
    outer loop
      vertex 9 5 3
      vertex 6.99923 1.37533 3
      vertex 7.13752 1.26335 3
    endloop
  endfacet
  facet normal 0 0 1
    outer loop
      vertex 9 5 3
      vertex 6.85 1.47224 3
      vertex 6.99923 1.37533 3
    endloop
  endfacet
  facet normal 0 0 1
    outer loop
      vertex 9 5 3
      vertex 6.69145 1.55303 3
      vertex 6.85 1.47224 3
    endloop
  endfacet
  facet normal 0 0 1
    outer loop
      vertex 9 5 3
      vertex 6.52533 1.6168 3
      vertex 6.69145 1.55303 3
    endloop
  endfacet
  facet normal 0 0 1
    outer loop
      vertex 9 5 3
      vertex 6.35345 1.66285 3
      vertex 6.52533 1.6168 3
    endloop
  endfacet
  facet normal 0 0 1
    outer loop
      vertex 9 5 3
      vertex 6.1777 1.69069 3
      vertex 6.35345 1.66285 3
    endloop
  endfacet
  facet normal 0 0 1
    outer loop
      vertex 9 5 3
      vertex 6 1.7 3
      vertex 6.1777 1.69069 3
    endloop
  endfacet
  facet normal 0 0 1
    outer loop
      vertex 9 5 3
      vertex 5.8223 1.69069 3
      vertex 6 1.7 3
    endloop
  endfacet
  facet normal 0 0 1
    outer loop
      vertex 9 5 3
      vertex 5.64655 1.66285 3
      vertex 5.8223 1.69069 3
    endloop
  endfacet
  facet normal -0 0 1
    outer loop
      vertex 1.77882 2.44834 3
      vertex 5.64655 1.66285 3
      vertex 9 5 3
    endloop
  endfacet
  facet normal 0 0 1
    outer loop
      vertex 5.64655 1.66285 3
      vertex 1.77882 2.44834 3
      vertex 5.47467 1.6168 3
    endloop
  endfacet
  facet normal -0 -0 1
    outer loop
      vertex 1.7861 2.44245 3
      vertex 5.47467 1.6168 3
      vertex 1.77882 2.44834 3
    endloop
  endfacet
  facet normal 0 0 1
    outer loop
      vertex 5.47467 1.6168 3
      vertex 2.025 2.24899 3
      vertex 5.30855 1.55303 3
    endloop
  endfacet
  facet normal 0 0 1
    outer loop
      vertex 5.30855 1.55303 3
      vertex 2.24899 2.025 3
      vertex 5.15 1.47224 3
    endloop
  endfacet
  facet normal -0 0 1
    outer loop
      vertex 3.02583 0.00935251 3
      vertex 4.3 0 3
      vertex 4.30931 0.177698 3
    endloop
  endfacet
  facet normal -0 0 1
    outer loop
      vertex 3.00974 0.316335 3
      vertex 4.30931 0.177698 3
      vertex 4.33715 0.35345 3
    endloop
  endfacet
  facet normal 0 0 1
    outer loop
      vertex 2.96165 0.619956 3
      vertex 4.33715 0.35345 3
      vertex 4.3832 0.525329 3
    endloop
  endfacet
  facet normal -0 0 1
    outer loop
      vertex 2.96018 0.629206 3
      vertex 4.3832 0.525329 3
      vertex 4.44697 0.691452 3
    endloop
  endfacet
  facet normal 0 0 1
    outer loop
      vertex 2.88062 0.926137 3
      vertex 4.44697 0.691452 3
      vertex 4.52776 0.849999 3
    endloop
  endfacet
  facet normal 0 0 1
    outer loop
      vertex 2.76468 1.23091 3
      vertex 4.52776 0.849999 3
      vertex 4.62467 0.999234 3
    endloop
  endfacet
  facet normal 0 0 1
    outer loop
      vertex 2.76468 1.23091 3
      vertex 4.62467 0.999234 3
      vertex 4.73665 1.13752 3
    endloop
  endfacet
  facet normal 0 0 1
    outer loop
      vertex 2.62087 1.51316 3
      vertex 4.73665 1.13752 3
      vertex 4.86248 1.26335 3
    endloop
  endfacet
  facet normal -0 -0 1
    outer loop
      vertex 2.44245 1.7861 3
      vertex 5.15 1.47224 3
      vertex 2.24899 2.025 3
    endloop
  endfacet
  facet normal 0 0 1
    outer loop
      vertex 4.3 0 3
      vertex 3.02583 0.00935251 3
      vertex 3.02632 0 3
    endloop
  endfacet
  facet normal 0 0 1
    outer loop
      vertex 4.30931 0.177698 3
      vertex 3.00974 0.316335 3
      vertex 3.02583 0.00935251 3
    endloop
  endfacet
  facet normal 0 0 1
    outer loop
      vertex 4.33715 0.35345 3
      vertex 2.96165 0.619956 3
      vertex 3.00974 0.316335 3
    endloop
  endfacet
  facet normal 0 0 1
    outer loop
      vertex 4.3832 0.525329 3
      vertex 2.96018 0.629206 3
      vertex 2.96165 0.619956 3
    endloop
  endfacet
  facet normal 0 0 1
    outer loop
      vertex 4.44697 0.691452 3
      vertex 2.88062 0.926137 3
      vertex 2.96018 0.629206 3
    endloop
  endfacet
  facet normal 0 0 1
    outer loop
      vertex 4.52776 0.849999 3
      vertex 2.8782 0.935183 3
      vertex 2.88062 0.926137 3
    endloop
  endfacet
  facet normal 0 0 1
    outer loop
      vertex 4.52776 0.849999 3
      vertex 2.87484 0.943926 3
      vertex 2.8782 0.935183 3
    endloop
  endfacet
  facet normal 0 0 1
    outer loop
      vertex 4.52776 0.849999 3
      vertex 2.76468 1.23091 3
      vertex 2.87484 0.943926 3
    endloop
  endfacet
  facet normal 0 0 1
    outer loop
      vertex 4.73665 1.13752 3
      vertex 2.62512 1.50481 3
      vertex 2.76468 1.23091 3
    endloop
  endfacet
  facet normal 0 0 1
    outer loop
      vertex 4.73665 1.13752 3
      vertex 2.62087 1.51316 3
      vertex 2.62512 1.50481 3
    endloop
  endfacet
  facet normal 0 0 1
    outer loop
      vertex 4.86248 1.26335 3
      vertex 2.45344 1.77097 3
      vertex 2.62087 1.51316 3
    endloop
  endfacet
  facet normal 0 0 1
    outer loop
      vertex 5.00076 1.37533 3
      vertex 2.45344 1.77097 3
      vertex 4.86248 1.26335 3
    endloop
  endfacet
  facet normal -0 -0 1
    outer loop
      vertex 2.45344 1.77097 3
      vertex 5.00076 1.37533 3
      vertex 2.44834 1.77882 3
    endloop
  endfacet
  facet normal -0 -0 1
    outer loop
      vertex 2.44834 1.77882 3
      vertex 5.00076 1.37533 3
      vertex 2.44245 1.7861 3
    endloop
  endfacet
  facet normal 0 0 1
    outer loop
      vertex 5.15 1.47224 3
      vertex 2.44245 1.7861 3
      vertex 5.00076 1.37533 3
    endloop
  endfacet
  facet normal -0 -0 1
    outer loop
      vertex 2.24899 2.025 3
      vertex 5.30855 1.55303 3
      vertex 2.025 2.24899 3
    endloop
  endfacet
  facet normal -0 -0 1
    outer loop
      vertex 2.025 2.24899 3
      vertex 5.47467 1.6168 3
      vertex 1.7861 2.44245 3
    endloop
  endfacet
  facet normal 0 0 1
    outer loop
      vertex 9 5 3
      vertex 1.77097 2.45344 3
      vertex 1.77882 2.44834 3
    endloop
  endfacet
  facet normal 0 0 1
    outer loop
      vertex 9 5 3
      vertex 1.51316 2.62087 3
      vertex 1.77097 2.45344 3
    endloop
  endfacet
  facet normal 0 0 1
    outer loop
      vertex 9 5 3
      vertex 1.50481 2.62512 3
      vertex 1.51316 2.62087 3
    endloop
  endfacet
  facet normal 0 0 1
    outer loop
      vertex 9 5 3
      vertex 1.23091 2.76468 3
      vertex 1.50481 2.62512 3
    endloop
  endfacet
  facet normal 0 0 1
    outer loop
      vertex 9 5 3
      vertex 0.943926 2.87484 3
      vertex 1.23091 2.76468 3
    endloop
  endfacet
  facet normal 0 0 1
    outer loop
      vertex 9 5 3
      vertex 0.935183 2.8782 3
      vertex 0.943926 2.87484 3
    endloop
  endfacet
  facet normal 0 0 1
    outer loop
      vertex 9 5 3
      vertex 0.926137 2.88062 3
      vertex 0.935183 2.8782 3
    endloop
  endfacet
  facet normal 0 0 1
    outer loop
      vertex 9 5 3
      vertex 0.629206 2.96018 3
      vertex 0.926137 2.88062 3
    endloop
  endfacet
  facet normal -0 0 1
    outer loop
      vertex -3 5 3
      vertex 0.629206 2.96018 3
      vertex 9 5 3
    endloop
  endfacet
  facet normal 0 0 1
    outer loop
      vertex 0.629206 2.96018 3
      vertex -3 5 3
      vertex 0.619956 2.96165 3
    endloop
  endfacet
  facet normal 0 0 1
    outer loop
      vertex 0.619956 2.96165 3
      vertex -3 5 3
      vertex 0.316335 3.00974 3
    endloop
  endfacet
  facet normal 0 0 1
    outer loop
      vertex 0.316335 3.00974 3
      vertex -3 5 3
      vertex 0.00935251 3.02583 3
    endloop
  endfacet
  facet normal 0 0 1
    outer loop
      vertex 0.00935251 3.02583 3
      vertex -3 5 3
      vertex 0 3.02632 3
    endloop
  endfacet
  facet normal 0 0 1
    outer loop
      vertex 0 3.02632 3
      vertex -3 5 3
      vertex -0.00935251 3.02583 3
    endloop
  endfacet
  facet normal 0 0 1
    outer loop
      vertex -0.00935251 3.02583 3
      vertex -3 5 3
      vertex -0.316335 3.00974 3
    endloop
  endfacet
  facet normal 0 0 1
    outer loop
      vertex -0.316335 3.00974 3
      vertex -3 5 3
      vertex -0.619956 2.96165 3
    endloop
  endfacet
  facet normal 0 0 1
    outer loop
      vertex -3 5 3
      vertex -1.50481 2.62512 3
      vertex -1.23091 2.76468 3
    endloop
  endfacet
  facet normal 0 0 1
    outer loop
      vertex -3 5 3
      vertex -1.77097 2.45344 3
      vertex -1.51316 2.62087 3
    endloop
  endfacet
  facet normal 0 0 1
    outer loop
      vertex -3 5 3
      vertex -1.7861 2.44245 3
      vertex -1.77882 2.44834 3
    endloop
  endfacet
  facet normal 0 0 1
    outer loop
      vertex -5 3 3
      vertex -2.44245 1.7861 3
      vertex -2.24899 2.025 3
    endloop
  endfacet
  facet normal 0 0 1
    outer loop
      vertex -5 3 3
      vertex -2.45344 1.77097 3
      vertex -2.44834 1.77882 3
    endloop
  endfacet
  facet normal 0 0 1
    outer loop
      vertex -5 3 3
      vertex -2.62512 1.50481 3
      vertex -2.62087 1.51316 3
    endloop
  endfacet
  facet normal 0 0 1
    outer loop
      vertex -0.619956 2.96165 3
      vertex -3 5 3
      vertex -0.629206 2.96018 3
    endloop
  endfacet
  facet normal 0 0 1
    outer loop
      vertex -3 5 3
      vertex -0.926137 2.88062 3
      vertex -0.629206 2.96018 3
    endloop
  endfacet
  facet normal 0 0 1
    outer loop
      vertex -3 5 3
      vertex -0.935183 2.8782 3
      vertex -0.926137 2.88062 3
    endloop
  endfacet
  facet normal 0 0 1
    outer loop
      vertex -3 5 3
      vertex -0.943926 2.87484 3
      vertex -0.935183 2.8782 3
    endloop
  endfacet
  facet normal 0 0 1
    outer loop
      vertex -3 5 3
      vertex -1.23091 2.76468 3
      vertex -0.943926 2.87484 3
    endloop
  endfacet
  facet normal 0 0 1
    outer loop
      vertex -1.50481 2.62512 3
      vertex -3 5 3
      vertex -1.51316 2.62087 3
    endloop
  endfacet
  facet normal 0 0 1
    outer loop
      vertex -1.77097 2.45344 3
      vertex -3 5 3
      vertex -1.77882 2.44834 3
    endloop
  endfacet
  facet normal 0 0 1
    outer loop
      vertex -1.7861 2.44245 3
      vertex -3 5 3
      vertex -2.025 2.24899 3
    endloop
  endfacet
  facet normal -0 0 1
    outer loop
      vertex -3.20906 4.98904 3
      vertex -2.025 2.24899 3
      vertex -3 5 3
    endloop
  endfacet
  facet normal -0 0 1
    outer loop
      vertex -3.41582 4.9563 3
      vertex -2.025 2.24899 3
      vertex -3.20906 4.98904 3
    endloop
  endfacet
  facet normal -0 0 1
    outer loop
      vertex -3.61803 4.90211 3
      vertex -2.025 2.24899 3
      vertex -3.41582 4.9563 3
    endloop
  endfacet
  facet normal -0 0 1
    outer loop
      vertex -3.81347 4.82709 3
      vertex -2.025 2.24899 3
      vertex -3.61803 4.90211 3
    endloop
  endfacet
  facet normal -0 0 1
    outer loop
      vertex -4 4.73205 3
      vertex -2.025 2.24899 3
      vertex -3.81347 4.82709 3
    endloop
  endfacet
  facet normal 0 0 1
    outer loop
      vertex -2.76468 1.23091 3
      vertex -5 3 3
      vertex -2.87484 0.943926 3
    endloop
  endfacet
  facet normal 0 0 1
    outer loop
      vertex -2.87484 0.943926 3
      vertex -5 3 3
      vertex -2.8782 0.935183 3
    endloop
  endfacet
  facet normal 0 0 1
    outer loop
      vertex -2.8782 0.935183 3
      vertex -5 3 3
      vertex -2.88062 0.926137 3
    endloop
  endfacet
  facet normal 0 0 1
    outer loop
      vertex -2.88062 0.926137 3
      vertex -5 3 3
      vertex -2.96018 0.629206 3
    endloop
  endfacet
  facet normal 0 0 1
    outer loop
      vertex -2.96018 0.629206 3
      vertex -5 3 3
      vertex -2.96165 0.619956 3
    endloop
  endfacet
  facet normal 0 0 1
    outer loop
      vertex -2.96165 0.619956 3
      vertex -5 3 3
      vertex -3.00974 0.316335 3
    endloop
  endfacet
  facet normal 0 0 1
    outer loop
      vertex -3.00974 0.316335 3
      vertex -5 3 3
      vertex -3.02583 0.00935251 3
    endloop
  endfacet
  facet normal -0 0 1
    outer loop
      vertex -4.17557 4.61803 3
      vertex -2.025 2.24899 3
      vertex -4 4.73205 3
    endloop
  endfacet
  facet normal 0 0 1
    outer loop
      vertex 10.4863 -4.33826 3
      vertex 9 -5 3
      vertex 10.3383 -4.48629 3
    endloop
  endfacet
  facet normal 0 0 1
    outer loop
      vertex 10.3383 -4.48629 3
      vertex 9 -5 3
      vertex 10.1756 -4.61803 3
    endloop
  endfacet
  facet normal 0 0 1
    outer loop
      vertex 10.1756 -4.61803 3
      vertex 9 -5 3
      vertex 10 -4.73205 3
    endloop
  endfacet
  facet normal 0 0 1
    outer loop
      vertex 10 -4.73205 3
      vertex 9 -5 3
      vertex 9.81347 -4.82709 3
    endloop
  endfacet
  facet normal 0 0 1
    outer loop
      vertex 9.81347 -4.82709 3
      vertex 9 -5 3
      vertex 9.61803 -4.90211 3
    endloop
  endfacet
  facet normal 0 0 1
    outer loop
      vertex 9.61803 -4.90211 3
      vertex 9 -5 3
      vertex 9.41582 -4.9563 3
    endloop
  endfacet
  facet normal 0 0 1
    outer loop
      vertex 9.41582 -4.9563 3
      vertex 9 -5 3
      vertex 9.20906 -4.98904 3
    endloop
  endfacet
  facet normal -0 0 1
    outer loop
      vertex 7.13752 -1.26335 3
      vertex 9 -5 3
      vertex 7.26335 -1.13752 3
    endloop
  endfacet
  facet normal -0 0 1
    outer loop
      vertex 6.99923 -1.37533 3
      vertex 9 -5 3
      vertex 7.13752 -1.26335 3
    endloop
  endfacet
  facet normal -0 0 1
    outer loop
      vertex 6.85 -1.47224 3
      vertex 9 -5 3
      vertex 6.99923 -1.37533 3
    endloop
  endfacet
  facet normal -0 0 1
    outer loop
      vertex 6.69145 -1.55303 3
      vertex 9 -5 3
      vertex 6.85 -1.47224 3
    endloop
  endfacet
  facet normal -0 0 1
    outer loop
      vertex 6.52533 -1.6168 3
      vertex 9 -5 3
      vertex 6.69145 -1.55303 3
    endloop
  endfacet
  facet normal -0 0 1
    outer loop
      vertex 6.35345 -1.66285 3
      vertex 9 -5 3
      vertex 6.52533 -1.6168 3
    endloop
  endfacet
  facet normal -0 0 1
    outer loop
      vertex 6.1777 -1.69069 3
      vertex 9 -5 3
      vertex 6.35345 -1.66285 3
    endloop
  endfacet
  facet normal -0 0 1
    outer loop
      vertex 6 -1.7 3
      vertex 9 -5 3
      vertex 6.1777 -1.69069 3
    endloop
  endfacet
  facet normal 0 0 1
    outer loop
      vertex 5.8223 -1.69069 3
      vertex 9 -5 3
      vertex 6 -1.7 3
    endloop
  endfacet
  facet normal 0 0 1
    outer loop
      vertex 5.64655 -1.66285 3
      vertex 9 -5 3
      vertex 5.8223 -1.69069 3
    endloop
  endfacet
  facet normal 0 0 1
    outer loop
      vertex 1.77882 -2.44834 3
      vertex 5.64655 -1.66285 3
      vertex 5.47467 -1.6168 3
    endloop
  endfacet
  facet normal 0 0 1
    outer loop
      vertex 2.025 -2.24899 3
      vertex 5.47467 -1.6168 3
      vertex 5.30855 -1.55303 3
    endloop
  endfacet
  facet normal 0 0 1
    outer loop
      vertex 2.24899 -2.025 3
      vertex 5.30855 -1.55303 3
      vertex 5.15 -1.47224 3
    endloop
  endfacet
  facet normal 0 0 1
    outer loop
      vertex 2.44245 -1.7861 3
      vertex 5.15 -1.47224 3
      vertex 5.00076 -1.37533 3
    endloop
  endfacet
  facet normal 0 0 1
    outer loop
      vertex 2.45344 -1.77097 3
      vertex 5.00076 -1.37533 3
      vertex 4.86248 -1.26335 3
    endloop
  endfacet
  facet normal 0 0 1
    outer loop
      vertex 3.02583 -0.00935251 3
      vertex 4.3 0 3
      vertex 3.02632 0 3
    endloop
  endfacet
  facet normal 0 0 1
    outer loop
      vertex 4.3 0 3
      vertex 3.02583 -0.00935251 3
      vertex 4.30931 -0.177698 3
    endloop
  endfacet
  facet normal 0 0 1
    outer loop
      vertex 3.00974 -0.316335 3
      vertex 4.30931 -0.177698 3
      vertex 3.02583 -0.00935251 3
    endloop
  endfacet
  facet normal 0 0 1
    outer loop
      vertex 4.30931 -0.177698 3
      vertex 3.00974 -0.316335 3
      vertex 4.33715 -0.35345 3
    endloop
  endfacet
  facet normal 0 0 1
    outer loop
      vertex 2.96165 -0.619956 3
      vertex 4.33715 -0.35345 3
      vertex 3.00974 -0.316335 3
    endloop
  endfacet
  facet normal 0 0 1
    outer loop
      vertex 4.33715 -0.35345 3
      vertex 2.96165 -0.619956 3
      vertex 4.3832 -0.525329 3
    endloop
  endfacet
  facet normal 0 0 1
    outer loop
      vertex 2.96018 -0.629206 3
      vertex 4.3832 -0.525329 3
      vertex 2.96165 -0.619956 3
    endloop
  endfacet
  facet normal 0 0 1
    outer loop
      vertex 4.3832 -0.525329 3
      vertex 2.96018 -0.629206 3
      vertex 4.44697 -0.691452 3
    endloop
  endfacet
  facet normal 0 0 1
    outer loop
      vertex 2.88062 -0.926137 3
      vertex 4.44697 -0.691452 3
      vertex 2.96018 -0.629206 3
    endloop
  endfacet
  facet normal 0 0 1
    outer loop
      vertex 4.44697 -0.691452 3
      vertex 2.88062 -0.926137 3
      vertex 4.52776 -0.849999 3
    endloop
  endfacet
  facet normal 0 0 1
    outer loop
      vertex 2.8782 -0.935183 3
      vertex 4.52776 -0.849999 3
      vertex 2.88062 -0.926137 3
    endloop
  endfacet
  facet normal 0 0 1
    outer loop
      vertex 2.87484 -0.943926 3
      vertex 4.52776 -0.849999 3
      vertex 2.8782 -0.935183 3
    endloop
  endfacet
  facet normal 0 0 1
    outer loop
      vertex 2.76468 -1.23091 3
      vertex 4.52776 -0.849999 3
      vertex 2.87484 -0.943926 3
    endloop
  endfacet
  facet normal 0 0 1
    outer loop
      vertex 4.52776 -0.849999 3
      vertex 2.76468 -1.23091 3
      vertex 4.62467 -0.999234 3
    endloop
  endfacet
  facet normal 0 0 1
    outer loop
      vertex 4.62467 -0.999234 3
      vertex 2.76468 -1.23091 3
      vertex 4.73665 -1.13752 3
    endloop
  endfacet
  facet normal 0 0 1
    outer loop
      vertex 2.62512 -1.50481 3
      vertex 4.73665 -1.13752 3
      vertex 2.76468 -1.23091 3
    endloop
  endfacet
  facet normal 0 0 1
    outer loop
      vertex 2.62087 -1.51316 3
      vertex 4.73665 -1.13752 3
      vertex 2.62512 -1.50481 3
    endloop
  endfacet
  facet normal 0 0 1
    outer loop
      vertex 4.73665 -1.13752 3
      vertex 2.62087 -1.51316 3
      vertex 4.86248 -1.26335 3
    endloop
  endfacet
  facet normal 0 0 1
    outer loop
      vertex 2.45344 -1.77097 3
      vertex 4.86248 -1.26335 3
      vertex 2.62087 -1.51316 3
    endloop
  endfacet
  facet normal 0 0 1
    outer loop
      vertex 5.00076 -1.37533 3
      vertex 2.45344 -1.77097 3
      vertex 2.44834 -1.77882 3
    endloop
  endfacet
  facet normal 0 0 1
    outer loop
      vertex 5.00076 -1.37533 3
      vertex 2.44834 -1.77882 3
      vertex 2.44245 -1.7861 3
    endloop
  endfacet
  facet normal 0 0 1
    outer loop
      vertex 5.15 -1.47224 3
      vertex 2.44245 -1.7861 3
      vertex 2.24899 -2.025 3
    endloop
  endfacet
  facet normal 0 0 1
    outer loop
      vertex 5.30855 -1.55303 3
      vertex 2.24899 -2.025 3
      vertex 2.025 -2.24899 3
    endloop
  endfacet
  facet normal 0 0 1
    outer loop
      vertex 5.47467 -1.6168 3
      vertex 2.025 -2.24899 3
      vertex 1.7861 -2.44245 3
    endloop
  endfacet
  facet normal 0 0 1
    outer loop
      vertex 5.47467 -1.6168 3
      vertex 1.7861 -2.44245 3
      vertex 1.77882 -2.44834 3
    endloop
  endfacet
  facet normal 0 0 1
    outer loop
      vertex 5.64655 -1.66285 3
      vertex 1.77882 -2.44834 3
      vertex 9 -5 3
    endloop
  endfacet
  facet normal -0 0 1
    outer loop
      vertex 1.77097 -2.45344 3
      vertex 9 -5 3
      vertex 1.77882 -2.44834 3
    endloop
  endfacet
  facet normal -0 0 1
    outer loop
      vertex 1.51316 -2.62087 3
      vertex 9 -5 3
      vertex 1.77097 -2.45344 3
    endloop
  endfacet
  facet normal -0 0 1
    outer loop
      vertex 1.50481 -2.62512 3
      vertex 9 -5 3
      vertex 1.51316 -2.62087 3
    endloop
  endfacet
  facet normal -0 0 1
    outer loop
      vertex 1.23091 -2.76468 3
      vertex 9 -5 3
      vertex 1.50481 -2.62512 3
    endloop
  endfacet
  facet normal -0 0 1
    outer loop
      vertex 0.943926 -2.87484 3
      vertex 9 -5 3
      vertex 1.23091 -2.76468 3
    endloop
  endfacet
  facet normal -0 0 1
    outer loop
      vertex 0.935183 -2.8782 3
      vertex 9 -5 3
      vertex 0.943926 -2.87484 3
    endloop
  endfacet
  facet normal -0 0 1
    outer loop
      vertex 0.926137 -2.88062 3
      vertex 9 -5 3
      vertex 0.935183 -2.8782 3
    endloop
  endfacet
  facet normal -0 0 1
    outer loop
      vertex 0.629206 -2.96018 3
      vertex 9 -5 3
      vertex 0.926137 -2.88062 3
    endloop
  endfacet
  facet normal 0 0 1
    outer loop
      vertex -3 -5 3
      vertex 0.629206 -2.96018 3
      vertex 0.619956 -2.96165 3
    endloop
  endfacet
  facet normal 0 0 1
    outer loop
      vertex -3 -5 3
      vertex 0.619956 -2.96165 3
      vertex 0.316335 -3.00974 3
    endloop
  endfacet
  facet normal 0 0 1
    outer loop
      vertex -3 -5 3
      vertex 0.316335 -3.00974 3
      vertex 0.00935251 -3.02583 3
    endloop
  endfacet
  facet normal 0 0 1
    outer loop
      vertex -3 -5 3
      vertex 0.00935251 -3.02583 3
      vertex 0 -3.02632 3
    endloop
  endfacet
  facet normal 0 0 1
    outer loop
      vertex -3 -5 3
      vertex 0 -3.02632 3
      vertex -0.00935251 -3.02583 3
    endloop
  endfacet
  facet normal 0 0 1
    outer loop
      vertex -3 -5 3
      vertex -0.00935251 -3.02583 3
      vertex -0.316335 -3.00974 3
    endloop
  endfacet
  facet normal 0 0 1
    outer loop
      vertex -3 -5 3
      vertex -0.316335 -3.00974 3
      vertex -0.619956 -2.96165 3
    endloop
  endfacet
  facet normal 0 0 1
    outer loop
      vertex -3 -5 3
      vertex -0.619956 -2.96165 3
      vertex -0.629206 -2.96018 3
    endloop
  endfacet
  facet normal 0 0 1
    outer loop
      vertex -3 -5 3
      vertex -1.50481 -2.62512 3
      vertex -1.51316 -2.62087 3
    endloop
  endfacet
  facet normal 0 0 1
    outer loop
      vertex -3 -5 3
      vertex -1.77097 -2.45344 3
      vertex -1.77882 -2.44834 3
    endloop
  endfacet
  facet normal 0 0 1
    outer loop
      vertex -3 -5 3
      vertex -1.7861 -2.44245 3
      vertex -2.025 -2.24899 3
    endloop
  endfacet
  facet normal 0 0 1
    outer loop
      vertex -5 -3 3
      vertex -2.44245 -1.7861 3
      vertex -2.44834 -1.77882 3
    endloop
  endfacet
  facet normal 0 0 1
    outer loop
      vertex -5 -3 3
      vertex -2.45344 -1.77097 3
      vertex -2.62087 -1.51316 3
    endloop
  endfacet
  facet normal 0 0 1
    outer loop
      vertex -5 -3 3
      vertex -2.62512 -1.50481 3
      vertex -2.76468 -1.23091 3
    endloop
  endfacet
  facet normal 0 0 1
    outer loop
      vertex 0.629206 -2.96018 3
      vertex -3 -5 3
      vertex 9 -5 3
    endloop
  endfacet
  facet normal 0 0 1
    outer loop
      vertex -0.926137 -2.88062 3
      vertex -3 -5 3
      vertex -0.629206 -2.96018 3
    endloop
  endfacet
  facet normal 0 0 1
    outer loop
      vertex -0.935183 -2.8782 3
      vertex -3 -5 3
      vertex -0.926137 -2.88062 3
    endloop
  endfacet
  facet normal 0 0 1
    outer loop
      vertex -0.943926 -2.87484 3
      vertex -3 -5 3
      vertex -0.935183 -2.8782 3
    endloop
  endfacet
  facet normal 0 0 1
    outer loop
      vertex -1.23091 -2.76468 3
      vertex -3 -5 3
      vertex -0.943926 -2.87484 3
    endloop
  endfacet
  facet normal 0 0 1
    outer loop
      vertex -1.50481 -2.62512 3
      vertex -3 -5 3
      vertex -1.23091 -2.76468 3
    endloop
  endfacet
  facet normal 0 0 1
    outer loop
      vertex -1.77097 -2.45344 3
      vertex -3 -5 3
      vertex -1.51316 -2.62087 3
    endloop
  endfacet
  facet normal 0 0 1
    outer loop
      vertex -1.7861 -2.44245 3
      vertex -3 -5 3
      vertex -1.77882 -2.44834 3
    endloop
  endfacet
  facet normal 0 0 1
    outer loop
      vertex -4.33826 -4.48629 3
      vertex -2.025 -2.24899 3
      vertex -2.24899 -2.025 3
    endloop
  endfacet
  facet normal 0 0 1
    outer loop
      vertex -2.44245 -1.7861 3
      vertex -5 -3 3
      vertex -2.24899 -2.025 3
    endloop
  endfacet
  facet normal 0 0 1
    outer loop
      vertex -2.45344 -1.77097 3
      vertex -5 -3 3
      vertex -2.44834 -1.77882 3
    endloop
  endfacet
  facet normal 0 0 1
    outer loop
      vertex -2.62512 -1.50481 3
      vertex -5 -3 3
      vertex -2.62087 -1.51316 3
    endloop
  endfacet
  facet normal 0 0 1
    outer loop
      vertex -5 -3 3
      vertex -2.76468 -1.23091 3
      vertex -2.87484 -0.943926 3
    endloop
  endfacet
  facet normal 0 0 1
    outer loop
      vertex -5 -3 3
      vertex -2.87484 -0.943926 3
      vertex -2.8782 -0.935183 3
    endloop
  endfacet
  facet normal 0 0 1
    outer loop
      vertex -5 -3 3
      vertex -2.8782 -0.935183 3
      vertex -2.88062 -0.926137 3
    endloop
  endfacet
  facet normal 0 0 1
    outer loop
      vertex -5 -3 3
      vertex -2.88062 -0.926137 3
      vertex -2.96018 -0.629206 3
    endloop
  endfacet
  facet normal 0 0 1
    outer loop
      vertex -5 -3 3
      vertex -2.96018 -0.629206 3
      vertex -2.96165 -0.619956 3
    endloop
  endfacet
  facet normal 0 0 1
    outer loop
      vertex -5 -3 3
      vertex -2.96165 -0.619956 3
      vertex -3.00974 -0.316335 3
    endloop
  endfacet
  facet normal 0 0 1
    outer loop
      vertex -5 -3 3
      vertex -3.00974 -0.316335 3
      vertex -3.02583 -0.00935251 3
    endloop
  endfacet
  facet normal 0 0 1
    outer loop
      vertex -5 -3 3
      vertex -3.02583 -0.00935251 3
      vertex -3.02632 0 3
    endloop
  endfacet
  facet normal 0 0 1
    outer loop
      vertex -3.02583 0.00935251 3
      vertex -5 3 3
      vertex -3.02632 0 3
    endloop
  endfacet
  facet normal 0 0 1
    outer loop
      vertex -5 -3 3
      vertex -3.02632 0 3
      vertex -5 3 3
    endloop
  endfacet
  facet normal -0 0 1
    outer loop
      vertex -4.33826 4.48629 3
      vertex -2.025 2.24899 3
      vertex -4.17557 4.61803 3
    endloop
  endfacet
  facet normal 0 0 1
    outer loop
      vertex -2.24899 -2.025 3
      vertex -5 -3 3
      vertex -4.98904 -3.20906 3
    endloop
  endfacet
  facet normal 0 0 1
    outer loop
      vertex -2.025 2.24899 3
      vertex -4.33826 4.48629 3
      vertex -2.24899 2.025 3
    endloop
  endfacet
  facet normal 0 0 1
    outer loop
      vertex -2.025 -2.24899 3
      vertex -3.20906 -4.98904 3
      vertex -3 -5 3
    endloop
  endfacet
  facet normal -0 0 1
    outer loop
      vertex -4.48629 4.33826 3
      vertex -2.24899 2.025 3
      vertex -4.33826 4.48629 3
    endloop
  endfacet
  facet normal 0 0 1
    outer loop
      vertex -2.025 -2.24899 3
      vertex -3.41582 -4.9563 3
      vertex -3.20906 -4.98904 3
    endloop
  endfacet
  facet normal -0 0 1
    outer loop
      vertex -4.61803 4.17557 3
      vertex -2.24899 2.025 3
      vertex -4.48629 4.33826 3
    endloop
  endfacet
  facet normal 0 0 1
    outer loop
      vertex -2.025 -2.24899 3
      vertex -3.61803 -4.90211 3
      vertex -3.41582 -4.9563 3
    endloop
  endfacet
  facet normal -0 0 1
    outer loop
      vertex -4.73205 4 3
      vertex -2.24899 2.025 3
      vertex -4.61803 4.17557 3
    endloop
  endfacet
  facet normal 0 0 1
    outer loop
      vertex -2.025 -2.24899 3
      vertex -3.81347 -4.82709 3
      vertex -3.61803 -4.90211 3
    endloop
  endfacet
  facet normal -0 0 1
    outer loop
      vertex -4.82709 3.81347 3
      vertex -2.24899 2.025 3
      vertex -4.73205 4 3
    endloop
  endfacet
  facet normal 0 0 1
    outer loop
      vertex -2.025 -2.24899 3
      vertex -4 -4.73205 3
      vertex -3.81347 -4.82709 3
    endloop
  endfacet
  facet normal -0 0 1
    outer loop
      vertex -4.90211 3.61803 3
      vertex -2.24899 2.025 3
      vertex -4.82709 3.81347 3
    endloop
  endfacet
  facet normal 0 0 1
    outer loop
      vertex -2.025 -2.24899 3
      vertex -4.17557 -4.61803 3
      vertex -4 -4.73205 3
    endloop
  endfacet
  facet normal -0 0 1
    outer loop
      vertex -4.9563 3.41582 3
      vertex -2.24899 2.025 3
      vertex -4.90211 3.61803 3
    endloop
  endfacet
  facet normal 0 0 1
    outer loop
      vertex -2.025 -2.24899 3
      vertex -4.33826 -4.48629 3
      vertex -4.17557 -4.61803 3
    endloop
  endfacet
  facet normal -0 0 1
    outer loop
      vertex -4.98904 3.20906 3
      vertex -2.24899 2.025 3
      vertex -4.9563 3.41582 3
    endloop
  endfacet
  facet normal 0 0 1
    outer loop
      vertex -2.24899 -2.025 3
      vertex -4.48629 -4.33826 3
      vertex -4.33826 -4.48629 3
    endloop
  endfacet
  facet normal -0 0 1
    outer loop
      vertex -5 3 3
      vertex -2.24899 2.025 3
      vertex -4.98904 3.20906 3
    endloop
  endfacet
  facet normal 0 0 1
    outer loop
      vertex -2.24899 -2.025 3
      vertex -4.61803 -4.17557 3
      vertex -4.48629 -4.33826 3
    endloop
  endfacet
  facet normal 0 0 1
    outer loop
      vertex -2.44245 1.7861 3
      vertex -5 3 3
      vertex -2.44834 1.77882 3
    endloop
  endfacet
  facet normal 0 0 1
    outer loop
      vertex -2.24899 -2.025 3
      vertex -4.73205 -4 3
      vertex -4.61803 -4.17557 3
    endloop
  endfacet
  facet normal 0 0 1
    outer loop
      vertex -2.62512 1.50481 3
      vertex -5 3 3
      vertex -2.76468 1.23091 3
    endloop
  endfacet
  facet normal 0 0 1
    outer loop
      vertex -2.24899 -2.025 3
      vertex -4.82709 -3.81347 3
      vertex -4.73205 -4 3
    endloop
  endfacet
  facet normal 0 0 1
    outer loop
      vertex -2.45344 1.77097 3
      vertex -5 3 3
      vertex -2.62087 1.51316 3
    endloop
  endfacet
  facet normal 0 0 1
    outer loop
      vertex -2.24899 -2.025 3
      vertex -4.90211 -3.61803 3
      vertex -4.82709 -3.81347 3
    endloop
  endfacet
  facet normal 0 0 1
    outer loop
      vertex -2.24899 -2.025 3
      vertex -4.9563 -3.41582 3
      vertex -4.90211 -3.61803 3
    endloop
  endfacet
  facet normal 0 0 1
    outer loop
      vertex -2.24899 -2.025 3
      vertex -4.98904 -3.20906 3
      vertex -4.9563 -3.41582 3
    endloop
  endfacet
  facet normal -0.89101 0.453984 0
    outer loop
      vertex -4.82709 3.81347 0
      vertex -4.73205 4 3
      vertex -4.73205 4 0
    endloop
  endfacet
  facet normal -0.89101 0.453984 0
    outer loop
      vertex -4.73205 4 3
      vertex -4.82709 3.81347 0
      vertex -4.82709 3.81347 3
    endloop
  endfacet
  facet normal -0.933584 -0.358358 0
    outer loop
      vertex -4.82709 -3.81347 0
      vertex -4.90211 -3.61803 3
      vertex -4.90211 -3.61803 0
    endloop
  endfacet
  facet normal -0.933584 -0.358358 0
    outer loop
      vertex -4.90211 -3.61803 3
      vertex -4.82709 -3.81347 0
      vertex -4.82709 -3.81347 3
    endloop
  endfacet
  facet normal -0.0523532 0.998629 0
    outer loop
      vertex -3 5 0
      vertex -3.20906 4.98904 3
      vertex -3 5 3
    endloop
  endfacet
  facet normal -0.0523532 0.998629 0
    outer loop
      vertex -3.20906 4.98904 3
      vertex -3 5 0
      vertex -3.20906 4.98904 0
    endloop
  endfacet
  facet normal -0.358358 0.933584 0
    outer loop
      vertex -3.61803 4.90211 0
      vertex -3.81347 4.82709 3
      vertex -3.61803 4.90211 3
    endloop
  endfacet
  facet normal -0.358358 0.933584 0
    outer loop
      vertex -3.81347 4.82709 3
      vertex -3.61803 4.90211 0
      vertex -3.81347 4.82709 0
    endloop
  endfacet
  facet normal -0.965916 0.258855 0
    outer loop
      vertex -4.9563 3.41582 0
      vertex -4.90211 3.61803 3
      vertex -4.90211 3.61803 0
    endloop
  endfacet
  facet normal -0.965916 0.258855 0
    outer loop
      vertex -4.90211 3.61803 3
      vertex -4.9563 3.41582 0
      vertex -4.9563 3.41582 3
    endloop
  endfacet
  facet normal -0.544651 -0.838663 0
    outer loop
      vertex -4.17557 -4.61803 0
      vertex -4 -4.73205 3
      vertex -4.17557 -4.61803 3
    endloop
  endfacet
  facet normal -0.544651 -0.838663 -0
    outer loop
      vertex -4 -4.73205 3
      vertex -4.17557 -4.61803 0
      vertex -4 -4.73205 0
    endloop
  endfacet
  facet normal -0.707107 -0.707107 0
    outer loop
      vertex -4.33826 -4.48629 0
      vertex -4.48629 -4.33826 3
      vertex -4.48629 -4.33826 0
    endloop
  endfacet
  facet normal -0.707107 -0.707107 0
    outer loop
      vertex -4.48629 -4.33826 3
      vertex -4.33826 -4.48629 0
      vertex -4.33826 -4.48629 3
    endloop
  endfacet
  facet normal 0.998619 -0.0525438 0
    outer loop
      vertex 10.989 -3.20906 3
      vertex 11 -3 0
      vertex 11 -3 3
    endloop
  endfacet
  facet normal 0.998619 -0.0525438 0
    outer loop
      vertex 11 -3 0
      vertex 10.989 -3.20906 3
      vertex 10.989 -3.20906 0
    endloop
  endfacet
  facet normal 0.258855 0.965916 -0
    outer loop
      vertex 9.61803 4.90211 0
      vertex 9.41582 4.9563 3
      vertex 9.61803 4.90211 3
    endloop
  endfacet
  facet normal 0.258855 0.965916 0
    outer loop
      vertex 9.41582 4.9563 3
      vertex 9.61803 4.90211 0
      vertex 9.41582 4.9563 0
    endloop
  endfacet
  facet normal 0.933616 -0.358275 0
    outer loop
      vertex 10.8271 -3.81347 3
      vertex 10.9021 -3.61803 0
      vertex 10.9021 -3.61803 3
    endloop
  endfacet
  facet normal 0.933616 -0.358275 0
    outer loop
      vertex 10.9021 -3.61803 0
      vertex 10.8271 -3.81347 3
      vertex 10.8271 -3.81347 0
    endloop
  endfacet
  facet normal 0.998619 0.0525438 0
    outer loop
      vertex 11 3 3
      vertex 10.989 3.20906 0
      vertex 10.989 3.20906 3
    endloop
  endfacet
  facet normal 0.998619 0.0525438 0
    outer loop
      vertex 10.989 3.20906 0
      vertex 11 3 3
      vertex 11 3 0
    endloop
  endfacet
  facet normal 0.258855 -0.965916 0
    outer loop
      vertex 9.41582 -4.9563 0
      vertex 9.61803 -4.90211 3
      vertex 9.41582 -4.9563 3
    endloop
  endfacet
  facet normal 0.258855 -0.965916 0
    outer loop
      vertex 9.61803 -4.90211 3
      vertex 9.41582 -4.9563 0
      vertex 9.61803 -4.90211 0
    endloop
  endfacet
  facet normal -0.0523532 -0.998629 0
    outer loop
      vertex -3.20906 -4.98904 0
      vertex -3 -5 3
      vertex -3.20906 -4.98904 3
    endloop
  endfacet
  facet normal -0.0523532 -0.998629 -0
    outer loop
      vertex -3 -5 3
      vertex -3.20906 -4.98904 0
      vertex -3 -5 0
    endloop
  endfacet
  facet normal -0.156399 -0.987694 0
    outer loop
      vertex -3.41582 -4.9563 0
      vertex -3.20906 -4.98904 3
      vertex -3.41582 -4.9563 3
    endloop
  endfacet
  facet normal -0.156399 -0.987694 -0
    outer loop
      vertex -3.20906 -4.98904 3
      vertex -3.41582 -4.9563 0
      vertex -3.20906 -4.98904 0
    endloop
  endfacet
  facet normal 0.358358 0.933584 -0
    outer loop
      vertex 9.81347 4.82709 0
      vertex 9.61803 4.90211 3
      vertex 9.81347 4.82709 3
    endloop
  endfacet
  facet normal 0.358358 0.933584 0
    outer loop
      vertex 9.61803 4.90211 3
      vertex 9.81347 4.82709 0
      vertex 9.61803 4.90211 0
    endloop
  endfacet
  facet normal -0.62931 0.777155 0
    outer loop
      vertex -4.17557 4.61803 0
      vertex -4.33826 4.48629 3
      vertex -4.17557 4.61803 3
    endloop
  endfacet
  facet normal -0.62931 0.777155 0
    outer loop
      vertex -4.33826 4.48629 3
      vertex -4.17557 4.61803 0
      vertex -4.33826 4.48629 0
    endloop
  endfacet
  facet normal 0 1 -0
    outer loop
      vertex 9 5 0
      vertex -3 5 3
      vertex 9 5 3
    endloop
  endfacet
  facet normal 0 1 0
    outer loop
      vertex -3 5 3
      vertex 9 5 0
      vertex -3 5 0
    endloop
  endfacet
  facet normal -0.987694 -0.156399 0
    outer loop
      vertex -4.9563 -3.41582 0
      vertex -4.98904 -3.20906 3
      vertex -4.98904 -3.20906 0
    endloop
  endfacet
  facet normal -0.987694 -0.156399 0
    outer loop
      vertex -4.98904 -3.20906 3
      vertex -4.9563 -3.41582 0
      vertex -4.9563 -3.41582 3
    endloop
  endfacet
  facet normal 0.544585 0.838705 -0
    outer loop
      vertex 10.1756 4.61803 0
      vertex 10 4.73205 3
      vertex 10.1756 4.61803 3
    endloop
  endfacet
  facet normal 0.544585 0.838705 0
    outer loop
      vertex 10 4.73205 3
      vertex 10.1756 4.61803 0
      vertex 10 4.73205 0
    endloop
  endfacet
  facet normal -0.998629 -0.0523532 0
    outer loop
      vertex -4.98904 -3.20906 0
      vertex -5 -3 3
      vertex -5 -3 0
    endloop
  endfacet
  facet normal -0.998629 -0.0523532 0
    outer loop
      vertex -5 -3 3
      vertex -4.98904 -3.20906 0
      vertex -4.98904 -3.20906 3
    endloop
  endfacet
  facet normal 0.890894 0.454211 0
    outer loop
      vertex 10.8271 3.81347 3
      vertex 10.732 4 0
      vertex 10.732 4 3
    endloop
  endfacet
  facet normal 0.890894 0.454211 0
    outer loop
      vertex 10.732 4 0
      vertex 10.8271 3.81347 3
      vertex 10.8271 3.81347 0
    endloop
  endfacet
  facet normal 0.777248 -0.629194 0
    outer loop
      vertex 10.4863 -4.33826 3
      vertex 10.618 -4.17557 0
      vertex 10.618 -4.17557 3
    endloop
  endfacet
  facet normal 0.777248 -0.629194 0
    outer loop
      vertex 10.618 -4.17557 0
      vertex 10.4863 -4.33826 3
      vertex 10.4863 -4.33826 0
    endloop
  endfacet
  facet normal 0.965904 -0.258899 0
    outer loop
      vertex 10.9021 -3.61803 3
      vertex 10.9563 -3.41582 0
      vertex 10.9563 -3.41582 3
    endloop
  endfacet
  facet normal 0.965904 -0.258899 0
    outer loop
      vertex 10.9563 -3.41582 0
      vertex 10.9021 -3.61803 3
      vertex 10.9021 -3.61803 0
    endloop
  endfacet
  facet normal -0.777155 0.62931 0
    outer loop
      vertex -4.61803 4.17557 0
      vertex -4.48629 4.33826 3
      vertex -4.48629 4.33826 0
    endloop
  endfacet
  facet normal -0.777155 0.62931 0
    outer loop
      vertex -4.48629 4.33826 3
      vertex -4.61803 4.17557 0
      vertex -4.61803 4.17557 3
    endloop
  endfacet
  facet normal -0.358358 -0.933584 0
    outer loop
      vertex -3.81347 -4.82709 0
      vertex -3.61803 -4.90211 3
      vertex -3.81347 -4.82709 3
    endloop
  endfacet
  facet normal -0.358358 -0.933584 -0
    outer loop
      vertex -3.61803 -4.90211 3
      vertex -3.81347 -4.82709 0
      vertex -3.61803 -4.90211 0
    endloop
  endfacet
  facet normal -0.62931 -0.777155 0
    outer loop
      vertex -4.33826 -4.48629 0
      vertex -4.17557 -4.61803 3
      vertex -4.33826 -4.48629 3
    endloop
  endfacet
  facet normal -0.62931 -0.777155 -0
    outer loop
      vertex -4.17557 -4.61803 3
      vertex -4.33826 -4.48629 0
      vertex -4.17557 -4.61803 0
    endloop
  endfacet
  facet normal -0.777155 -0.62931 0
    outer loop
      vertex -4.48629 -4.33826 0
      vertex -4.61803 -4.17557 3
      vertex -4.61803 -4.17557 0
    endloop
  endfacet
  facet normal -0.777155 -0.62931 0
    outer loop
      vertex -4.61803 -4.17557 3
      vertex -4.48629 -4.33826 0
      vertex -4.48629 -4.33826 3
    endloop
  endfacet
  facet normal 0.453984 0.89101 -0
    outer loop
      vertex 10 4.73205 0
      vertex 9.81347 4.82709 3
      vertex 10 4.73205 3
    endloop
  endfacet
  facet normal 0.453984 0.89101 0
    outer loop
      vertex 9.81347 4.82709 3
      vertex 10 4.73205 0
      vertex 9.81347 4.82709 0
    endloop
  endfacet
  facet normal -0.998629 0.0523532 0
    outer loop
      vertex -5 3 0
      vertex -4.98904 3.20906 3
      vertex -4.98904 3.20906 0
    endloop
  endfacet
  facet normal -0.998629 0.0523532 0
    outer loop
      vertex -4.98904 3.20906 3
      vertex -5 3 0
      vertex -5 3 3
    endloop
  endfacet
  facet normal 0.890894 -0.454211 0
    outer loop
      vertex 10.732 -4 3
      vertex 10.8271 -3.81347 0
      vertex 10.8271 -3.81347 3
    endloop
  endfacet
  facet normal 0.890894 -0.454211 0
    outer loop
      vertex 10.8271 -3.81347 0
      vertex 10.732 -4 3
      vertex 10.732 -4 0
    endloop
  endfacet
  facet normal -0.933584 0.358358 0
    outer loop
      vertex -4.90211 3.61803 0
      vertex -4.82709 3.81347 3
      vertex -4.82709 3.81347 0
    endloop
  endfacet
  facet normal -0.933584 0.358358 0
    outer loop
      vertex -4.82709 3.81347 3
      vertex -4.90211 3.61803 0
      vertex -4.90211 3.61803 3
    endloop
  endfacet
  facet normal -0.838663 0.544651 0
    outer loop
      vertex -4.73205 4 0
      vertex -4.61803 4.17557 3
      vertex -4.61803 4.17557 0
    endloop
  endfacet
  facet normal -0.838663 0.544651 0
    outer loop
      vertex -4.61803 4.17557 3
      vertex -4.73205 4 0
      vertex -4.73205 4 3
    endloop
  endfacet
  facet normal 0 0 -1
    outer loop
      vertex 9 -5 0
      vertex 11 -3 0
      vertex 10.989 -3.20906 0
    endloop
  endfacet
  facet normal 0 0 -1
    outer loop
      vertex 11 -3 0
      vertex 7.7 0 0
      vertex 11 3 0
    endloop
  endfacet
  facet normal 0 0 -1
    outer loop
      vertex 9 -5 0
      vertex 10.989 -3.20906 0
      vertex 10.9563 -3.41582 0
    endloop
  endfacet
  facet normal 0 0 -1
    outer loop
      vertex 7.69069 0.177698 0
      vertex 11 3 0
      vertex 7.7 0 0
    endloop
  endfacet
  facet normal 0 0 -1
    outer loop
      vertex 9 -5 0
      vertex 10.9563 -3.41582 0
      vertex 10.9021 -3.61803 0
    endloop
  endfacet
  facet normal 0 0 -1
    outer loop
      vertex 7.66285 0.35345 0
      vertex 11 3 0
      vertex 7.69069 0.177698 0
    endloop
  endfacet
  facet normal 0 0 -1
    outer loop
      vertex 9 -5 0
      vertex 10.9021 -3.61803 0
      vertex 10.8271 -3.81347 0
    endloop
  endfacet
  facet normal 0 0 -1
    outer loop
      vertex 7.6168 0.525329 0
      vertex 11 3 0
      vertex 7.66285 0.35345 0
    endloop
  endfacet
  facet normal 0 0 -1
    outer loop
      vertex 9 -5 0
      vertex 10.8271 -3.81347 0
      vertex 10.732 -4 0
    endloop
  endfacet
  facet normal 0 0 -1
    outer loop
      vertex 7.55303 0.691452 0
      vertex 11 3 0
      vertex 7.6168 0.525329 0
    endloop
  endfacet
  facet normal 0 0 -1
    outer loop
      vertex 9 -5 0
      vertex 10.732 -4 0
      vertex 10.618 -4.17557 0
    endloop
  endfacet
  facet normal 0 0 -1
    outer loop
      vertex 7.47224 0.849999 0
      vertex 11 3 0
      vertex 7.55303 0.691452 0
    endloop
  endfacet
  facet normal 0 0 -1
    outer loop
      vertex 9 -5 0
      vertex 10.618 -4.17557 0
      vertex 10.4863 -4.33826 0
    endloop
  endfacet
  facet normal 0 0 -1
    outer loop
      vertex 7.37533 0.999234 0
      vertex 11 3 0
      vertex 7.47224 0.849999 0
    endloop
  endfacet
  facet normal 0 0 -1
    outer loop
      vertex 9 -5 0
      vertex 10.4863 -4.33826 0
      vertex 10.3383 -4.48629 0
    endloop
  endfacet
  facet normal 0 0 -1
    outer loop
      vertex 7.26335 1.13752 0
      vertex 11 3 0
      vertex 7.37533 0.999234 0
    endloop
  endfacet
  facet normal 0 0 -1
    outer loop
      vertex 9 -5 0
      vertex 10.3383 -4.48629 0
      vertex 10.1756 -4.61803 0
    endloop
  endfacet
  facet normal 0 -0 -1
    outer loop
      vertex 9 5 0
      vertex 11 3 0
      vertex 7.26335 1.13752 0
    endloop
  endfacet
  facet normal 0 0 -1
    outer loop
      vertex 9 -5 0
      vertex 10.1756 -4.61803 0
      vertex 10 -4.73205 0
    endloop
  endfacet
  facet normal 0 0 -1
    outer loop
      vertex 11 3 0
      vertex 9 5 0
      vertex 10.989 3.20906 0
    endloop
  endfacet
  facet normal 0 0 -1
    outer loop
      vertex 9 -5 0
      vertex 10 -4.73205 0
      vertex 9.81347 -4.82709 0
    endloop
  endfacet
  facet normal 0 0 -1
    outer loop
      vertex 10.989 3.20906 0
      vertex 9 5 0
      vertex 10.9563 3.41582 0
    endloop
  endfacet
  facet normal 0 0 -1
    outer loop
      vertex 9 -5 0
      vertex 9.81347 -4.82709 0
      vertex 9.61803 -4.90211 0
    endloop
  endfacet
  facet normal 0 0 -1
    outer loop
      vertex 10.9563 3.41582 0
      vertex 9 5 0
      vertex 10.9021 3.61803 0
    endloop
  endfacet
  facet normal 0 0 -1
    outer loop
      vertex 9 -5 0
      vertex 9.61803 -4.90211 0
      vertex 9.41582 -4.9563 0
    endloop
  endfacet
  facet normal 0 0 -1
    outer loop
      vertex 10.9021 3.61803 0
      vertex 9 5 0
      vertex 10.8271 3.81347 0
    endloop
  endfacet
  facet normal 0 0 -1
    outer loop
      vertex 9 -5 0
      vertex 9.41582 -4.9563 0
      vertex 9.20906 -4.98904 0
    endloop
  endfacet
  facet normal 0 0 -1
    outer loop
      vertex 10.8271 3.81347 0
      vertex 9 5 0
      vertex 10.732 4 0
    endloop
  endfacet
  facet normal -0 0 -1
    outer loop
      vertex 11 -3 0
      vertex 9 -5 0
      vertex 7.26335 -1.13752 0
    endloop
  endfacet
  facet normal 0 0 -1
    outer loop
      vertex 10.732 4 0
      vertex 9 5 0
      vertex 10.618 4.17557 0
    endloop
  endfacet
  facet normal 0 0 -1
    outer loop
      vertex 10.618 4.17557 0
      vertex 9 5 0
      vertex 10.4863 4.33826 0
    endloop
  endfacet
  facet normal 0 0 -1
    outer loop
      vertex 11 -3 0
      vertex 7.69069 -0.177698 0
      vertex 7.7 0 0
    endloop
  endfacet
  facet normal 0 0 -1
    outer loop
      vertex 11 -3 0
      vertex 7.66285 -0.35345 0
      vertex 7.69069 -0.177698 0
    endloop
  endfacet
  facet normal 0 0 -1
    outer loop
      vertex 11 -3 0
      vertex 7.6168 -0.525329 0
      vertex 7.66285 -0.35345 0
    endloop
  endfacet
  facet normal 0 0 -1
    outer loop
      vertex 11 -3 0
      vertex 7.55303 -0.691452 0
      vertex 7.6168 -0.525329 0
    endloop
  endfacet
  facet normal 0 0 -1
    outer loop
      vertex 11 -3 0
      vertex 7.47224 -0.849999 0
      vertex 7.55303 -0.691452 0
    endloop
  endfacet
  facet normal 0 0 -1
    outer loop
      vertex 11 -3 0
      vertex 7.37533 -0.999234 0
      vertex 7.47224 -0.849999 0
    endloop
  endfacet
  facet normal 0 0 -1
    outer loop
      vertex 11 -3 0
      vertex 7.26335 -1.13752 0
      vertex 7.37533 -0.999234 0
    endloop
  endfacet
  facet normal 0 0 -1
    outer loop
      vertex 9 -5 0
      vertex 7.13752 -1.26335 0
      vertex 7.26335 -1.13752 0
    endloop
  endfacet
  facet normal 0 0 -1
    outer loop
      vertex 9 -5 0
      vertex 6.99923 -1.37533 0
      vertex 7.13752 -1.26335 0
    endloop
  endfacet
  facet normal 0 0 -1
    outer loop
      vertex 9 -5 0
      vertex 6.85 -1.47224 0
      vertex 6.99923 -1.37533 0
    endloop
  endfacet
  facet normal 0 0 -1
    outer loop
      vertex 9 -5 0
      vertex 6.69145 -1.55303 0
      vertex 6.85 -1.47224 0
    endloop
  endfacet
  facet normal 0 0 -1
    outer loop
      vertex 9 -5 0
      vertex 6.52533 -1.6168 0
      vertex 6.69145 -1.55303 0
    endloop
  endfacet
  facet normal 0 0 -1
    outer loop
      vertex 9 -5 0
      vertex 6.35345 -1.66285 0
      vertex 6.52533 -1.6168 0
    endloop
  endfacet
  facet normal 0 0 -1
    outer loop
      vertex 9 -5 0
      vertex 6.1777 -1.69069 0
      vertex 6.35345 -1.66285 0
    endloop
  endfacet
  facet normal 0 0 -1
    outer loop
      vertex 9 -5 0
      vertex 6 -1.7 0
      vertex 6.1777 -1.69069 0
    endloop
  endfacet
  facet normal 0 0 -1
    outer loop
      vertex 9 -5 0
      vertex 5.8223 -1.69069 0
      vertex 6 -1.7 0
    endloop
  endfacet
  facet normal 0 0 -1
    outer loop
      vertex 9 -5 0
      vertex 5.64655 -1.66285 0
      vertex 5.8223 -1.69069 0
    endloop
  endfacet
  facet normal 0 0 -1
    outer loop
      vertex 9 -5 0
      vertex 5.47467 -1.6168 0
      vertex 5.64655 -1.66285 0
    endloop
  endfacet
  facet normal 0 0 -1
    outer loop
      vertex 9 -5 0
      vertex 5.30855 -1.55303 0
      vertex 5.47467 -1.6168 0
    endloop
  endfacet
  facet normal 0 0 -1
    outer loop
      vertex 0.691452 -1.55303 0
      vertex 5.30855 -1.55303 0
      vertex 9 -5 0
    endloop
  endfacet
  facet normal 0 0 -1
    outer loop
      vertex 5.30855 -1.55303 0
      vertex 0.691452 -1.55303 0
      vertex 5.15 -1.47224 0
    endloop
  endfacet
  facet normal 0 -0 -1
    outer loop
      vertex 0.849999 -1.47224 0
      vertex 5.15 -1.47224 0
      vertex 0.691452 -1.55303 0
    endloop
  endfacet
  facet normal 0 0 -1
    outer loop
      vertex 4.30931 -0.177698 0
      vertex 1.7 0 0
      vertex 4.3 0 0
    endloop
  endfacet
  facet normal 0 0 -1
    outer loop
      vertex 1.69069 -0.177698 0
      vertex 4.30931 -0.177698 0
      vertex 4.33715 -0.35345 0
    endloop
  endfacet
  facet normal 0 0 -1
    outer loop
      vertex 1.66285 -0.35345 0
      vertex 4.33715 -0.35345 0
      vertex 4.3832 -0.525329 0
    endloop
  endfacet
  facet normal 0 0 -1
    outer loop
      vertex 1.6168 -0.525329 0
      vertex 4.3832 -0.525329 0
      vertex 4.44697 -0.691452 0
    endloop
  endfacet
  facet normal 0 0 -1
    outer loop
      vertex 1.55303 -0.691452 0
      vertex 4.44697 -0.691452 0
      vertex 4.52776 -0.849999 0
    endloop
  endfacet
  facet normal 0 0 -1
    outer loop
      vertex 1.47224 -0.849999 0
      vertex 4.52776 -0.849999 0
      vertex 4.62467 -0.999234 0
    endloop
  endfacet
  facet normal 0 0 -1
    outer loop
      vertex 1.37533 -0.999234 0
      vertex 4.62467 -0.999234 0
      vertex 4.73665 -1.13752 0
    endloop
  endfacet
  facet normal 0 0 -1
    outer loop
      vertex 1.26335 -1.13752 0
      vertex 4.73665 -1.13752 0
      vertex 4.86248 -1.26335 0
    endloop
  endfacet
  facet normal 0 0 -1
    outer loop
      vertex 5.15 -1.47224 0
      vertex 0.849999 -1.47224 0
      vertex 5.00076 -1.37533 0
    endloop
  endfacet
  facet normal 0 0 -1
    outer loop
      vertex 4.30931 -0.177698 0
      vertex 1.69069 -0.177698 0
      vertex 1.7 0 0
    endloop
  endfacet
  facet normal 0 0 -1
    outer loop
      vertex 4.33715 -0.35345 0
      vertex 1.66285 -0.35345 0
      vertex 1.69069 -0.177698 0
    endloop
  endfacet
  facet normal 0 0 -1
    outer loop
      vertex 4.3832 -0.525329 0
      vertex 1.6168 -0.525329 0
      vertex 1.66285 -0.35345 0
    endloop
  endfacet
  facet normal 0 0 -1
    outer loop
      vertex 4.44697 -0.691452 0
      vertex 1.55303 -0.691452 0
      vertex 1.6168 -0.525329 0
    endloop
  endfacet
  facet normal 0 0 -1
    outer loop
      vertex 4.52776 -0.849999 0
      vertex 1.47224 -0.849999 0
      vertex 1.55303 -0.691452 0
    endloop
  endfacet
  facet normal 0 0 -1
    outer loop
      vertex 4.62467 -0.999234 0
      vertex 1.37533 -0.999234 0
      vertex 1.47224 -0.849999 0
    endloop
  endfacet
  facet normal 0 0 -1
    outer loop
      vertex 4.73665 -1.13752 0
      vertex 1.26335 -1.13752 0
      vertex 1.37533 -0.999234 0
    endloop
  endfacet
  facet normal 0 0 -1
    outer loop
      vertex 4.86248 -1.26335 0
      vertex 1.13752 -1.26335 0
      vertex 1.26335 -1.13752 0
    endloop
  endfacet
  facet normal -0 0 -1
    outer loop
      vertex 4.86248 -1.26335 0
      vertex 0.999234 -1.37533 0
      vertex 1.13752 -1.26335 0
    endloop
  endfacet
  facet normal 0 0 -1
    outer loop
      vertex 5.00076 -1.37533 0
      vertex 0.999234 -1.37533 0
      vertex 4.86248 -1.26335 0
    endloop
  endfacet
  facet normal 0 -0 -1
    outer loop
      vertex 0.999234 -1.37533 0
      vertex 5.00076 -1.37533 0
      vertex 0.849999 -1.47224 0
    endloop
  endfacet
  facet normal 0 0 -1
    outer loop
      vertex 9 -5 0
      vertex 0.525329 -1.6168 0
      vertex 0.691452 -1.55303 0
    endloop
  endfacet
  facet normal 0 0 -1
    outer loop
      vertex -3 -5 0
      vertex 0.525329 -1.6168 0
      vertex 9 -5 0
    endloop
  endfacet
  facet normal 0 0 -1
    outer loop
      vertex 0.525329 -1.6168 0
      vertex -3 -5 0
      vertex 0.35345 -1.66285 0
    endloop
  endfacet
  facet normal 0 0 -1
    outer loop
      vertex 0.35345 -1.66285 0
      vertex -3 -5 0
      vertex 0.177698 -1.69069 0
    endloop
  endfacet
  facet normal 0 0 -1
    outer loop
      vertex 0.177698 -1.69069 0
      vertex -3 -5 0
      vertex 0 -1.7 0
    endloop
  endfacet
  facet normal -0 0 -1
    outer loop
      vertex 0 -1.7 0
      vertex -3 -5 0
      vertex -0.177698 -1.69069 0
    endloop
  endfacet
  facet normal -0 0 -1
    outer loop
      vertex -0.177698 -1.69069 0
      vertex -3 -5 0
      vertex -0.35345 -1.66285 0
    endloop
  endfacet
  facet normal -0 0 -1
    outer loop
      vertex -1.66285 -0.35345 0
      vertex -5 -3 0
      vertex -1.69069 -0.177698 0
    endloop
  endfacet
  facet normal -0 0 -1
    outer loop
      vertex -1.6168 -0.525329 0
      vertex -5 -3 0
      vertex -1.66285 -0.35345 0
    endloop
  endfacet
  facet normal -0 0 -1
    outer loop
      vertex -1.55303 -0.691452 0
      vertex -5 -3 0
      vertex -1.6168 -0.525329 0
    endloop
  endfacet
  facet normal -0 0 -1
    outer loop
      vertex -1.47224 -0.849999 0
      vertex -5 -3 0
      vertex -1.55303 -0.691452 0
    endloop
  endfacet
  facet normal -0 0 -1
    outer loop
      vertex -1.37533 -0.999234 0
      vertex -5 -3 0
      vertex -1.47224 -0.849999 0
    endloop
  endfacet
  facet normal -0 0 -1
    outer loop
      vertex -1.26335 -1.13752 0
      vertex -5 -3 0
      vertex -1.37533 -0.999234 0
    endloop
  endfacet
  facet normal 0 0 -1
    outer loop
      vertex -5 -3 0
      vertex -1.26335 -1.13752 0
      vertex -3 -5 0
    endloop
  endfacet
  facet normal -0 0 -1
    outer loop
      vertex -1.13752 -1.26335 0
      vertex -3 -5 0
      vertex -1.26335 -1.13752 0
    endloop
  endfacet
  facet normal -0 0 -1
    outer loop
      vertex -0.999234 -1.37533 0
      vertex -3 -5 0
      vertex -1.13752 -1.26335 0
    endloop
  endfacet
  facet normal -0 0 -1
    outer loop
      vertex -0.849999 -1.47224 0
      vertex -3 -5 0
      vertex -0.999234 -1.37533 0
    endloop
  endfacet
  facet normal -0 0 -1
    outer loop
      vertex -0.691452 -1.55303 0
      vertex -3 -5 0
      vertex -0.849999 -1.47224 0
    endloop
  endfacet
  facet normal -0 0 -1
    outer loop
      vertex -0.525329 -1.6168 0
      vertex -3 -5 0
      vertex -0.691452 -1.55303 0
    endloop
  endfacet
  facet normal -0 0 -1
    outer loop
      vertex -0.35345 -1.66285 0
      vertex -3 -5 0
      vertex -0.525329 -1.6168 0
    endloop
  endfacet
  facet normal 0 0 -1
    outer loop
      vertex 10.4863 4.33826 0
      vertex 9 5 0
      vertex 10.3383 4.48629 0
    endloop
  endfacet
  facet normal 0 0 -1
    outer loop
      vertex 10.3383 4.48629 0
      vertex 9 5 0
      vertex 10.1756 4.61803 0
    endloop
  endfacet
  facet normal 0 0 -1
    outer loop
      vertex 10.1756 4.61803 0
      vertex 9 5 0
      vertex 10 4.73205 0
    endloop
  endfacet
  facet normal 0 0 -1
    outer loop
      vertex 10 4.73205 0
      vertex 9 5 0
      vertex 9.81347 4.82709 0
    endloop
  endfacet
  facet normal 0 0 -1
    outer loop
      vertex 9.81347 4.82709 0
      vertex 9 5 0
      vertex 9.61803 4.90211 0
    endloop
  endfacet
  facet normal 0 0 -1
    outer loop
      vertex 9.61803 4.90211 0
      vertex 9 5 0
      vertex 9.41582 4.9563 0
    endloop
  endfacet
  facet normal 0 0 -1
    outer loop
      vertex 9.41582 4.9563 0
      vertex 9 5 0
      vertex 9.20906 4.98904 0
    endloop
  endfacet
  facet normal 0 0 -1
    outer loop
      vertex 7.13752 1.26335 0
      vertex 9 5 0
      vertex 7.26335 1.13752 0
    endloop
  endfacet
  facet normal 0 0 -1
    outer loop
      vertex 6.99923 1.37533 0
      vertex 9 5 0
      vertex 7.13752 1.26335 0
    endloop
  endfacet
  facet normal 0 0 -1
    outer loop
      vertex 6.85 1.47224 0
      vertex 9 5 0
      vertex 6.99923 1.37533 0
    endloop
  endfacet
  facet normal 0 0 -1
    outer loop
      vertex 6.69145 1.55303 0
      vertex 9 5 0
      vertex 6.85 1.47224 0
    endloop
  endfacet
  facet normal 0 0 -1
    outer loop
      vertex 6.52533 1.6168 0
      vertex 9 5 0
      vertex 6.69145 1.55303 0
    endloop
  endfacet
  facet normal 0 0 -1
    outer loop
      vertex 6.35345 1.66285 0
      vertex 9 5 0
      vertex 6.52533 1.6168 0
    endloop
  endfacet
  facet normal 0 0 -1
    outer loop
      vertex 6.1777 1.69069 0
      vertex 9 5 0
      vertex 6.35345 1.66285 0
    endloop
  endfacet
  facet normal 0 0 -1
    outer loop
      vertex 6 1.7 0
      vertex 9 5 0
      vertex 6.1777 1.69069 0
    endloop
  endfacet
  facet normal 0 0 -1
    outer loop
      vertex 5.8223 1.69069 0
      vertex 9 5 0
      vertex 6 1.7 0
    endloop
  endfacet
  facet normal 0 0 -1
    outer loop
      vertex 5.64655 1.66285 0
      vertex 9 5 0
      vertex 5.8223 1.69069 0
    endloop
  endfacet
  facet normal 0 0 -1
    outer loop
      vertex 5.47467 1.6168 0
      vertex 9 5 0
      vertex 5.64655 1.66285 0
    endloop
  endfacet
  facet normal 0 0 -1
    outer loop
      vertex 5.30855 1.55303 0
      vertex 9 5 0
      vertex 5.47467 1.6168 0
    endloop
  endfacet
  facet normal 0 0 -1
    outer loop
      vertex 0.691452 1.55303 0
      vertex 5.30855 1.55303 0
      vertex 5.15 1.47224 0
    endloop
  endfacet
  facet normal 0 0 -1
    outer loop
      vertex 0.849999 1.47224 0
      vertex 5.15 1.47224 0
      vertex 5.00076 1.37533 0
    endloop
  endfacet
  facet normal 0 0 -1
    outer loop
      vertex 0.999234 1.37533 0
      vertex 5.00076 1.37533 0
      vertex 4.86248 1.26335 0
    endloop
  endfacet
  facet normal 0 0 -1
    outer loop
      vertex 1.7 0 0
      vertex 4.30931 0.177698 0
      vertex 4.3 0 0
    endloop
  endfacet
  facet normal 0 0 -1
    outer loop
      vertex 1.69069 0.177698 0
      vertex 4.30931 0.177698 0
      vertex 1.7 0 0
    endloop
  endfacet
  facet normal 0 0 -1
    outer loop
      vertex 4.30931 0.177698 0
      vertex 1.69069 0.177698 0
      vertex 4.33715 0.35345 0
    endloop
  endfacet
  facet normal 0 0 -1
    outer loop
      vertex 1.66285 0.35345 0
      vertex 4.33715 0.35345 0
      vertex 1.69069 0.177698 0
    endloop
  endfacet
  facet normal 0 0 -1
    outer loop
      vertex 4.33715 0.35345 0
      vertex 1.66285 0.35345 0
      vertex 4.3832 0.525329 0
    endloop
  endfacet
  facet normal 0 0 -1
    outer loop
      vertex 1.6168 0.525329 0
      vertex 4.3832 0.525329 0
      vertex 1.66285 0.35345 0
    endloop
  endfacet
  facet normal 0 0 -1
    outer loop
      vertex 4.3832 0.525329 0
      vertex 1.6168 0.525329 0
      vertex 4.44697 0.691452 0
    endloop
  endfacet
  facet normal 0 0 -1
    outer loop
      vertex 1.55303 0.691452 0
      vertex 4.44697 0.691452 0
      vertex 1.6168 0.525329 0
    endloop
  endfacet
  facet normal 0 0 -1
    outer loop
      vertex 4.44697 0.691452 0
      vertex 1.55303 0.691452 0
      vertex 4.52776 0.849999 0
    endloop
  endfacet
  facet normal 0 0 -1
    outer loop
      vertex 1.47224 0.849999 0
      vertex 4.52776 0.849999 0
      vertex 1.55303 0.691452 0
    endloop
  endfacet
  facet normal 0 0 -1
    outer loop
      vertex 4.52776 0.849999 0
      vertex 1.47224 0.849999 0
      vertex 4.62467 0.999234 0
    endloop
  endfacet
  facet normal 0 0 -1
    outer loop
      vertex 1.37533 0.999234 0
      vertex 4.62467 0.999234 0
      vertex 1.47224 0.849999 0
    endloop
  endfacet
  facet normal 0 0 -1
    outer loop
      vertex 4.62467 0.999234 0
      vertex 1.37533 0.999234 0
      vertex 4.73665 1.13752 0
    endloop
  endfacet
  facet normal 0 0 -1
    outer loop
      vertex 1.26335 1.13752 0
      vertex 4.73665 1.13752 0
      vertex 1.37533 0.999234 0
    endloop
  endfacet
  facet normal 0 0 -1
    outer loop
      vertex 4.73665 1.13752 0
      vertex 1.26335 1.13752 0
      vertex 4.86248 1.26335 0
    endloop
  endfacet
  facet normal 0 0 -1
    outer loop
      vertex 1.13752 1.26335 0
      vertex 4.86248 1.26335 0
      vertex 1.26335 1.13752 0
    endloop
  endfacet
  facet normal 0 0 -1
    outer loop
      vertex 0.999234 1.37533 0
      vertex 4.86248 1.26335 0
      vertex 1.13752 1.26335 0
    endloop
  endfacet
  facet normal 0 0 -1
    outer loop
      vertex 5.00076 1.37533 0
      vertex 0.999234 1.37533 0
      vertex 0.849999 1.47224 0
    endloop
  endfacet
  facet normal 0 0 -1
    outer loop
      vertex 5.15 1.47224 0
      vertex 0.849999 1.47224 0
      vertex 0.691452 1.55303 0
    endloop
  endfacet
  facet normal 0 0 -1
    outer loop
      vertex 5.30855 1.55303 0
      vertex 0.691452 1.55303 0
      vertex 9 5 0
    endloop
  endfacet
  facet normal 0 0 -1
    outer loop
      vertex 0.525329 1.6168 0
      vertex 9 5 0
      vertex 0.691452 1.55303 0
    endloop
  endfacet
  facet normal 0 0 -1
    outer loop
      vertex -3 5 0
      vertex 0.525329 1.6168 0
      vertex 0.35345 1.66285 0
    endloop
  endfacet
  facet normal 0 0 -1
    outer loop
      vertex -3 5 0
      vertex 0.35345 1.66285 0
      vertex 0.177698 1.69069 0
    endloop
  endfacet
  facet normal 0 0 -1
    outer loop
      vertex -3 5 0
      vertex 0.177698 1.69069 0
      vertex 0 1.7 0
    endloop
  endfacet
  facet normal 0 0 -1
    outer loop
      vertex -3 5 0
      vertex 0 1.7 0
      vertex -0.177698 1.69069 0
    endloop
  endfacet
  facet normal 0 0 -1
    outer loop
      vertex -3 5 0
      vertex -0.177698 1.69069 0
      vertex -0.35345 1.66285 0
    endloop
  endfacet
  facet normal 0 0 -1
    outer loop
      vertex -3 5 0
      vertex -0.35345 1.66285 0
      vertex -0.525329 1.6168 0
    endloop
  endfacet
  facet normal -0 0 -1
    outer loop
      vertex -1.69069 -0.177698 0
      vertex -5 -3 0
      vertex -1.7 0 0
    endloop
  endfacet
  facet normal 0 0 -1
    outer loop
      vertex -5 3 0
      vertex -1.7 0 0
      vertex -5 -3 0
    endloop
  endfacet
  facet normal 0 0 -1
    outer loop
      vertex 0.525329 1.6168 0
      vertex -3 5 0
      vertex 9 5 0
    endloop
  endfacet
  facet normal 0 0 -1
    outer loop
      vertex -0.691452 1.55303 0
      vertex -3 5 0
      vertex -0.525329 1.6168 0
    endloop
  endfacet
  facet normal 0 0 -1
    outer loop
      vertex -0.849999 1.47224 0
      vertex -3 5 0
      vertex -0.691452 1.55303 0
    endloop
  endfacet
  facet normal 0 0 -1
    outer loop
      vertex -0.999234 1.37533 0
      vertex -3 5 0
      vertex -0.849999 1.47224 0
    endloop
  endfacet
  facet normal 0 0 -1
    outer loop
      vertex -1.13752 1.26335 0
      vertex -3 5 0
      vertex -0.999234 1.37533 0
    endloop
  endfacet
  facet normal 0 0 -1
    outer loop
      vertex -1.26335 1.13752 0
      vertex -3 5 0
      vertex -1.13752 1.26335 0
    endloop
  endfacet
  facet normal 0 0 -1
    outer loop
      vertex -5 3 0
      vertex -1.26335 1.13752 0
      vertex -1.37533 0.999234 0
    endloop
  endfacet
  facet normal 0 0 -1
    outer loop
      vertex -5 3 0
      vertex -1.37533 0.999234 0
      vertex -1.47224 0.849999 0
    endloop
  endfacet
  facet normal 0 0 -1
    outer loop
      vertex -5 3 0
      vertex -1.47224 0.849999 0
      vertex -1.55303 0.691452 0
    endloop
  endfacet
  facet normal 0 0 -1
    outer loop
      vertex -5 3 0
      vertex -1.55303 0.691452 0
      vertex -1.6168 0.525329 0
    endloop
  endfacet
  facet normal 0 0 -1
    outer loop
      vertex -5 3 0
      vertex -1.6168 0.525329 0
      vertex -1.66285 0.35345 0
    endloop
  endfacet
  facet normal 0 0 -1
    outer loop
      vertex -1.7 0 0
      vertex -5 3 0
      vertex -1.69069 0.177698 0
    endloop
  endfacet
  facet normal 0 0 -1
    outer loop
      vertex -5 -3 0
      vertex -3 -5 0
      vertex -3.20906 -4.98904 0
    endloop
  endfacet
  facet normal 0 0 -1
    outer loop
      vertex -1.69069 0.177698 0
      vertex -5 3 0
      vertex -1.66285 0.35345 0
    endloop
  endfacet
  facet normal 0 0 -1
    outer loop
      vertex -5 -3 0
      vertex -3.20906 -4.98904 0
      vertex -3.41582 -4.9563 0
    endloop
  endfacet
  facet normal 0 0 -1
    outer loop
      vertex -1.26335 1.13752 0
      vertex -5 3 0
      vertex -3 5 0
    endloop
  endfacet
  facet normal 0 0 -1
    outer loop
      vertex -5 -3 0
      vertex -3.41582 -4.9563 0
      vertex -3.61803 -4.90211 0
    endloop
  endfacet
  facet normal 0 0 -1
    outer loop
      vertex -3 5 0
      vertex -5 3 0
      vertex -3.20906 4.98904 0
    endloop
  endfacet
  facet normal 0 0 -1
    outer loop
      vertex -5 -3 0
      vertex -3.61803 -4.90211 0
      vertex -3.81347 -4.82709 0
    endloop
  endfacet
  facet normal 0 0 -1
    outer loop
      vertex -3.20906 4.98904 0
      vertex -5 3 0
      vertex -3.41582 4.9563 0
    endloop
  endfacet
  facet normal 0 0 -1
    outer loop
      vertex -5 -3 0
      vertex -3.81347 -4.82709 0
      vertex -4 -4.73205 0
    endloop
  endfacet
  facet normal 0 0 -1
    outer loop
      vertex -3.41582 4.9563 0
      vertex -5 3 0
      vertex -3.61803 4.90211 0
    endloop
  endfacet
  facet normal 0 0 -1
    outer loop
      vertex -5 -3 0
      vertex -4 -4.73205 0
      vertex -4.17557 -4.61803 0
    endloop
  endfacet
  facet normal 0 0 -1
    outer loop
      vertex -3.61803 4.90211 0
      vertex -5 3 0
      vertex -3.81347 4.82709 0
    endloop
  endfacet
  facet normal 0 0 -1
    outer loop
      vertex -5 -3 0
      vertex -4.17557 -4.61803 0
      vertex -4.33826 -4.48629 0
    endloop
  endfacet
  facet normal 0 0 -1
    outer loop
      vertex -3.81347 4.82709 0
      vertex -5 3 0
      vertex -4 4.73205 0
    endloop
  endfacet
  facet normal 0 0 -1
    outer loop
      vertex -5 -3 0
      vertex -4.33826 -4.48629 0
      vertex -4.48629 -4.33826 0
    endloop
  endfacet
  facet normal 0 0 -1
    outer loop
      vertex -4 4.73205 0
      vertex -5 3 0
      vertex -4.17557 4.61803 0
    endloop
  endfacet
  facet normal 0 0 -1
    outer loop
      vertex -5 -3 0
      vertex -4.48629 -4.33826 0
      vertex -4.61803 -4.17557 0
    endloop
  endfacet
  facet normal 0 0 -1
    outer loop
      vertex -4.17557 4.61803 0
      vertex -5 3 0
      vertex -4.33826 4.48629 0
    endloop
  endfacet
  facet normal 0 0 -1
    outer loop
      vertex -5 -3 0
      vertex -4.61803 -4.17557 0
      vertex -4.73205 -4 0
    endloop
  endfacet
  facet normal 0 0 -1
    outer loop
      vertex -4.33826 4.48629 0
      vertex -5 3 0
      vertex -4.48629 4.33826 0
    endloop
  endfacet
  facet normal 0 0 -1
    outer loop
      vertex -5 -3 0
      vertex -4.73205 -4 0
      vertex -4.82709 -3.81347 0
    endloop
  endfacet
  facet normal 0 0 -1
    outer loop
      vertex -4.48629 4.33826 0
      vertex -5 3 0
      vertex -4.61803 4.17557 0
    endloop
  endfacet
  facet normal 0 0 -1
    outer loop
      vertex -5 -3 0
      vertex -4.82709 -3.81347 0
      vertex -4.90211 -3.61803 0
    endloop
  endfacet
  facet normal 0 0 -1
    outer loop
      vertex -4.61803 4.17557 0
      vertex -5 3 0
      vertex -4.73205 4 0
    endloop
  endfacet
  facet normal 0 0 -1
    outer loop
      vertex -5 -3 0
      vertex -4.90211 -3.61803 0
      vertex -4.9563 -3.41582 0
    endloop
  endfacet
  facet normal 0 0 -1
    outer loop
      vertex -4.73205 4 0
      vertex -5 3 0
      vertex -4.82709 3.81347 0
    endloop
  endfacet
  facet normal 0 0 -1
    outer loop
      vertex -5 -3 0
      vertex -4.9563 -3.41582 0
      vertex -4.98904 -3.20906 0
    endloop
  endfacet
  facet normal 0 0 -1
    outer loop
      vertex -4.82709 3.81347 0
      vertex -5 3 0
      vertex -4.90211 3.61803 0
    endloop
  endfacet
  facet normal 0 0 -1
    outer loop
      vertex -4.90211 3.61803 0
      vertex -5 3 0
      vertex -4.9563 3.41582 0
    endloop
  endfacet
  facet normal 0 0 -1
    outer loop
      vertex -4.9563 3.41582 0
      vertex -5 3 0
      vertex -4.98904 3.20906 0
    endloop
  endfacet
  facet normal -0.987685 -0.156454 0
    outer loop
      vertex 7.69069 0.177698 0
      vertex 7.66285 0.35345 3
      vertex 7.66285 0.35345 0
    endloop
  endfacet
  facet normal -0.987685 -0.156454 0
    outer loop
      vertex 7.66285 0.35345 3
      vertex 7.69069 0.177698 0
      vertex 7.69069 0.177698 3
    endloop
  endfacet
  facet normal -0.99863 -0.0523205 0
    outer loop
      vertex 7.7 0 0
      vertex 7.69069 0.177698 3
      vertex 7.69069 0.177698 0
    endloop
  endfacet
  facet normal -0.99863 -0.0523205 0
    outer loop
      vertex 7.69069 0.177698 3
      vertex 7.7 0 0
      vertex 7.7 0 3
    endloop
  endfacet
  facet normal -0.629303 -0.77716 0
    outer loop
      vertex 6.99923 1.37533 0
      vertex 7.13752 1.26335 3
      vertex 6.99923 1.37533 3
    endloop
  endfacet
  facet normal -0.629303 -0.77716 -0
    outer loop
      vertex 7.13752 1.26335 3
      vertex 6.99923 1.37533 0
      vertex 7.13752 1.26335 0
    endloop
  endfacet
  facet normal -0.258792 0.965933 0
    outer loop
      vertex 6.52533 -1.6168 0
      vertex 6.35345 -1.66285 3
      vertex 6.52533 -1.6168 3
    endloop
  endfacet
  facet normal -0.258792 0.965933 0
    outer loop
      vertex 6.35345 -1.66285 3
      vertex 6.52533 -1.6168 0
      vertex 6.35345 -1.66285 0
    endloop
  endfacet
  facet normal -0.965933 -0.258794 0
    outer loop
      vertex 7.66285 0.35345 0
      vertex 7.6168 0.525329 3
      vertex 7.6168 0.525329 0
    endloop
  endfacet
  facet normal -0.965933 -0.258794 0
    outer loop
      vertex 7.6168 0.525329 3
      vertex 7.66285 0.35345 0
      vertex 7.66285 0.35345 3
    endloop
  endfacet
  facet normal -0.987685 0.156454 0
    outer loop
      vertex 7.66285 -0.35345 0
      vertex 7.69069 -0.177698 3
      vertex 7.69069 -0.177698 0
    endloop
  endfacet
  facet normal -0.987685 0.156454 0
    outer loop
      vertex 7.69069 -0.177698 3
      vertex 7.66285 -0.35345 0
      vertex 7.66285 -0.35345 3
    endloop
  endfacet
  facet normal -0.777151 0.629314 0
    outer loop
      vertex 7.26335 -1.13752 0
      vertex 7.37533 -0.999234 3
      vertex 7.37533 -0.999234 0
    endloop
  endfacet
  facet normal -0.777151 0.629314 0
    outer loop
      vertex 7.37533 -0.999234 3
      vertex 7.26335 -1.13752 0
      vertex 7.26335 -1.13752 3
    endloop
  endfacet
  facet normal -0.35838 -0.933576 0
    outer loop
      vertex 6.52533 1.6168 0
      vertex 6.69145 1.55303 3
      vertex 6.52533 1.6168 3
    endloop
  endfacet
  facet normal -0.35838 -0.933576 -0
    outer loop
      vertex 6.69145 1.55303 3
      vertex 6.52533 1.6168 0
      vertex 6.69145 1.55303 0
    endloop
  endfacet
  facet normal -0.99863 0.0523205 0
    outer loop
      vertex 7.69069 -0.177698 0
      vertex 7.7 0 3
      vertex 7.7 0 0
    endloop
  endfacet
  facet normal -0.99863 0.0523205 0
    outer loop
      vertex 7.7 0 3
      vertex 7.69069 -0.177698 0
      vertex 7.69069 -0.177698 3
    endloop
  endfacet
  facet normal -0.707107 0.707107 0
    outer loop
      vertex 7.13752 -1.26335 0
      vertex 7.26335 -1.13752 3
      vertex 7.26335 -1.13752 0
    endloop
  endfacet
  facet normal -0.707107 0.707107 0
    outer loop
      vertex 7.26335 -1.13752 3
      vertex 7.13752 -1.26335 0
      vertex 7.13752 -1.26335 3
    endloop
  endfacet
  facet normal 0.544609 -0.83869 0
    outer loop
      vertex 5.00076 1.37533 0
      vertex 5.15 1.47224 3
      vertex 5.00076 1.37533 3
    endloop
  endfacet
  facet normal 0.544609 -0.83869 0
    outer loop
      vertex 5.15 1.47224 3
      vertex 5.00076 1.37533 0
      vertex 5.15 1.47224 0
    endloop
  endfacet
  facet normal -0.454012 -0.890996 0
    outer loop
      vertex 6.69145 1.55303 0
      vertex 6.85 1.47224 3
      vertex 6.69145 1.55303 3
    endloop
  endfacet
  facet normal -0.454012 -0.890996 -0
    outer loop
      vertex 6.85 1.47224 3
      vertex 6.69145 1.55303 0
      vertex 6.85 1.47224 0
    endloop
  endfacet
  facet normal 0.156456 0.987685 -0
    outer loop
      vertex 5.8223 -1.69069 0
      vertex 5.64655 -1.66285 3
      vertex 5.8223 -1.69069 3
    endloop
  endfacet
  facet normal 0.156456 0.987685 0
    outer loop
      vertex 5.64655 -1.66285 3
      vertex 5.8223 -1.69069 0
      vertex 5.64655 -1.66285 0
    endloop
  endfacet
  facet normal -0.777151 -0.629314 0
    outer loop
      vertex 7.37533 0.999234 0
      vertex 7.26335 1.13752 3
      vertex 7.26335 1.13752 0
    endloop
  endfacet
  facet normal -0.777151 -0.629314 0
    outer loop
      vertex 7.26335 1.13752 3
      vertex 7.37533 0.999234 0
      vertex 7.37533 0.999234 3
    endloop
  endfacet
  facet normal 0.99863 -0.0523205 0
    outer loop
      vertex 4.3 0 3
      vertex 4.30931 0.177698 0
      vertex 4.30931 0.177698 3
    endloop
  endfacet
  facet normal 0.99863 -0.0523205 0
    outer loop
      vertex 4.30931 0.177698 0
      vertex 4.3 0 3
      vertex 4.3 0 0
    endloop
  endfacet
  facet normal 0.933578 0.358375 0
    outer loop
      vertex 4.44697 -0.691452 3
      vertex 4.3832 -0.525329 0
      vertex 4.3832 -0.525329 3
    endloop
  endfacet
  facet normal 0.933578 0.358375 0
    outer loop
      vertex 4.3832 -0.525329 0
      vertex 4.44697 -0.691452 3
      vertex 4.44697 -0.691452 0
    endloop
  endfacet
  facet normal -0.544635 -0.838673 0
    outer loop
      vertex 6.85 1.47224 0
      vertex 6.99923 1.37533 3
      vertex 6.85 1.47224 3
    endloop
  endfacet
  facet normal -0.544635 -0.838673 -0
    outer loop
      vertex 6.99923 1.37533 3
      vertex 6.85 1.47224 0
      vertex 6.99923 1.37533 0
    endloop
  endfacet
  facet normal 0.629331 -0.777138 0
    outer loop
      vertex 4.86248 1.26335 0
      vertex 5.00076 1.37533 3
      vertex 4.86248 1.26335 3
    endloop
  endfacet
  facet normal 0.629331 -0.777138 0
    outer loop
      vertex 5.00076 1.37533 3
      vertex 4.86248 1.26335 0
      vertex 5.00076 1.37533 0
    endloop
  endfacet
  facet normal -0.629303 0.77716 0
    outer loop
      vertex 7.13752 -1.26335 0
      vertex 6.99923 -1.37533 3
      vertex 7.13752 -1.26335 3
    endloop
  endfacet
  facet normal -0.629303 0.77716 0
    outer loop
      vertex 6.99923 -1.37533 3
      vertex 7.13752 -1.26335 0
      vertex 6.99923 -1.37533 0
    endloop
  endfacet
  facet normal -0.258792 -0.965933 0
    outer loop
      vertex 6.35345 1.66285 0
      vertex 6.52533 1.6168 3
      vertex 6.35345 1.66285 3
    endloop
  endfacet
  facet normal -0.258792 -0.965933 -0
    outer loop
      vertex 6.52533 1.6168 3
      vertex 6.35345 1.66285 0
      vertex 6.52533 1.6168 0
    endloop
  endfacet
  facet normal -0.933578 -0.358375 0
    outer loop
      vertex 7.6168 0.525329 0
      vertex 7.55303 0.691452 3
      vertex 7.55303 0.691452 0
    endloop
  endfacet
  facet normal -0.933578 -0.358375 0
    outer loop
      vertex 7.55303 0.691452 3
      vertex 7.6168 0.525329 0
      vertex 7.6168 0.525329 3
    endloop
  endfacet
  facet normal -0.156456 0.987685 0
    outer loop
      vertex 6.35345 -1.66285 0
      vertex 6.1777 -1.69069 3
      vertex 6.35345 -1.66285 3
    endloop
  endfacet
  facet normal -0.156456 0.987685 0
    outer loop
      vertex 6.1777 -1.69069 3
      vertex 6.35345 -1.66285 0
      vertex 6.1777 -1.69069 0
    endloop
  endfacet
  facet normal -0.0523199 -0.99863 0
    outer loop
      vertex 6 1.7 0
      vertex 6.1777 1.69069 3
      vertex 6 1.7 3
    endloop
  endfacet
  facet normal -0.0523199 -0.99863 -0
    outer loop
      vertex 6.1777 1.69069 3
      vertex 6 1.7 0
      vertex 6.1777 1.69069 0
    endloop
  endfacet
  facet normal 0.890992 0.454018 0
    outer loop
      vertex 4.52776 -0.849999 3
      vertex 4.44697 -0.691452 0
      vertex 4.44697 -0.691452 3
    endloop
  endfacet
  facet normal 0.890992 0.454018 0
    outer loop
      vertex 4.44697 -0.691452 0
      vertex 4.52776 -0.849999 3
      vertex 4.52776 -0.849999 0
    endloop
  endfacet
  facet normal 0.156456 -0.987685 0
    outer loop
      vertex 5.64655 1.66285 0
      vertex 5.8223 1.69069 3
      vertex 5.64655 1.66285 3
    endloop
  endfacet
  facet normal 0.156456 -0.987685 0
    outer loop
      vertex 5.8223 1.69069 3
      vertex 5.64655 1.66285 0
      vertex 5.8223 1.69069 0
    endloop
  endfacet
  facet normal 0.777151 -0.629314 0
    outer loop
      vertex 4.62467 0.999234 3
      vertex 4.73665 1.13752 0
      vertex 4.73665 1.13752 3
    endloop
  endfacet
  facet normal 0.777151 -0.629314 0
    outer loop
      vertex 4.73665 1.13752 0
      vertex 4.62467 0.999234 3
      vertex 4.62467 0.999234 0
    endloop
  endfacet
  facet normal 0.707107 0.707107 0
    outer loop
      vertex 4.86248 -1.26335 3
      vertex 4.73665 -1.13752 0
      vertex 4.73665 -1.13752 3
    endloop
  endfacet
  facet normal 0.707107 0.707107 0
    outer loop
      vertex 4.73665 -1.13752 0
      vertex 4.86248 -1.26335 3
      vertex 4.86248 -1.26335 0
    endloop
  endfacet
  facet normal -0.933578 0.358375 0
    outer loop
      vertex 7.55303 -0.691452 0
      vertex 7.6168 -0.525329 3
      vertex 7.6168 -0.525329 0
    endloop
  endfacet
  facet normal -0.933578 0.358375 0
    outer loop
      vertex 7.6168 -0.525329 3
      vertex 7.55303 -0.691452 0
      vertex 7.55303 -0.691452 3
    endloop
  endfacet
  facet normal -0.35838 0.933576 0
    outer loop
      vertex 6.69145 -1.55303 0
      vertex 6.52533 -1.6168 3
      vertex 6.69145 -1.55303 3
    endloop
  endfacet
  facet normal -0.35838 0.933576 0
    outer loop
      vertex 6.52533 -1.6168 3
      vertex 6.69145 -1.55303 0
      vertex 6.52533 -1.6168 0
    endloop
  endfacet
  facet normal 0.838682 -0.544622 0
    outer loop
      vertex 4.52776 0.849999 3
      vertex 4.62467 0.999234 0
      vertex 4.62467 0.999234 3
    endloop
  endfacet
  facet normal 0.838682 -0.544622 0
    outer loop
      vertex 4.62467 0.999234 0
      vertex 4.52776 0.849999 3
      vertex 4.52776 0.849999 0
    endloop
  endfacet
  facet normal 0.0523199 0.99863 -0
    outer loop
      vertex 6 -1.7 0
      vertex 5.8223 -1.69069 3
      vertex 6 -1.7 3
    endloop
  endfacet
  facet normal 0.0523199 0.99863 0
    outer loop
      vertex 5.8223 -1.69069 3
      vertex 6 -1.7 0
      vertex 5.8223 -1.69069 0
    endloop
  endfacet
  facet normal 0.0523199 -0.99863 0
    outer loop
      vertex 5.8223 1.69069 0
      vertex 6 1.7 3
      vertex 5.8223 1.69069 3
    endloop
  endfacet
  facet normal 0.0523199 -0.99863 0
    outer loop
      vertex 6 1.7 3
      vertex 5.8223 1.69069 0
      vertex 6 1.7 0
    endloop
  endfacet
  facet normal -0.838682 -0.544622 0
    outer loop
      vertex 7.47224 0.849999 0
      vertex 7.37533 0.999234 3
      vertex 7.37533 0.999234 0
    endloop
  endfacet
  facet normal -0.838682 -0.544622 0
    outer loop
      vertex 7.37533 0.999234 3
      vertex 7.47224 0.849999 0
      vertex 7.47224 0.849999 3
    endloop
  endfacet
  facet normal -0.965933 0.258794 0
    outer loop
      vertex 7.6168 -0.525329 0
      vertex 7.66285 -0.35345 3
      vertex 7.66285 -0.35345 0
    endloop
  endfacet
  facet normal -0.965933 0.258794 0
    outer loop
      vertex 7.66285 -0.35345 3
      vertex 7.6168 -0.525329 0
      vertex 7.6168 -0.525329 3
    endloop
  endfacet
  facet normal 0.838682 0.544622 0
    outer loop
      vertex 4.62467 -0.999234 3
      vertex 4.52776 -0.849999 0
      vertex 4.52776 -0.849999 3
    endloop
  endfacet
  facet normal 0.838682 0.544622 0
    outer loop
      vertex 4.52776 -0.849999 0
      vertex 4.62467 -0.999234 3
      vertex 4.62467 -0.999234 0
    endloop
  endfacet
  facet normal -0.890992 -0.454018 0
    outer loop
      vertex 7.55303 0.691452 0
      vertex 7.47224 0.849999 3
      vertex 7.47224 0.849999 0
    endloop
  endfacet
  facet normal -0.890992 -0.454018 0
    outer loop
      vertex 7.47224 0.849999 3
      vertex 7.55303 0.691452 0
      vertex 7.55303 0.691452 3
    endloop
  endfacet
  facet normal 0.258792 -0.965933 0
    outer loop
      vertex 5.47467 1.6168 0
      vertex 5.64655 1.66285 3
      vertex 5.47467 1.6168 3
    endloop
  endfacet
  facet normal 0.258792 -0.965933 0
    outer loop
      vertex 5.64655 1.66285 3
      vertex 5.47467 1.6168 0
      vertex 5.64655 1.66285 0
    endloop
  endfacet
  facet normal 0.35838 -0.933576 0
    outer loop
      vertex 5.30855 1.55303 0
      vertex 5.47467 1.6168 3
      vertex 5.30855 1.55303 3
    endloop
  endfacet
  facet normal 0.35838 -0.933576 0
    outer loop
      vertex 5.47467 1.6168 3
      vertex 5.30855 1.55303 0
      vertex 5.47467 1.6168 0
    endloop
  endfacet
  facet normal 0.777151 0.629314 0
    outer loop
      vertex 4.73665 -1.13752 3
      vertex 4.62467 -0.999234 0
      vertex 4.62467 -0.999234 3
    endloop
  endfacet
  facet normal 0.777151 0.629314 0
    outer loop
      vertex 4.62467 -0.999234 0
      vertex 4.73665 -1.13752 3
      vertex 4.73665 -1.13752 0
    endloop
  endfacet
  facet normal 0.99863 0.0523205 0
    outer loop
      vertex 4.30931 -0.177698 3
      vertex 4.3 0 0
      vertex 4.3 0 3
    endloop
  endfacet
  facet normal 0.99863 0.0523205 0
    outer loop
      vertex 4.3 0 0
      vertex 4.30931 -0.177698 3
      vertex 4.30931 -0.177698 0
    endloop
  endfacet
  facet normal -0.0523199 0.99863 0
    outer loop
      vertex 6.1777 -1.69069 0
      vertex 6 -1.7 3
      vertex 6.1777 -1.69069 3
    endloop
  endfacet
  facet normal -0.0523199 0.99863 0
    outer loop
      vertex 6 -1.7 3
      vertex 6.1777 -1.69069 0
      vertex 6 -1.7 0
    endloop
  endfacet
  facet normal 0.965933 0.258794 0
    outer loop
      vertex 4.3832 -0.525329 3
      vertex 4.33715 -0.35345 0
      vertex 4.33715 -0.35345 3
    endloop
  endfacet
  facet normal 0.965933 0.258794 0
    outer loop
      vertex 4.33715 -0.35345 0
      vertex 4.3832 -0.525329 3
      vertex 4.3832 -0.525329 0
    endloop
  endfacet
  facet normal 0.544609 0.83869 -0
    outer loop
      vertex 5.15 -1.47224 0
      vertex 5.00076 -1.37533 3
      vertex 5.15 -1.47224 3
    endloop
  endfacet
  facet normal 0.544609 0.83869 0
    outer loop
      vertex 5.00076 -1.37533 3
      vertex 5.15 -1.47224 0
      vertex 5.00076 -1.37533 0
    endloop
  endfacet
  facet normal 0.707107 -0.707107 0
    outer loop
      vertex 4.73665 1.13752 3
      vertex 4.86248 1.26335 0
      vertex 4.86248 1.26335 3
    endloop
  endfacet
  facet normal 0.707107 -0.707107 0
    outer loop
      vertex 4.86248 1.26335 0
      vertex 4.73665 1.13752 3
      vertex 4.73665 1.13752 0
    endloop
  endfacet
  facet normal 0.454012 0.890996 -0
    outer loop
      vertex 5.30855 -1.55303 0
      vertex 5.15 -1.47224 3
      vertex 5.30855 -1.55303 3
    endloop
  endfacet
  facet normal 0.454012 0.890996 0
    outer loop
      vertex 5.15 -1.47224 3
      vertex 5.30855 -1.55303 0
      vertex 5.15 -1.47224 0
    endloop
  endfacet
  facet normal 0.987685 0.156454 0
    outer loop
      vertex 4.33715 -0.35345 3
      vertex 4.30931 -0.177698 0
      vertex 4.30931 -0.177698 3
    endloop
  endfacet
  facet normal 0.987685 0.156454 0
    outer loop
      vertex 4.30931 -0.177698 0
      vertex 4.33715 -0.35345 3
      vertex 4.33715 -0.35345 0
    endloop
  endfacet
  facet normal 0.933578 -0.358375 0
    outer loop
      vertex 4.3832 0.525329 3
      vertex 4.44697 0.691452 0
      vertex 4.44697 0.691452 3
    endloop
  endfacet
  facet normal 0.933578 -0.358375 0
    outer loop
      vertex 4.44697 0.691452 0
      vertex 4.3832 0.525329 3
      vertex 4.3832 0.525329 0
    endloop
  endfacet
  facet normal -0.707107 -0.707107 0
    outer loop
      vertex 7.26335 1.13752 0
      vertex 7.13752 1.26335 3
      vertex 7.13752 1.26335 0
    endloop
  endfacet
  facet normal -0.707107 -0.707107 0
    outer loop
      vertex 7.13752 1.26335 3
      vertex 7.26335 1.13752 0
      vertex 7.26335 1.13752 3
    endloop
  endfacet
  facet normal -0.838682 0.544622 0
    outer loop
      vertex 7.37533 -0.999234 0
      vertex 7.47224 -0.849999 3
      vertex 7.47224 -0.849999 0
    endloop
  endfacet
  facet normal -0.838682 0.544622 0
    outer loop
      vertex 7.47224 -0.849999 3
      vertex 7.37533 -0.999234 0
      vertex 7.37533 -0.999234 3
    endloop
  endfacet
  facet normal -0.156456 -0.987685 0
    outer loop
      vertex 6.1777 1.69069 0
      vertex 6.35345 1.66285 3
      vertex 6.1777 1.69069 3
    endloop
  endfacet
  facet normal -0.156456 -0.987685 -0
    outer loop
      vertex 6.35345 1.66285 3
      vertex 6.1777 1.69069 0
      vertex 6.35345 1.66285 0
    endloop
  endfacet
  facet normal 0.987685 -0.156454 0
    outer loop
      vertex 4.30931 0.177698 3
      vertex 4.33715 0.35345 0
      vertex 4.33715 0.35345 3
    endloop
  endfacet
  facet normal 0.987685 -0.156454 0
    outer loop
      vertex 4.33715 0.35345 0
      vertex 4.30931 0.177698 3
      vertex 4.30931 0.177698 0
    endloop
  endfacet
  facet normal 0.454012 -0.890996 0
    outer loop
      vertex 5.15 1.47224 0
      vertex 5.30855 1.55303 3
      vertex 5.15 1.47224 3
    endloop
  endfacet
  facet normal 0.454012 -0.890996 0
    outer loop
      vertex 5.30855 1.55303 3
      vertex 5.15 1.47224 0
      vertex 5.30855 1.55303 0
    endloop
  endfacet
  facet normal -0.544635 0.838673 0
    outer loop
      vertex 6.99923 -1.37533 0
      vertex 6.85 -1.47224 3
      vertex 6.99923 -1.37533 3
    endloop
  endfacet
  facet normal -0.544635 0.838673 0
    outer loop
      vertex 6.85 -1.47224 3
      vertex 6.99923 -1.37533 0
      vertex 6.85 -1.47224 0
    endloop
  endfacet
  facet normal -0.454012 0.890996 0
    outer loop
      vertex 6.85 -1.47224 0
      vertex 6.69145 -1.55303 3
      vertex 6.85 -1.47224 3
    endloop
  endfacet
  facet normal -0.454012 0.890996 0
    outer loop
      vertex 6.69145 -1.55303 3
      vertex 6.85 -1.47224 0
      vertex 6.69145 -1.55303 0
    endloop
  endfacet
  facet normal -0.890992 0.454018 0
    outer loop
      vertex 7.47224 -0.849999 0
      vertex 7.55303 -0.691452 3
      vertex 7.55303 -0.691452 0
    endloop
  endfacet
  facet normal -0.890992 0.454018 0
    outer loop
      vertex 7.55303 -0.691452 3
      vertex 7.47224 -0.849999 0
      vertex 7.47224 -0.849999 3
    endloop
  endfacet
  facet normal 0.965933 -0.258794 0
    outer loop
      vertex 4.33715 0.35345 3
      vertex 4.3832 0.525329 0
      vertex 4.3832 0.525329 3
    endloop
  endfacet
  facet normal 0.965933 -0.258794 0
    outer loop
      vertex 4.3832 0.525329 0
      vertex 4.33715 0.35345 3
      vertex 4.33715 0.35345 0
    endloop
  endfacet
  facet normal 0.890992 -0.454018 0
    outer loop
      vertex 4.44697 0.691452 3
      vertex 4.52776 0.849999 0
      vertex 4.52776 0.849999 3
    endloop
  endfacet
  facet normal 0.890992 -0.454018 0
    outer loop
      vertex 4.52776 0.849999 0
      vertex 4.44697 0.691452 3
      vertex 4.44697 0.691452 0
    endloop
  endfacet
  facet normal 0.629331 0.777138 -0
    outer loop
      vertex 5.00076 -1.37533 0
      vertex 4.86248 -1.26335 3
      vertex 5.00076 -1.37533 3
    endloop
  endfacet
  facet normal 0.629331 0.777138 0
    outer loop
      vertex 4.86248 -1.26335 3
      vertex 5.00076 -1.37533 0
      vertex 4.86248 -1.26335 0
    endloop
  endfacet
  facet normal 0.35838 0.933576 -0
    outer loop
      vertex 5.47467 -1.6168 0
      vertex 5.30855 -1.55303 3
      vertex 5.47467 -1.6168 3
    endloop
  endfacet
  facet normal 0.35838 0.933576 0
    outer loop
      vertex 5.30855 -1.55303 3
      vertex 5.47467 -1.6168 0
      vertex 5.30855 -1.55303 0
    endloop
  endfacet
  facet normal 0.258792 0.965933 -0
    outer loop
      vertex 5.64655 -1.66285 0
      vertex 5.47467 -1.6168 3
      vertex 5.64655 -1.66285 3
    endloop
  endfacet
  facet normal 0.258792 0.965933 0
    outer loop
      vertex 5.47467 -1.6168 3
      vertex 5.64655 -1.66285 0
      vertex 5.47467 -1.6168 0
    endloop
  endfacet
  facet normal -0.156413 0.987692 0
    outer loop
      vertex 35.3535 -1.66285 0
      vertex 35.1777 -1.69069 1.2
      vertex 35.3535 -1.66285 1.2
    endloop
  endfacet
  facet normal -0.156413 0.987692 0
    outer loop
      vertex 35.1777 -1.69069 1.2
      vertex 35.3535 -1.66285 0
      vertex 35.1777 -1.69069 0
    endloop
  endfacet
  facet normal -0.987633 -0.156783 0
    outer loop
      vertex 36.6907 0.177698 0
      vertex 36.6628 0.35345 1.2
      vertex 36.6628 0.35345 0
    endloop
  endfacet
  facet normal -0.987633 -0.156783 0
    outer loop
      vertex 36.6628 0.35345 1.2
      vertex 36.6907 0.177698 0
      vertex 36.6907 0.177698 1.2
    endloop
  endfacet
  facet normal -0.998633 -0.0522645 0
    outer loop
      vertex 36.7 0 0
      vertex 36.6907 0.177698 1.2
      vertex 36.6907 0.177698 0
    endloop
  endfacet
  facet normal -0.998633 -0.0522645 0
    outer loop
      vertex 36.6907 0.177698 1.2
      vertex 36.7 0 0
      vertex 36.7 0 1.2
    endloop
  endfacet
  facet normal -0.987633 0.156783 0
    outer loop
      vertex 36.6628 -0.35345 0
      vertex 36.6907 -0.177698 1.2
      vertex 36.6907 -0.177698 0
    endloop
  endfacet
  facet normal -0.987633 0.156783 0
    outer loop
      vertex 36.6907 -0.177698 1.2
      vertex 36.6628 -0.35345 0
      vertex 36.6628 -0.35345 1.2
    endloop
  endfacet
  facet normal -0.35823 -0.933633 0
    outer loop
      vertex 35.5253 1.6168 0
      vertex 35.6915 1.55303 1.2
      vertex 35.5253 1.6168 1.2
    endloop
  endfacet
  facet normal -0.35823 -0.933633 -0
    outer loop
      vertex 35.6915 1.55303 1.2
      vertex 35.5253 1.6168 0
      vertex 35.6915 1.55303 0
    endloop
  endfacet
  facet normal -0.454125 0.890938 0
    outer loop
      vertex 35.85 -1.47224 0
      vertex 35.6915 -1.55303 1.2
      vertex 35.85 -1.47224 1.2
    endloop
  endfacet
  facet normal -0.454125 0.890938 0
    outer loop
      vertex 35.6915 -1.55303 1.2
      vertex 35.85 -1.47224 0
      vertex 35.6915 -1.55303 0
    endloop
  endfacet
  facet normal -0.454125 -0.890938 0
    outer loop
      vertex 35.6915 1.55303 0
      vertex 35.85 1.47224 1.2
      vertex 35.6915 1.55303 1.2
    endloop
  endfacet
  facet normal -0.454125 -0.890938 -0
    outer loop
      vertex 35.85 1.47224 1.2
      vertex 35.6915 1.55303 0
      vertex 35.85 1.47224 0
    endloop
  endfacet
  facet normal -0.258905 -0.965903 0
    outer loop
      vertex 35.3535 1.66285 0
      vertex 35.5253 1.6168 1.2
      vertex 35.3535 1.66285 1.2
    endloop
  endfacet
  facet normal -0.258905 -0.965903 -0
    outer loop
      vertex 35.5253 1.6168 1.2
      vertex 35.3535 1.66285 0
      vertex 35.5253 1.6168 0
    endloop
  endfacet
  facet normal 0.35823 -0.933633 0
    outer loop
      vertex 34.3085 1.55303 0
      vertex 34.4747 1.6168 1.2
      vertex 34.3085 1.55303 1.2
    endloop
  endfacet
  facet normal 0.35823 -0.933633 0
    outer loop
      vertex 34.4747 1.6168 1.2
      vertex 34.3085 1.55303 0
      vertex 34.4747 1.6168 0
    endloop
  endfacet
  facet normal -0.777096 0.629382 0
    outer loop
      vertex 36.2633 -1.13752 0
      vertex 36.3753 -0.999234 1.2
      vertex 36.3753 -0.999234 0
    endloop
  endfacet
  facet normal -0.777096 0.629382 0
    outer loop
      vertex 36.3753 -0.999234 1.2
      vertex 36.2633 -1.13752 0
      vertex 36.2633 -1.13752 1.2
    endloop
  endfacet
  facet normal -0.35823 0.933633 0
    outer loop
      vertex 35.6915 -1.55303 0
      vertex 35.5253 -1.6168 1.2
      vertex 35.6915 -1.55303 1.2
    endloop
  endfacet
  facet normal -0.35823 0.933633 0
    outer loop
      vertex 35.5253 -1.6168 1.2
      vertex 35.6915 -1.55303 0
      vertex 35.5253 -1.6168 0
    endloop
  endfacet
  facet normal 0.89097 -0.454063 0
    outer loop
      vertex 33.447 0.691452 1.2
      vertex 33.5278 0.849999 0
      vertex 33.5278 0.849999 1.2
    endloop
  endfacet
  facet normal 0.89097 -0.454063 0
    outer loop
      vertex 33.5278 0.849999 0
      vertex 33.447 0.691452 1.2
      vertex 33.447 0.691452 0
    endloop
  endfacet
  facet normal 0.629276 0.777182 -0
    outer loop
      vertex 34.0008 -1.37533 0
      vertex 33.8625 -1.26335 1.2
      vertex 34.0008 -1.37533 1.2
    endloop
  endfacet
  facet normal 0.629276 0.777182 0
    outer loop
      vertex 33.8625 -1.26335 1.2
      vertex 34.0008 -1.37533 0
      vertex 33.8625 -1.26335 0
    endloop
  endfacet
  facet normal -0.258905 0.965903 0
    outer loop
      vertex 35.5253 -1.6168 0
      vertex 35.3535 -1.66285 1.2
      vertex 35.5253 -1.6168 1.2
    endloop
  endfacet
  facet normal -0.258905 0.965903 0
    outer loop
      vertex 35.3535 -1.66285 1.2
      vertex 35.5253 -1.6168 0
      vertex 35.3535 -1.66285 0
    endloop
  endfacet
  facet normal -0.998633 0.0522645 0
    outer loop
      vertex 36.6907 -0.177698 0
      vertex 36.7 0 1.2
      vertex 36.7 0 0
    endloop
  endfacet
  facet normal -0.998633 0.0522645 0
    outer loop
      vertex 36.7 0 1.2
      vertex 36.6907 -0.177698 0
      vertex 36.6907 -0.177698 1.2
    endloop
  endfacet
  facet normal 0.258905 0.965903 -0
    outer loop
      vertex 34.6465 -1.66285 0
      vertex 34.4747 -1.6168 1.2
      vertex 34.6465 -1.66285 1.2
    endloop
  endfacet
  facet normal 0.258905 0.965903 0
    outer loop
      vertex 34.4747 -1.6168 1.2
      vertex 34.6465 -1.66285 0
      vertex 34.4747 -1.6168 0
    endloop
  endfacet
  facet normal -0.544712 -0.838623 0
    outer loop
      vertex 35.85 1.47224 0
      vertex 35.9992 1.37533 1.2
      vertex 35.85 1.47224 1.2
    endloop
  endfacet
  facet normal -0.544712 -0.838623 -0
    outer loop
      vertex 35.9992 1.37533 1.2
      vertex 35.85 1.47224 0
      vertex 35.9992 1.37533 0
    endloop
  endfacet
  facet normal 0.0523199 0.99863 -0
    outer loop
      vertex 35 -1.7 0
      vertex 34.8223 -1.69069 1.2
      vertex 35 -1.7 1.2
    endloop
  endfacet
  facet normal 0.0523199 0.99863 0
    outer loop
      vertex 34.8223 -1.69069 1.2
      vertex 35 -1.7 0
      vertex 34.8223 -1.69069 0
    endloop
  endfacet
  facet normal -0.838707 -0.544582 0
    outer loop
      vertex 36.4722 0.849999 0
      vertex 36.3753 0.999234 1.2
      vertex 36.3753 0.999234 0
    endloop
  endfacet
  facet normal -0.838707 -0.544582 0
    outer loop
      vertex 36.3753 0.999234 1.2
      vertex 36.4722 0.849999 0
      vertex 36.4722 0.849999 1.2
    endloop
  endfacet
  facet normal -0.0523199 0.99863 0
    outer loop
      vertex 35.1777 -1.69069 0
      vertex 35 -1.7 1.2
      vertex 35.1777 -1.69069 1.2
    endloop
  endfacet
  facet normal -0.0523199 0.99863 0
    outer loop
      vertex 35 -1.7 1.2
      vertex 35.1777 -1.69069 0
      vertex 35 -1.7 0
    endloop
  endfacet
  facet normal 0.454125 -0.890938 0
    outer loop
      vertex 34.15 1.47224 0
      vertex 34.3085 1.55303 1.2
      vertex 34.15 1.47224 1.2
    endloop
  endfacet
  facet normal 0.454125 -0.890938 0
    outer loop
      vertex 34.3085 1.55303 1.2
      vertex 34.15 1.47224 0
      vertex 34.3085 1.55303 0
    endloop
  endfacet
  facet normal -0.89097 -0.454063 0
    outer loop
      vertex 36.553 0.691452 0
      vertex 36.4722 0.849999 1.2
      vertex 36.4722 0.849999 0
    endloop
  endfacet
  facet normal -0.89097 -0.454063 0
    outer loop
      vertex 36.4722 0.849999 1.2
      vertex 36.553 0.691452 0
      vertex 36.553 0.691452 1.2
    endloop
  endfacet
  facet normal 0.987633 -0.156783 0
    outer loop
      vertex 33.3093 0.177698 1.2
      vertex 33.3372 0.35345 0
      vertex 33.3372 0.35345 1.2
    endloop
  endfacet
  facet normal 0.987633 -0.156783 0
    outer loop
      vertex 33.3372 0.35345 0
      vertex 33.3093 0.177698 1.2
      vertex 33.3093 0.177698 0
    endloop
  endfacet
  facet normal 0.933521 0.358522 0
    outer loop
      vertex 33.447 -0.691452 1.2
      vertex 33.3832 -0.525329 0
      vertex 33.3832 -0.525329 1.2
    endloop
  endfacet
  facet normal 0.933521 0.358522 0
    outer loop
      vertex 33.3832 -0.525329 0
      vertex 33.447 -0.691452 1.2
      vertex 33.447 -0.691452 0
    endloop
  endfacet
  facet normal 0.987633 0.156783 0
    outer loop
      vertex 33.3372 -0.35345 1.2
      vertex 33.3093 -0.177698 0
      vertex 33.3093 -0.177698 1.2
    endloop
  endfacet
  facet normal 0.987633 0.156783 0
    outer loop
      vertex 33.3093 -0.177698 0
      vertex 33.3372 -0.35345 1.2
      vertex 33.3372 -0.35345 0
    endloop
  endfacet
  facet normal -0.707191 0.707022 0
    outer loop
      vertex 36.1375 -1.26335 0
      vertex 36.2633 -1.13752 1.2
      vertex 36.2633 -1.13752 0
    endloop
  endfacet
  facet normal -0.707191 0.707022 0
    outer loop
      vertex 36.2633 -1.13752 1.2
      vertex 36.1375 -1.26335 0
      vertex 36.1375 -1.26335 1.2
    endloop
  endfacet
  facet normal -0.933521 -0.358522 0
    outer loop
      vertex 36.6168 0.525329 0
      vertex 36.553 0.691452 1.2
      vertex 36.553 0.691452 0
    endloop
  endfacet
  facet normal -0.933521 -0.358522 0
    outer loop
      vertex 36.553 0.691452 1.2
      vertex 36.6168 0.525329 0
      vertex 36.6168 0.525329 1.2
    endloop
  endfacet
  facet normal 0.777096 0.629382 0
    outer loop
      vertex 33.7367 -1.13752 1.2
      vertex 33.6247 -0.999234 0
      vertex 33.6247 -0.999234 1.2
    endloop
  endfacet
  facet normal 0.777096 0.629382 0
    outer loop
      vertex 33.6247 -0.999234 0
      vertex 33.7367 -1.13752 1.2
      vertex 33.7367 -1.13752 0
    endloop
  endfacet
  facet normal -0.777096 -0.629382 0
    outer loop
      vertex 36.3753 0.999234 0
      vertex 36.2633 1.13752 1.2
      vertex 36.2633 1.13752 0
    endloop
  endfacet
  facet normal -0.777096 -0.629382 0
    outer loop
      vertex 36.2633 1.13752 1.2
      vertex 36.3753 0.999234 0
      vertex 36.3753 0.999234 1.2
    endloop
  endfacet
  facet normal 0.35823 0.933633 -0
    outer loop
      vertex 34.4747 -1.6168 0
      vertex 34.3085 -1.55303 1.2
      vertex 34.4747 -1.6168 1.2
    endloop
  endfacet
  facet normal 0.35823 0.933633 0
    outer loop
      vertex 34.3085 -1.55303 1.2
      vertex 34.4747 -1.6168 0
      vertex 34.3085 -1.55303 0
    endloop
  endfacet
  facet normal 0.777096 -0.629382 0
    outer loop
      vertex 33.6247 0.999234 1.2
      vertex 33.7367 1.13752 0
      vertex 33.7367 1.13752 1.2
    endloop
  endfacet
  facet normal 0.777096 -0.629382 0
    outer loop
      vertex 33.7367 1.13752 0
      vertex 33.6247 0.999234 1.2
      vertex 33.6247 0.999234 0
    endloop
  endfacet
  facet normal 0.629276 -0.777182 0
    outer loop
      vertex 33.8625 1.26335 0
      vertex 34.0008 1.37533 1.2
      vertex 33.8625 1.26335 1.2
    endloop
  endfacet
  facet normal 0.629276 -0.777182 0
    outer loop
      vertex 34.0008 1.37533 1.2
      vertex 33.8625 1.26335 0
      vertex 34.0008 1.37533 0
    endloop
  endfacet
  facet normal 0.544712 0.838623 -0
    outer loop
      vertex 34.15 -1.47224 0
      vertex 34.0008 -1.37533 1.2
      vertex 34.15 -1.47224 1.2
    endloop
  endfacet
  facet normal 0.544712 0.838623 0
    outer loop
      vertex 34.0008 -1.37533 1.2
      vertex 34.15 -1.47224 0
      vertex 34.0008 -1.37533 0
    endloop
  endfacet
  facet normal -0.707191 -0.707022 0
    outer loop
      vertex 36.2633 1.13752 0
      vertex 36.1375 1.26335 1.2
      vertex 36.1375 1.26335 0
    endloop
  endfacet
  facet normal -0.707191 -0.707022 0
    outer loop
      vertex 36.1375 1.26335 1.2
      vertex 36.2633 1.13752 0
      vertex 36.2633 1.13752 1.2
    endloop
  endfacet
  facet normal -0.966003 0.258531 0
    outer loop
      vertex 36.6168 -0.525329 0
      vertex 36.6628 -0.35345 1.2
      vertex 36.6628 -0.35345 0
    endloop
  endfacet
  facet normal -0.966003 0.258531 0
    outer loop
      vertex 36.6628 -0.35345 1.2
      vertex 36.6168 -0.525329 0
      vertex 36.6168 -0.525329 1.2
    endloop
  endfacet
  facet normal 0.156413 0.987692 -0
    outer loop
      vertex 34.8223 -1.69069 0
      vertex 34.6465 -1.66285 1.2
      vertex 34.8223 -1.69069 1.2
    endloop
  endfacet
  facet normal 0.156413 0.987692 0
    outer loop
      vertex 34.6465 -1.66285 1.2
      vertex 34.8223 -1.69069 0
      vertex 34.6465 -1.66285 0
    endloop
  endfacet
  facet normal 0.838707 -0.544582 0
    outer loop
      vertex 33.5278 0.849999 1.2
      vertex 33.6247 0.999234 0
      vertex 33.6247 0.999234 1.2
    endloop
  endfacet
  facet normal 0.838707 -0.544582 0
    outer loop
      vertex 33.6247 0.999234 0
      vertex 33.5278 0.849999 1.2
      vertex 33.5278 0.849999 0
    endloop
  endfacet
  facet normal 0.156413 -0.987692 0
    outer loop
      vertex 34.6465 1.66285 0
      vertex 34.8223 1.69069 1.2
      vertex 34.6465 1.66285 1.2
    endloop
  endfacet
  facet normal 0.156413 -0.987692 0
    outer loop
      vertex 34.8223 1.69069 1.2
      vertex 34.6465 1.66285 0
      vertex 34.8223 1.69069 0
    endloop
  endfacet
  facet normal 0.258905 -0.965903 0
    outer loop
      vertex 34.4747 1.6168 0
      vertex 34.6465 1.66285 1.2
      vertex 34.4747 1.6168 1.2
    endloop
  endfacet
  facet normal 0.258905 -0.965903 0
    outer loop
      vertex 34.6465 1.66285 1.2
      vertex 34.4747 1.6168 0
      vertex 34.6465 1.66285 0
    endloop
  endfacet
  facet normal 0.544712 -0.838623 0
    outer loop
      vertex 34.0008 1.37533 0
      vertex 34.15 1.47224 1.2
      vertex 34.0008 1.37533 1.2
    endloop
  endfacet
  facet normal 0.544712 -0.838623 0
    outer loop
      vertex 34.15 1.47224 1.2
      vertex 34.0008 1.37533 0
      vertex 34.15 1.47224 0
    endloop
  endfacet
  facet normal -0.629276 -0.777182 0
    outer loop
      vertex 35.9992 1.37533 0
      vertex 36.1375 1.26335 1.2
      vertex 35.9992 1.37533 1.2
    endloop
  endfacet
  facet normal -0.629276 -0.777182 -0
    outer loop
      vertex 36.1375 1.26335 1.2
      vertex 35.9992 1.37533 0
      vertex 36.1375 1.26335 0
    endloop
  endfacet
  facet normal 0.966003 0.258531 0
    outer loop
      vertex 33.3832 -0.525329 1.2
      vertex 33.3372 -0.35345 0
      vertex 33.3372 -0.35345 1.2
    endloop
  endfacet
  facet normal 0.966003 0.258531 0
    outer loop
      vertex 33.3372 -0.35345 0
      vertex 33.3832 -0.525329 1.2
      vertex 33.3832 -0.525329 0
    endloop
  endfacet
  facet normal -0.966003 -0.258531 0
    outer loop
      vertex 36.6628 0.35345 0
      vertex 36.6168 0.525329 1.2
      vertex 36.6168 0.525329 0
    endloop
  endfacet
  facet normal -0.966003 -0.258531 0
    outer loop
      vertex 36.6168 0.525329 1.2
      vertex 36.6628 0.35345 0
      vertex 36.6628 0.35345 1.2
    endloop
  endfacet
  facet normal -0.933521 0.358522 0
    outer loop
      vertex 36.553 -0.691452 0
      vertex 36.6168 -0.525329 1.2
      vertex 36.6168 -0.525329 0
    endloop
  endfacet
  facet normal -0.933521 0.358522 0
    outer loop
      vertex 36.6168 -0.525329 1.2
      vertex 36.553 -0.691452 0
      vertex 36.553 -0.691452 1.2
    endloop
  endfacet
  facet normal 0.998633 0.0522645 0
    outer loop
      vertex 33.3093 -0.177698 1.2
      vertex 33.3 0 0
      vertex 33.3 0 1.2
    endloop
  endfacet
  facet normal 0.998633 0.0522645 0
    outer loop
      vertex 33.3 0 0
      vertex 33.3093 -0.177698 1.2
      vertex 33.3093 -0.177698 0
    endloop
  endfacet
  facet normal 0.707191 -0.707022 0
    outer loop
      vertex 33.7367 1.13752 1.2
      vertex 33.8625 1.26335 0
      vertex 33.8625 1.26335 1.2
    endloop
  endfacet
  facet normal 0.707191 -0.707022 0
    outer loop
      vertex 33.8625 1.26335 0
      vertex 33.7367 1.13752 1.2
      vertex 33.7367 1.13752 0
    endloop
  endfacet
  facet normal -0.544712 0.838623 0
    outer loop
      vertex 35.9992 -1.37533 0
      vertex 35.85 -1.47224 1.2
      vertex 35.9992 -1.37533 1.2
    endloop
  endfacet
  facet normal -0.544712 0.838623 0
    outer loop
      vertex 35.85 -1.47224 1.2
      vertex 35.9992 -1.37533 0
      vertex 35.85 -1.47224 0
    endloop
  endfacet
  facet normal 0.0523199 -0.99863 0
    outer loop
      vertex 34.8223 1.69069 0
      vertex 35 1.7 1.2
      vertex 34.8223 1.69069 1.2
    endloop
  endfacet
  facet normal 0.0523199 -0.99863 0
    outer loop
      vertex 35 1.7 1.2
      vertex 34.8223 1.69069 0
      vertex 35 1.7 0
    endloop
  endfacet
  facet normal 0.89097 0.454063 0
    outer loop
      vertex 33.5278 -0.849999 1.2
      vertex 33.447 -0.691452 0
      vertex 33.447 -0.691452 1.2
    endloop
  endfacet
  facet normal 0.89097 0.454063 0
    outer loop
      vertex 33.447 -0.691452 0
      vertex 33.5278 -0.849999 1.2
      vertex 33.5278 -0.849999 0
    endloop
  endfacet
  facet normal -0.0523199 -0.99863 0
    outer loop
      vertex 35 1.7 0
      vertex 35.1777 1.69069 1.2
      vertex 35 1.7 1.2
    endloop
  endfacet
  facet normal -0.0523199 -0.99863 -0
    outer loop
      vertex 35.1777 1.69069 1.2
      vertex 35 1.7 0
      vertex 35.1777 1.69069 0
    endloop
  endfacet
  facet normal -0.89097 0.454063 0
    outer loop
      vertex 36.4722 -0.849999 0
      vertex 36.553 -0.691452 1.2
      vertex 36.553 -0.691452 0
    endloop
  endfacet
  facet normal -0.89097 0.454063 0
    outer loop
      vertex 36.553 -0.691452 1.2
      vertex 36.4722 -0.849999 0
      vertex 36.4722 -0.849999 1.2
    endloop
  endfacet
  facet normal -0.629276 0.777182 0
    outer loop
      vertex 36.1375 -1.26335 0
      vertex 35.9992 -1.37533 1.2
      vertex 36.1375 -1.26335 1.2
    endloop
  endfacet
  facet normal -0.629276 0.777182 0
    outer loop
      vertex 35.9992 -1.37533 1.2
      vertex 36.1375 -1.26335 0
      vertex 35.9992 -1.37533 0
    endloop
  endfacet
  facet normal -0.838707 0.544582 0
    outer loop
      vertex 36.3753 -0.999234 0
      vertex 36.4722 -0.849999 1.2
      vertex 36.4722 -0.849999 0
    endloop
  endfacet
  facet normal -0.838707 0.544582 0
    outer loop
      vertex 36.4722 -0.849999 1.2
      vertex 36.3753 -0.999234 0
      vertex 36.3753 -0.999234 1.2
    endloop
  endfacet
  facet normal 0.838707 0.544582 0
    outer loop
      vertex 33.6247 -0.999234 1.2
      vertex 33.5278 -0.849999 0
      vertex 33.5278 -0.849999 1.2
    endloop
  endfacet
  facet normal 0.838707 0.544582 0
    outer loop
      vertex 33.5278 -0.849999 0
      vertex 33.6247 -0.999234 1.2
      vertex 33.6247 -0.999234 0
    endloop
  endfacet
  facet normal 0.933521 -0.358522 0
    outer loop
      vertex 33.3832 0.525329 1.2
      vertex 33.447 0.691452 0
      vertex 33.447 0.691452 1.2
    endloop
  endfacet
  facet normal 0.933521 -0.358522 0
    outer loop
      vertex 33.447 0.691452 0
      vertex 33.3832 0.525329 1.2
      vertex 33.3832 0.525329 0
    endloop
  endfacet
  facet normal 0.966003 -0.258531 0
    outer loop
      vertex 33.3372 0.35345 1.2
      vertex 33.3832 0.525329 0
      vertex 33.3832 0.525329 1.2
    endloop
  endfacet
  facet normal 0.966003 -0.258531 0
    outer loop
      vertex 33.3832 0.525329 0
      vertex 33.3372 0.35345 1.2
      vertex 33.3372 0.35345 0
    endloop
  endfacet
  facet normal 0.998633 -0.0522645 0
    outer loop
      vertex 33.3 0 1.2
      vertex 33.3093 0.177698 0
      vertex 33.3093 0.177698 1.2
    endloop
  endfacet
  facet normal 0.998633 -0.0522645 0
    outer loop
      vertex 33.3093 0.177698 0
      vertex 33.3 0 1.2
      vertex 33.3 0 0
    endloop
  endfacet
  facet normal 0.454125 0.890938 -0
    outer loop
      vertex 34.3085 -1.55303 0
      vertex 34.15 -1.47224 1.2
      vertex 34.3085 -1.55303 1.2
    endloop
  endfacet
  facet normal 0.454125 0.890938 0
    outer loop
      vertex 34.15 -1.47224 1.2
      vertex 34.3085 -1.55303 0
      vertex 34.15 -1.47224 0
    endloop
  endfacet
  facet normal 0.707191 0.707022 0
    outer loop
      vertex 33.8625 -1.26335 1.2
      vertex 33.7367 -1.13752 0
      vertex 33.7367 -1.13752 1.2
    endloop
  endfacet
  facet normal 0.707191 0.707022 0
    outer loop
      vertex 33.7367 -1.13752 0
      vertex 33.8625 -1.26335 1.2
      vertex 33.8625 -1.26335 0
    endloop
  endfacet
  facet normal -0.156413 -0.987692 0
    outer loop
      vertex 35.1777 1.69069 0
      vertex 35.3535 1.66285 1.2
      vertex 35.1777 1.69069 1.2
    endloop
  endfacet
  facet normal -0.156413 -0.987692 -0
    outer loop
      vertex 35.3535 1.66285 1.2
      vertex 35.1777 1.69069 0
      vertex 35.3535 1.66285 0
    endloop
  endfacet
  facet normal -0.804348 -0.0420963 0.592666
    outer loop
      vertex 36.7 0 1.2
      vertex 38.0258 0.00935251 3
      vertex 36.6907 0.177698 1.2
    endloop
  endfacet
  facet normal -0.804315 -0.0429999 0.592646
    outer loop
      vertex 38.0258 0.00935251 3
      vertex 36.7 0 1.2
      vertex 38.0263 0 3
    endloop
  endfacet
  facet normal -0.506885 0.625943 0.592675
    outer loop
      vertex 36.7861 -2.44245 3
      vertex 37.025 -2.24899 3
      vertex 36.1375 -1.26335 1.2
    endloop
  endfacet
  facet normal -0.804349 0.0421849 0.592658
    outer loop
      vertex 38.0097 -0.316335 3
      vertex 38.0258 -0.00935251 3
      vertex 36.6907 -0.177698 1.2
    endloop
  endfacet
  facet normal 0.77807 0.208235 0.592659
    outer loop
      vertex 32.1194 -0.926137 3
      vertex 33.3832 -0.525329 1.2
      vertex 33.3372 -0.35345 1.2
    endloop
  endfacet
  facet normal 0.778547 0.206557 0.592621
    outer loop
      vertex 33.3832 -0.525329 1.2
      vertex 32.1194 -0.926137 3
      vertex 32.1218 -0.935183 3
    endloop
  endfacet
  facet normal -0.804349 -0.0421849 0.592658
    outer loop
      vertex 38.0258 0.00935251 3
      vertex 38.0097 0.316335 3
      vertex 36.6907 0.177698 1.2
    endloop
  endfacet
  facet normal -0.438697 0.675482 0.592679
    outer loop
      vertex 36.5132 -2.62087 3
      vertex 36.771 -2.45344 3
      vertex 35.85 -1.47224 1.2
    endloop
  endfacet
  facet normal 0.795478 0.126279 0.592679
    outer loop
      vertex 32.0384 -0.619956 3
      vertex 33.3372 -0.35345 1.2
      vertex 33.3093 -0.177698 1.2
    endloop
  endfacet
  facet normal 0.796468 0.120546 0.592544
    outer loop
      vertex 33.3372 -0.35345 1.2
      vertex 32.0384 -0.619956 3
      vertex 32.0398 -0.629206 3
    endloop
  endfacet
  facet normal -0.12597 -0.795533 0.592671
    outer loop
      vertex 35.62 2.96165 3
      vertex 35.3163 3.00974 3
      vertex 35.1777 1.69069 1.2
    endloop
  endfacet
  facet normal 0.750891 -0.292008 0.592363
    outer loop
      vertex 32.1218 0.935183 3
      vertex 33.447 0.691452 1.2
      vertex 32.1252 0.943926 3
    endloop
  endfacet
  facet normal 0.751902 -0.28877 0.592668
    outer loop
      vertex 33.447 0.691452 1.2
      vertex 32.1218 0.935183 3
      vertex 33.3832 0.525329 1.2
    endloop
  endfacet
  facet normal -0.751995 -0.288499 0.592681
    outer loop
      vertex 37.8748 0.943926 3
      vertex 37.7647 1.23091 3
      vertex 36.553 0.691452 1.2
    endloop
  endfacet
  facet normal -0.20848 -0.777999 0.592666
    outer loop
      vertex 35.9261 2.88062 3
      vertex 35.6292 2.96018 3
      vertex 35.3535 1.66285 1.2
    endloop
  endfacet
  facet normal -0.365772 -0.717599 0.592674
    outer loop
      vertex 35.85 1.47224 1.2
      vertex 36.5048 2.62512 3
      vertex 35.6915 1.55303 1.2
    endloop
  endfacet
  facet normal -0.363641 -0.718726 0.59262
    outer loop
      vertex 36.5048 2.62512 3
      vertex 35.85 1.47224 1.2
      vertex 36.5132 2.62087 3
    endloop
  endfacet
  facet normal -0.438697 -0.675482 0.592679
    outer loop
      vertex 36.771 2.45344 3
      vertex 36.5132 2.62087 3
      vertex 35.85 1.47224 1.2
    endloop
  endfacet
  facet normal -0.777963 0.208553 0.592688
    outer loop
      vertex 37.8806 -0.926137 3
      vertex 37.9602 -0.629206 3
      vertex 36.6628 -0.35345 1.2
    endloop
  endfacet
  facet normal 0.777963 -0.208553 0.592688
    outer loop
      vertex 33.3372 0.35345 1.2
      vertex 32.1194 0.926137 3
      vertex 32.0398 0.629206 3
    endloop
  endfacet
  facet normal -0.795534 -0.126029 0.592657
    outer loop
      vertex 38.0097 0.316335 3
      vertex 37.9616 0.619956 3
      vertex 36.6907 0.177698 1.2
    endloop
  endfacet
  facet normal 0.675402 0.438811 0.592687
    outer loop
      vertex 32.5466 -1.77097 3
      vertex 33.5278 -0.849999 1.2
      vertex 32.3791 -1.51316 3
    endloop
  endfacet
  facet normal 0.569602 0.569467 0.592673
    outer loop
      vertex 33.7367 -1.13752 1.2
      vertex 32.975 -2.24899 3
      vertex 33.8625 -1.26335 1.2
    endloop
  endfacet
  facet normal 0.569516 0.569542 0.592683
    outer loop
      vertex 32.975 -2.24899 3
      vertex 33.7367 -1.13752 1.2
      vertex 32.751 -2.025 3
    endloop
  endfacet
  facet normal -0.505713 0.626774 0.592797
    outer loop
      vertex 36.1375 -1.26335 1.2
      vertex 36.7788 -2.44834 3
      vertex 36.7861 -2.44245 3
    endloop
  endfacet
  facet normal -0.506845 0.625975 0.592675
    outer loop
      vertex 36.7788 -2.44834 3
      vertex 36.1375 -1.26335 1.2
      vertex 35.9992 -1.37533 1.2
    endloop
  endfacet
  facet normal 0.675534 0.438632 0.592668
    outer loop
      vertex 32.5466 -1.77097 3
      vertex 33.6247 -0.999234 1.2
      vertex 33.5278 -0.849999 1.2
    endloop
  endfacet
  facet normal 0.675417 0.438806 0.592672
    outer loop
      vertex 33.6247 -0.999234 1.2
      vertex 32.5466 -1.77097 3
      vertex 32.5517 -1.77882 3
    endloop
  endfacet
  facet normal -0.626016 -0.506787 0.592682
    outer loop
      vertex 37.4424 1.7861 3
      vertex 37.249 2.025 3
      vertex 36.2633 1.13752 1.2
    endloop
  endfacet
  facet normal -0.0421407 0.804339 0.592674
    outer loop
      vertex 35 -1.7 1.2
      vertex 35.0094 -3.02583 3
      vertex 35.1777 -1.69069 1.2
    endloop
  endfacet
  facet normal -0.0419287 0.804347 0.592679
    outer loop
      vertex 35.0094 -3.02583 3
      vertex 35 -1.7 1.2
      vertex 35 -3.02632 3
    endloop
  endfacet
  facet normal -0.717606 0.365746 0.592682
    outer loop
      vertex 37.6251 -1.50481 3
      vertex 37.7647 -1.23091 3
      vertex 36.553 -0.691452 1.2
    endloop
  endfacet
  facet normal -0.717606 -0.365746 0.592682
    outer loop
      vertex 37.7647 1.23091 3
      vertex 37.6251 1.50481 3
      vertex 36.553 0.691452 1.2
    endloop
  endfacet
  facet normal -0.0421695 -0.80434 0.592672
    outer loop
      vertex 35.1777 1.69069 1.2
      vertex 35.3163 3.00974 3
      vertex 35.0094 3.02583 3
    endloop
  endfacet
  facet normal 0.0419287 0.804347 0.592679
    outer loop
      vertex 35 -1.7 1.2
      vertex 34.9906 -3.02583 3
      vertex 35 -3.02632 3
    endloop
  endfacet
  facet normal 0.0421407 0.804339 0.592674
    outer loop
      vertex 34.9906 -3.02583 3
      vertex 35 -1.7 1.2
      vertex 34.8223 -1.69069 1.2
    endloop
  endfacet
  facet normal -0.0419287 -0.804347 0.592679
    outer loop
      vertex 35 1.7 1.2
      vertex 35.0094 3.02583 3
      vertex 35 3.02632 3
    endloop
  endfacet
  facet normal -0.0421407 -0.804339 0.592674
    outer loop
      vertex 35.0094 3.02583 3
      vertex 35 1.7 1.2
      vertex 35.1777 1.69069 1.2
    endloop
  endfacet
  facet normal -0.365669 0.71766 0.592664
    outer loop
      vertex 36.2309 -2.76468 3
      vertex 36.5048 -2.62512 3
      vertex 35.6915 -1.55303 1.2
    endloop
  endfacet
  facet normal -0.751995 0.288499 0.592681
    outer loop
      vertex 37.7647 -1.23091 3
      vertex 37.8748 -0.943926 3
      vertex 36.553 -0.691452 1.2
    endloop
  endfacet
  facet normal 0.62591 0.506934 0.592667
    outer loop
      vertex 32.5517 -1.77882 3
      vertex 33.7367 -1.13752 1.2
      vertex 33.6247 -0.999234 1.2
    endloop
  endfacet
  facet normal 0.625763 0.507143 0.592644
    outer loop
      vertex 33.7367 -1.13752 1.2
      vertex 32.5517 -1.77882 3
      vertex 32.5576 -1.7861 3
    endloop
  endfacet
  facet normal 0.626016 0.506787 0.592682
    outer loop
      vertex 32.751 -2.025 3
      vertex 33.7367 -1.13752 1.2
      vertex 32.5576 -1.7861 3
    endloop
  endfacet
  facet normal -0.208533 -0.777981 0.592671
    outer loop
      vertex 35.5253 1.6168 1.2
      vertex 35.9261 2.88062 3
      vertex 35.3535 1.66285 1.2
    endloop
  endfacet
  facet normal -0.207007 -0.778415 0.592636
    outer loop
      vertex 35.9261 2.88062 3
      vertex 35.5253 1.6168 1.2
      vertex 35.9352 2.8782 3
    endloop
  endfacet
  facet normal -0.363641 0.718726 0.59262
    outer loop
      vertex 35.85 -1.47224 1.2
      vertex 36.5048 -2.62512 3
      vertex 36.5132 -2.62087 3
    endloop
  endfacet
  facet normal -0.365772 0.717599 0.592674
    outer loop
      vertex 36.5048 -2.62512 3
      vertex 35.85 -1.47224 1.2
      vertex 35.6915 -1.55303 1.2
    endloop
  endfacet
  facet normal -0.778547 -0.206557 0.592621
    outer loop
      vertex 36.6168 0.525329 1.2
      vertex 37.8806 0.926137 3
      vertex 37.8782 0.935183 3
    endloop
  endfacet
  facet normal -0.77807 -0.208235 0.592659
    outer loop
      vertex 37.8806 0.926137 3
      vertex 36.6168 0.525329 1.2
      vertex 36.6628 0.35345 1.2
    endloop
  endfacet
  facet normal 0.365772 0.717599 0.592674
    outer loop
      vertex 34.15 -1.47224 1.2
      vertex 33.4952 -2.62512 3
      vertex 34.3085 -1.55303 1.2
    endloop
  endfacet
  facet normal 0.363641 0.718726 0.59262
    outer loop
      vertex 33.4952 -2.62512 3
      vertex 34.15 -1.47224 1.2
      vertex 33.4868 -2.62087 3
    endloop
  endfacet
  facet normal -0.795478 0.126279 0.592679
    outer loop
      vertex 36.6628 -0.35345 1.2
      vertex 37.9616 -0.619956 3
      vertex 36.6907 -0.177698 1.2
    endloop
  endfacet
  facet normal -0.796468 0.120546 0.592544
    outer loop
      vertex 37.9616 -0.619956 3
      vertex 36.6628 -0.35345 1.2
      vertex 37.9602 -0.629206 3
    endloop
  endfacet
  facet normal 0.288532 0.751984 0.592679
    outer loop
      vertex 34.3085 -1.55303 1.2
      vertex 34.0648 -2.8782 3
      vertex 34.4747 -1.6168 1.2
    endloop
  endfacet
  facet normal 0.290219 0.75146 0.592521
    outer loop
      vertex 34.0648 -2.8782 3
      vertex 34.3085 -1.55303 1.2
      vertex 34.0561 -2.87484 3
    endloop
  endfacet
  facet normal -0.0421695 0.80434 0.592672
    outer loop
      vertex 35.3163 -3.00974 3
      vertex 35.1777 -1.69069 1.2
      vertex 35.0094 -3.02583 3
    endloop
  endfacet
  facet normal 0.804315 -0.0429999 0.592646
    outer loop
      vertex 33.3 0 1.2
      vertex 31.9742 0.00935251 3
      vertex 31.9737 0 3
    endloop
  endfacet
  facet normal 0.804348 -0.0420963 0.592666
    outer loop
      vertex 31.9742 0.00935251 3
      vertex 33.3 0 1.2
      vertex 33.3093 0.177698 1.2
    endloop
  endfacet
  facet normal 0.751995 -0.288499 0.592681
    outer loop
      vertex 33.447 0.691452 1.2
      vertex 32.2353 1.23091 3
      vertex 32.1252 0.943926 3
    endloop
  endfacet
  facet normal 0.12597 0.795533 0.592671
    outer loop
      vertex 34.6837 -3.00974 3
      vertex 34.8223 -1.69069 1.2
      vertex 34.38 -2.96165 3
    endloop
  endfacet
  facet normal 0.778547 -0.206557 0.592621
    outer loop
      vertex 32.1194 0.926137 3
      vertex 33.3832 0.525329 1.2
      vertex 32.1218 0.935183 3
    endloop
  endfacet
  facet normal 0.77807 -0.208235 0.592659
    outer loop
      vertex 33.3832 0.525329 1.2
      vertex 32.1194 0.926137 3
      vertex 33.3372 0.35345 1.2
    endloop
  endfacet
  facet normal 0.288627 0.751959 0.592665
    outer loop
      vertex 34.0561 -2.87484 3
      vertex 34.3085 -1.55303 1.2
      vertex 33.7691 -2.76468 3
    endloop
  endfacet
  facet normal -0.506885 -0.625943 0.592675
    outer loop
      vertex 37.025 2.24899 3
      vertex 36.7861 2.44245 3
      vertex 36.1375 1.26335 1.2
    endloop
  endfacet
  facet normal 0.717606 -0.365746 0.592682
    outer loop
      vertex 33.447 0.691452 1.2
      vertex 32.3749 1.50481 3
      vertex 32.2353 1.23091 3
    endloop
  endfacet
  facet normal -0.207007 0.778415 0.592636
    outer loop
      vertex 35.5253 -1.6168 1.2
      vertex 35.9261 -2.88062 3
      vertex 35.9352 -2.8782 3
    endloop
  endfacet
  facet normal -0.208533 0.777981 0.592671
    outer loop
      vertex 35.9261 -2.88062 3
      vertex 35.5253 -1.6168 1.2
      vertex 35.3535 -1.66285 1.2
    endloop
  endfacet
  facet normal 0.804349 -0.0421849 0.592658
    outer loop
      vertex 33.3093 0.177698 1.2
      vertex 31.9903 0.316335 3
      vertex 31.9742 0.00935251 3
    endloop
  endfacet
  facet normal 0.506885 -0.625943 0.592675
    outer loop
      vertex 33.8625 1.26335 1.2
      vertex 33.2139 2.44245 3
      vertex 32.975 2.24899 3
    endloop
  endfacet
  facet normal -0.127081 0.795338 0.592696
    outer loop
      vertex 35.3535 -1.66285 1.2
      vertex 35.62 -2.96165 3
      vertex 35.6292 -2.96018 3
    endloop
  endfacet
  facet normal -0.125982 0.795531 0.592672
    outer loop
      vertex 35.62 -2.96165 3
      vertex 35.3535 -1.66285 1.2
      vertex 35.1777 -1.69069 1.2
    endloop
  endfacet
  facet normal -0.440754 0.674094 0.592734
    outer loop
      vertex 35.9992 -1.37533 1.2
      vertex 36.771 -2.45344 3
      vertex 36.7788 -2.44834 3
    endloop
  endfacet
  facet normal -0.43873 0.675457 0.592683
    outer loop
      vertex 36.771 -2.45344 3
      vertex 35.9992 -1.37533 1.2
      vertex 35.85 -1.47224 1.2
    endloop
  endfacet
  facet normal 0.569602 -0.569467 0.592673
    outer loop
      vertex 32.975 2.24899 3
      vertex 33.7367 1.13752 1.2
      vertex 33.8625 1.26335 1.2
    endloop
  endfacet
  facet normal 0.569516 -0.569542 0.592683
    outer loop
      vertex 33.7367 1.13752 1.2
      vertex 32.975 2.24899 3
      vertex 32.751 2.025 3
    endloop
  endfacet
  facet normal 0.751902 0.28877 0.592668
    outer loop
      vertex 32.1218 -0.935183 3
      vertex 33.447 -0.691452 1.2
      vertex 33.3832 -0.525329 1.2
    endloop
  endfacet
  facet normal 0.750891 0.292008 0.592363
    outer loop
      vertex 33.447 -0.691452 1.2
      vertex 32.1218 -0.935183 3
      vertex 32.1252 -0.943926 3
    endloop
  endfacet
  facet normal -0.20848 0.777999 0.592666
    outer loop
      vertex 35.6292 -2.96018 3
      vertex 35.9261 -2.88062 3
      vertex 35.3535 -1.66285 1.2
    endloop
  endfacet
  facet normal 0.0421407 -0.804339 0.592674
    outer loop
      vertex 35 1.7 1.2
      vertex 34.9906 3.02583 3
      vertex 34.8223 1.69069 1.2
    endloop
  endfacet
  facet normal 0.0419287 -0.804347 0.592679
    outer loop
      vertex 34.9906 3.02583 3
      vertex 35 1.7 1.2
      vertex 35 3.02632 3
    endloop
  endfacet
  facet normal 0.0421695 -0.80434 0.592672
    outer loop
      vertex 34.8223 1.69069 1.2
      vertex 34.9906 3.02583 3
      vertex 34.6837 3.00974 3
    endloop
  endfacet
  facet normal 0.675402 -0.438811 0.592687
    outer loop
      vertex 33.5278 0.849999 1.2
      vertex 32.5466 1.77097 3
      vertex 32.3791 1.51316 3
    endloop
  endfacet
  facet normal -0.626016 0.506787 0.592682
    outer loop
      vertex 37.249 -2.025 3
      vertex 37.4424 -1.7861 3
      vertex 36.2633 -1.13752 1.2
    endloop
  endfacet
  facet normal 0.777963 0.208553 0.592688
    outer loop
      vertex 32.1194 -0.926137 3
      vertex 33.3372 -0.35345 1.2
      vertex 32.0398 -0.629206 3
    endloop
  endfacet
  facet normal -0.796468 -0.120546 0.592544
    outer loop
      vertex 36.6628 0.35345 1.2
      vertex 37.9616 0.619956 3
      vertex 37.9602 0.629206 3
    endloop
  endfacet
  facet normal -0.795478 -0.126279 0.592679
    outer loop
      vertex 37.9616 0.619956 3
      vertex 36.6628 0.35345 1.2
      vertex 36.6907 0.177698 1.2
    endloop
  endfacet
  facet normal -0.365669 -0.71766 0.592664
    outer loop
      vertex 36.5048 2.62512 3
      vertex 36.2309 2.76468 3
      vertex 35.6915 1.55303 1.2
    endloop
  endfacet
  facet normal -0.795534 0.126029 0.592657
    outer loop
      vertex 37.9616 -0.619956 3
      vertex 38.0097 -0.316335 3
      vertex 36.6907 -0.177698 1.2
    endloop
  endfacet
  facet normal -0.777963 -0.208553 0.592688
    outer loop
      vertex 37.9602 0.629206 3
      vertex 37.8806 0.926137 3
      vertex 36.6628 0.35345 1.2
    endloop
  endfacet
  facet normal -0.62591 0.506934 0.592667
    outer loop
      vertex 36.2633 -1.13752 1.2
      vertex 37.4483 -1.77882 3
      vertex 36.3753 -0.999234 1.2
    endloop
  endfacet
  facet normal -0.625763 0.507143 0.592644
    outer loop
      vertex 37.4483 -1.77882 3
      vertex 36.2633 -1.13752 1.2
      vertex 37.4424 -1.7861 3
    endloop
  endfacet
  facet normal 0.20848 -0.777999 0.592666
    outer loop
      vertex 34.6465 1.66285 1.2
      vertex 34.3708 2.96018 3
      vertex 34.0739 2.88062 3
    endloop
  endfacet
  facet normal -0.569516 -0.569542 0.592683
    outer loop
      vertex 37.025 2.24899 3
      vertex 36.2633 1.13752 1.2
      vertex 37.249 2.025 3
    endloop
  endfacet
  facet normal -0.569602 -0.569467 0.592673
    outer loop
      vertex 36.2633 1.13752 1.2
      vertex 37.025 2.24899 3
      vertex 36.1375 1.26335 1.2
    endloop
  endfacet
  facet normal -0.43873 -0.675457 0.592683
    outer loop
      vertex 35.9992 1.37533 1.2
      vertex 36.771 2.45344 3
      vertex 35.85 1.47224 1.2
    endloop
  endfacet
  facet normal -0.440754 -0.674094 0.592734
    outer loop
      vertex 36.771 2.45344 3
      vertex 35.9992 1.37533 1.2
      vertex 36.7788 2.44834 3
    endloop
  endfacet
  facet normal -0.288627 -0.751959 0.592665
    outer loop
      vertex 36.2309 2.76468 3
      vertex 35.9439 2.87484 3
      vertex 35.6915 1.55303 1.2
    endloop
  endfacet
  facet normal -0.719606 -0.361958 0.592582
    outer loop
      vertex 36.4722 0.849999 1.2
      vertex 37.6251 1.50481 3
      vertex 37.6209 1.51316 3
    endloop
  endfacet
  facet normal -0.717621 -0.36572 0.592679
    outer loop
      vertex 37.6251 1.50481 3
      vertex 36.4722 0.849999 1.2
      vertex 36.553 0.691452 1.2
    endloop
  endfacet
  facet normal -0.675402 -0.438811 0.592687
    outer loop
      vertex 37.6209 1.51316 3
      vertex 37.4534 1.77097 3
      vertex 36.4722 0.849999 1.2
    endloop
  endfacet
  facet normal 0.365669 0.71766 0.592664
    outer loop
      vertex 33.7691 -2.76468 3
      vertex 34.3085 -1.55303 1.2
      vertex 33.4952 -2.62512 3
    endloop
  endfacet
  facet normal 0.438697 -0.675482 0.592679
    outer loop
      vertex 34.15 1.47224 1.2
      vertex 33.4868 2.62087 3
      vertex 33.229 2.45344 3
    endloop
  endfacet
  facet normal -0.77807 0.208235 0.592659
    outer loop
      vertex 36.6168 -0.525329 1.2
      vertex 37.8806 -0.926137 3
      vertex 36.6628 -0.35345 1.2
    endloop
  endfacet
  facet normal -0.778547 0.206557 0.592621
    outer loop
      vertex 37.8806 -0.926137 3
      vertex 36.6168 -0.525329 1.2
      vertex 37.8782 -0.935183 3
    endloop
  endfacet
  facet normal -0.804315 0.0429999 0.592646
    outer loop
      vertex 36.7 0 1.2
      vertex 38.0258 -0.00935251 3
      vertex 38.0263 0 3
    endloop
  endfacet
  facet normal -0.804348 0.0420963 0.592666
    outer loop
      vertex 38.0258 -0.00935251 3
      vertex 36.7 0 1.2
      vertex 36.6907 -0.177698 1.2
    endloop
  endfacet
  facet normal 0.440754 -0.674094 0.592734
    outer loop
      vertex 34.0008 1.37533 1.2
      vertex 33.229 2.45344 3
      vertex 33.2212 2.44834 3
    endloop
  endfacet
  facet normal 0.43873 -0.675457 0.592683
    outer loop
      vertex 33.229 2.45344 3
      vertex 34.0008 1.37533 1.2
      vertex 34.15 1.47224 1.2
    endloop
  endfacet
  facet normal 0.506885 0.625943 0.592675
    outer loop
      vertex 33.2139 -2.44245 3
      vertex 33.8625 -1.26335 1.2
      vertex 32.975 -2.24899 3
    endloop
  endfacet
  facet normal 0.43873 0.675457 0.592683
    outer loop
      vertex 34.0008 -1.37533 1.2
      vertex 33.229 -2.45344 3
      vertex 34.15 -1.47224 1.2
    endloop
  endfacet
  facet normal 0.440754 0.674094 0.592734
    outer loop
      vertex 33.229 -2.45344 3
      vertex 34.0008 -1.37533 1.2
      vertex 33.2212 -2.44834 3
    endloop
  endfacet
  facet normal 0.207007 -0.778415 0.592636
    outer loop
      vertex 34.4747 1.6168 1.2
      vertex 34.0739 2.88062 3
      vertex 34.0648 2.8782 3
    endloop
  endfacet
  facet normal 0.208533 -0.777981 0.592671
    outer loop
      vertex 34.0739 2.88062 3
      vertex 34.4747 1.6168 1.2
      vertex 34.6465 1.66285 1.2
    endloop
  endfacet
  facet normal -0.290219 0.75146 0.592521
    outer loop
      vertex 35.6915 -1.55303 1.2
      vertex 35.9352 -2.8782 3
      vertex 35.9439 -2.87484 3
    endloop
  endfacet
  facet normal -0.288532 0.751984 0.592679
    outer loop
      vertex 35.9352 -2.8782 3
      vertex 35.6915 -1.55303 1.2
      vertex 35.5253 -1.6168 1.2
    endloop
  endfacet
  facet normal -0.12597 0.795533 0.592671
    outer loop
      vertex 35.3163 -3.00974 3
      vertex 35.62 -2.96165 3
      vertex 35.1777 -1.69069 1.2
    endloop
  endfacet
  facet normal -0.751902 0.28877 0.592668
    outer loop
      vertex 36.553 -0.691452 1.2
      vertex 37.8782 -0.935183 3
      vertex 36.6168 -0.525329 1.2
    endloop
  endfacet
  facet normal -0.750891 0.292008 0.592363
    outer loop
      vertex 37.8782 -0.935183 3
      vertex 36.553 -0.691452 1.2
      vertex 37.8748 -0.943926 3
    endloop
  endfacet
  facet normal -0.506845 -0.625975 0.592675
    outer loop
      vertex 36.1375 1.26335 1.2
      vertex 36.7788 2.44834 3
      vertex 35.9992 1.37533 1.2
    endloop
  endfacet
  facet normal -0.505713 -0.626774 0.592797
    outer loop
      vertex 36.7788 2.44834 3
      vertex 36.1375 1.26335 1.2
      vertex 36.7861 2.44245 3
    endloop
  endfacet
  facet normal -0.288627 0.751959 0.592665
    outer loop
      vertex 35.9439 -2.87484 3
      vertex 36.2309 -2.76468 3
      vertex 35.6915 -1.55303 1.2
    endloop
  endfacet
  facet normal 0.751995 0.288499 0.592681
    outer loop
      vertex 32.2353 -1.23091 3
      vertex 33.447 -0.691452 1.2
      vertex 32.1252 -0.943926 3
    endloop
  endfacet
  facet normal -0.288532 -0.751984 0.592679
    outer loop
      vertex 35.6915 1.55303 1.2
      vertex 35.9352 2.8782 3
      vertex 35.5253 1.6168 1.2
    endloop
  endfacet
  facet normal -0.290219 -0.75146 0.592521
    outer loop
      vertex 35.9352 2.8782 3
      vertex 35.6915 1.55303 1.2
      vertex 35.9439 2.87484 3
    endloop
  endfacet
  facet normal 0.505713 -0.626774 0.592797
    outer loop
      vertex 33.8625 1.26335 1.2
      vertex 33.2212 2.44834 3
      vertex 33.2139 2.44245 3
    endloop
  endfacet
  facet normal 0.506845 -0.625975 0.592675
    outer loop
      vertex 33.2212 2.44834 3
      vertex 33.8625 1.26335 1.2
      vertex 34.0008 1.37533 1.2
    endloop
  endfacet
  facet normal 0.0421695 0.80434 0.592672
    outer loop
      vertex 34.9906 -3.02583 3
      vertex 34.8223 -1.69069 1.2
      vertex 34.6837 -3.00974 3
    endloop
  endfacet
  facet normal 0.288627 -0.751959 0.592665
    outer loop
      vertex 34.3085 1.55303 1.2
      vertex 34.0561 2.87484 3
      vertex 33.7691 2.76468 3
    endloop
  endfacet
  facet normal 0.796468 -0.120546 0.592544
    outer loop
      vertex 32.0384 0.619956 3
      vertex 33.3372 0.35345 1.2
      vertex 32.0398 0.629206 3
    endloop
  endfacet
  facet normal 0.795478 -0.126279 0.592679
    outer loop
      vertex 33.3372 0.35345 1.2
      vertex 32.0384 0.619956 3
      vertex 33.3093 0.177698 1.2
    endloop
  endfacet
  facet normal 0.795534 -0.126029 0.592657
    outer loop
      vertex 33.3093 0.177698 1.2
      vertex 32.0384 0.619956 3
      vertex 31.9903 0.316335 3
    endloop
  endfacet
  facet normal 0.795534 0.126029 0.592657
    outer loop
      vertex 32.0384 -0.619956 3
      vertex 33.3093 -0.177698 1.2
      vertex 31.9903 -0.316335 3
    endloop
  endfacet
  facet normal 0.626016 -0.506787 0.592682
    outer loop
      vertex 33.7367 1.13752 1.2
      vertex 32.751 2.025 3
      vertex 32.5576 1.7861 3
    endloop
  endfacet
  facet normal -0.125982 -0.795531 0.592672
    outer loop
      vertex 35.3535 1.66285 1.2
      vertex 35.62 2.96165 3
      vertex 35.1777 1.69069 1.2
    endloop
  endfacet
  facet normal -0.127081 -0.795338 0.592696
    outer loop
      vertex 35.62 2.96165 3
      vertex 35.3535 1.66285 1.2
      vertex 35.6292 2.96018 3
    endloop
  endfacet
  facet normal 0.506845 0.625975 0.592675
    outer loop
      vertex 33.8625 -1.26335 1.2
      vertex 33.2212 -2.44834 3
      vertex 34.0008 -1.37533 1.2
    endloop
  endfacet
  facet normal 0.505713 0.626774 0.592797
    outer loop
      vertex 33.2212 -2.44834 3
      vertex 33.8625 -1.26335 1.2
      vertex 33.2139 -2.44245 3
    endloop
  endfacet
  facet normal 0.127081 -0.795338 0.592696
    outer loop
      vertex 34.6465 1.66285 1.2
      vertex 34.38 2.96165 3
      vertex 34.3708 2.96018 3
    endloop
  endfacet
  facet normal 0.125982 -0.795531 0.592672
    outer loop
      vertex 34.38 2.96165 3
      vertex 34.6465 1.66285 1.2
      vertex 34.8223 1.69069 1.2
    endloop
  endfacet
  facet normal 0.12597 -0.795533 0.592671
    outer loop
      vertex 34.8223 1.69069 1.2
      vertex 34.6837 3.00974 3
      vertex 34.38 2.96165 3
    endloop
  endfacet
  facet normal 0.675417 -0.438806 0.592672
    outer loop
      vertex 32.5466 1.77097 3
      vertex 33.6247 0.999234 1.2
      vertex 32.5517 1.77882 3
    endloop
  endfacet
  facet normal 0.675534 -0.438632 0.592668
    outer loop
      vertex 33.6247 0.999234 1.2
      vertex 32.5466 1.77097 3
      vertex 33.5278 0.849999 1.2
    endloop
  endfacet
  facet normal 0.438697 0.675482 0.592679
    outer loop
      vertex 33.4868 -2.62087 3
      vertex 34.15 -1.47224 1.2
      vertex 33.229 -2.45344 3
    endloop
  endfacet
  facet normal 0.290219 -0.75146 0.592521
    outer loop
      vertex 34.3085 1.55303 1.2
      vertex 34.0648 2.8782 3
      vertex 34.0561 2.87484 3
    endloop
  endfacet
  facet normal 0.288532 -0.751984 0.592679
    outer loop
      vertex 34.0648 2.8782 3
      vertex 34.3085 1.55303 1.2
      vertex 34.4747 1.6168 1.2
    endloop
  endfacet
  facet normal -0.675402 0.438811 0.592687
    outer loop
      vertex 37.4534 -1.77097 3
      vertex 37.6209 -1.51316 3
      vertex 36.4722 -0.849999 1.2
    endloop
  endfacet
  facet normal -0.717621 0.36572 0.592679
    outer loop
      vertex 36.4722 -0.849999 1.2
      vertex 37.6251 -1.50481 3
      vertex 36.553 -0.691452 1.2
    endloop
  endfacet
  facet normal -0.719606 0.361958 0.592582
    outer loop
      vertex 37.6251 -1.50481 3
      vertex 36.4722 -0.849999 1.2
      vertex 37.6209 -1.51316 3
    endloop
  endfacet
  facet normal -0.625763 -0.507143 0.592644
    outer loop
      vertex 36.2633 1.13752 1.2
      vertex 37.4483 1.77882 3
      vertex 37.4424 1.7861 3
    endloop
  endfacet
  facet normal -0.62591 -0.506934 0.592667
    outer loop
      vertex 37.4483 1.77882 3
      vertex 36.2633 1.13752 1.2
      vertex 36.3753 0.999234 1.2
    endloop
  endfacet
  facet normal -0.675417 -0.438806 0.592672
    outer loop
      vertex 36.3753 0.999234 1.2
      vertex 37.4534 1.77097 3
      vertex 37.4483 1.77882 3
    endloop
  endfacet
  facet normal -0.675534 -0.438632 0.592668
    outer loop
      vertex 37.4534 1.77097 3
      vertex 36.3753 0.999234 1.2
      vertex 36.4722 0.849999 1.2
    endloop
  endfacet
  facet normal -0.750891 -0.292008 0.592363
    outer loop
      vertex 36.553 0.691452 1.2
      vertex 37.8782 0.935183 3
      vertex 37.8748 0.943926 3
    endloop
  endfacet
  facet normal -0.751902 -0.28877 0.592668
    outer loop
      vertex 37.8782 0.935183 3
      vertex 36.553 0.691452 1.2
      vertex 36.6168 0.525329 1.2
    endloop
  endfacet
  facet normal 0.804315 0.0429999 0.592646
    outer loop
      vertex 31.9742 -0.00935251 3
      vertex 33.3 0 1.2
      vertex 31.9737 0 3
    endloop
  endfacet
  facet normal 0.804348 0.0420963 0.592666
    outer loop
      vertex 33.3 0 1.2
      vertex 31.9742 -0.00935251 3
      vertex 33.3093 -0.177698 1.2
    endloop
  endfacet
  facet normal 0.717606 0.365746 0.592682
    outer loop
      vertex 32.3749 -1.50481 3
      vertex 33.447 -0.691452 1.2
      vertex 32.2353 -1.23091 3
    endloop
  endfacet
  facet normal 0.717621 0.36572 0.592679
    outer loop
      vertex 32.3749 -1.50481 3
      vertex 33.5278 -0.849999 1.2
      vertex 33.447 -0.691452 1.2
    endloop
  endfacet
  facet normal 0.719606 0.361958 0.592582
    outer loop
      vertex 33.5278 -0.849999 1.2
      vertex 32.3749 -1.50481 3
      vertex 32.3791 -1.51316 3
    endloop
  endfacet
  facet normal 0.365669 -0.71766 0.592664
    outer loop
      vertex 34.3085 1.55303 1.2
      vertex 33.7691 2.76468 3
      vertex 33.4952 2.62512 3
    endloop
  endfacet
  facet normal 0.625763 -0.507143 0.592644
    outer loop
      vertex 32.5517 1.77882 3
      vertex 33.7367 1.13752 1.2
      vertex 32.5576 1.7861 3
    endloop
  endfacet
  facet normal 0.62591 -0.506934 0.592667
    outer loop
      vertex 33.7367 1.13752 1.2
      vertex 32.5517 1.77882 3
      vertex 33.6247 0.999234 1.2
    endloop
  endfacet
  facet normal 0.208533 0.777981 0.592671
    outer loop
      vertex 34.4747 -1.6168 1.2
      vertex 34.0739 -2.88062 3
      vertex 34.6465 -1.66285 1.2
    endloop
  endfacet
  facet normal 0.207007 0.778415 0.592636
    outer loop
      vertex 34.0739 -2.88062 3
      vertex 34.4747 -1.6168 1.2
      vertex 34.0648 -2.8782 3
    endloop
  endfacet
  facet normal 0.719606 -0.361958 0.592582
    outer loop
      vertex 32.3749 1.50481 3
      vertex 33.5278 0.849999 1.2
      vertex 32.3791 1.51316 3
    endloop
  endfacet
  facet normal 0.717621 -0.36572 0.592679
    outer loop
      vertex 33.5278 0.849999 1.2
      vertex 32.3749 1.50481 3
      vertex 33.447 0.691452 1.2
    endloop
  endfacet
  facet normal 0.804349 0.0421849 0.592658
    outer loop
      vertex 31.9903 -0.316335 3
      vertex 33.3093 -0.177698 1.2
      vertex 31.9742 -0.00935251 3
    endloop
  endfacet
  facet normal -0.675534 0.438632 0.592668
    outer loop
      vertex 36.3753 -0.999234 1.2
      vertex 37.4534 -1.77097 3
      vertex 36.4722 -0.849999 1.2
    endloop
  endfacet
  facet normal -0.675417 0.438806 0.592672
    outer loop
      vertex 37.4534 -1.77097 3
      vertex 36.3753 -0.999234 1.2
      vertex 37.4483 -1.77882 3
    endloop
  endfacet
  facet normal -0.569516 0.569542 0.592683
    outer loop
      vertex 36.2633 -1.13752 1.2
      vertex 37.025 -2.24899 3
      vertex 37.249 -2.025 3
    endloop
  endfacet
  facet normal -0.569602 0.569467 0.592673
    outer loop
      vertex 37.025 -2.24899 3
      vertex 36.2633 -1.13752 1.2
      vertex 36.1375 -1.26335 1.2
    endloop
  endfacet
  facet normal 0.363641 -0.718726 0.59262
    outer loop
      vertex 34.15 1.47224 1.2
      vertex 33.4952 2.62512 3
      vertex 33.4868 2.62087 3
    endloop
  endfacet
  facet normal 0.365772 -0.717599 0.592674
    outer loop
      vertex 33.4952 2.62512 3
      vertex 34.15 1.47224 1.2
      vertex 34.3085 1.55303 1.2
    endloop
  endfacet
  facet normal 0.125982 0.795531 0.592672
    outer loop
      vertex 34.6465 -1.66285 1.2
      vertex 34.38 -2.96165 3
      vertex 34.8223 -1.69069 1.2
    endloop
  endfacet
  facet normal 0.127081 0.795338 0.592696
    outer loop
      vertex 34.38 -2.96165 3
      vertex 34.6465 -1.66285 1.2
      vertex 34.3708 -2.96018 3
    endloop
  endfacet
  facet normal 0.20848 0.777999 0.592666
    outer loop
      vertex 34.3708 -2.96018 3
      vertex 34.6465 -1.66285 1.2
      vertex 34.0739 -2.88062 3
    endloop
  endfacet
  facet normal -0.890864 -0.454269 0
    outer loop
      vertex 30.268 -14 0
      vertex 30.1729 -13.8135 3
      vertex 30.1729 -13.8135 0
    endloop
  endfacet
  facet normal -0.890864 -0.454269 0
    outer loop
      vertex 30.1729 -13.8135 3
      vertex 30.268 -14 0
      vertex 30.268 -14 3
    endloop
  endfacet
  facet normal 1 -0 0
    outer loop
      vertex 46 -13 3
      vertex 46 3 0
      vertex 46 3 3
    endloop
  endfacet
  facet normal 1 0 0
    outer loop
      vertex 46 3 0
      vertex 46 -13 3
      vertex 46 -13 0
    endloop
  endfacet
  facet normal -0.0523433 0.998629 0
    outer loop
      vertex 32 5 0
      vertex 31.7909 4.98904 3
      vertex 32 5 3
    endloop
  endfacet
  facet normal -0.0523433 0.998629 0
    outer loop
      vertex 31.7909 4.98904 3
      vertex 32 5 0
      vertex 31.7909 4.98904 0
    endloop
  endfacet
  facet normal 0.987716 -0.156257 0
    outer loop
      vertex 45.9563 -13.4158 3
      vertex 45.989 -13.2091 0
      vertex 45.989 -13.2091 3
    endloop
  endfacet
  facet normal 0.987716 -0.156257 0
    outer loop
      vertex 45.989 -13.2091 0
      vertex 45.9563 -13.4158 3
      vertex 45.9563 -13.4158 0
    endloop
  endfacet
  facet normal 0 -1 0
    outer loop
      vertex 32 -15 0
      vertex 44 -15 3
      vertex 32 -15 3
    endloop
  endfacet
  facet normal 0 -1 -0
    outer loop
      vertex 44 -15 3
      vertex 32 -15 0
      vertex 44 -15 0
    endloop
  endfacet
  facet normal 0.544518 -0.838749 0
    outer loop
      vertex 45 -14.732 0
      vertex 45.1756 -14.618 3
      vertex 45 -14.732 3
    endloop
  endfacet
  facet normal 0.544518 -0.838749 0
    outer loop
      vertex 45.1756 -14.618 3
      vertex 45 -14.732 0
      vertex 45.1756 -14.618 0
    endloop
  endfacet
  facet normal -0.544518 -0.838749 0
    outer loop
      vertex 30.8244 -14.618 0
      vertex 31 -14.732 3
      vertex 30.8244 -14.618 3
    endloop
  endfacet
  facet normal -0.544518 -0.838749 -0
    outer loop
      vertex 31 -14.732 3
      vertex 30.8244 -14.618 0
      vertex 31 -14.732 0
    endloop
  endfacet
  facet normal -0.933616 0.358275 0
    outer loop
      vertex 30.0979 3.61803 0
      vertex 30.1729 3.81347 3
      vertex 30.1729 3.81347 0
    endloop
  endfacet
  facet normal -0.933616 0.358275 0
    outer loop
      vertex 30.1729 3.81347 3
      vertex 30.0979 3.61803 0
      vertex 30.0979 3.61803 3
    endloop
  endfacet
  facet normal 0.156257 -0.987716 0
    outer loop
      vertex 44.2091 -14.989 0
      vertex 44.4158 -14.9563 3
      vertex 44.2091 -14.989 3
    endloop
  endfacet
  facet normal 0.156257 -0.987716 0
    outer loop
      vertex 44.4158 -14.9563 3
      vertex 44.2091 -14.989 0
      vertex 44.4158 -14.9563 0
    endloop
  endfacet
  facet normal -0.0525338 -0.998619 0
    outer loop
      vertex 31.7909 -14.989 0
      vertex 32 -15 3
      vertex 31.7909 -14.989 3
    endloop
  endfacet
  facet normal -0.0525338 -0.998619 -0
    outer loop
      vertex 32 -15 3
      vertex 31.7909 -14.989 0
      vertex 32 -15 0
    endloop
  endfacet
  facet normal -0.707107 -0.707107 0
    outer loop
      vertex 30.5137 -14.3383 0
      vertex 30.6617 -14.4863 3
      vertex 30.5137 -14.3383 3
    endloop
  endfacet
  facet normal -0.707107 -0.707107 -0
    outer loop
      vertex 30.6617 -14.4863 3
      vertex 30.5137 -14.3383 0
      vertex 30.6617 -14.4863 0
    endloop
  endfacet
  facet normal -0.629171 -0.777267 0
    outer loop
      vertex 30.6617 -14.4863 0
      vertex 30.8244 -14.618 3
      vertex 30.6617 -14.4863 3
    endloop
  endfacet
  facet normal -0.629171 -0.777267 -0
    outer loop
      vertex 30.8244 -14.618 3
      vertex 30.6617 -14.4863 0
      vertex 30.8244 -14.618 0
    endloop
  endfacet
  facet normal -0.777267 -0.629171 0
    outer loop
      vertex 30.5137 -14.3383 0
      vertex 30.382 -14.1756 3
      vertex 30.382 -14.1756 0
    endloop
  endfacet
  facet normal -0.777267 -0.629171 0
    outer loop
      vertex 30.382 -14.1756 3
      vertex 30.5137 -14.3383 0
      vertex 30.5137 -14.3383 3
    endloop
  endfacet
  facet normal 0.544585 0.838705 -0
    outer loop
      vertex 45.1756 4.61803 0
      vertex 45 4.73205 3
      vertex 45.1756 4.61803 3
    endloop
  endfacet
  facet normal 0.544585 0.838705 0
    outer loop
      vertex 45 4.73205 3
      vertex 45.1756 4.61803 0
      vertex 45 4.73205 0
    endloop
  endfacet
  facet normal -1 0 0
    outer loop
      vertex 30 -13 0
      vertex 30 3 3
      vertex 30 3 0
    endloop
  endfacet
  facet normal -1 -0 0
    outer loop
      vertex 30 3 3
      vertex 30 -13 0
      vertex 30 -13 3
    endloop
  endfacet
  facet normal 0.965901 -0.258911 0
    outer loop
      vertex 45.9021 -13.618 3
      vertex 45.9563 -13.4158 0
      vertex 45.9563 -13.4158 3
    endloop
  endfacet
  facet normal 0.965901 -0.258911 0
    outer loop
      vertex 45.9563 -13.4158 0
      vertex 45.9021 -13.618 3
      vertex 45.9021 -13.618 0
    endloop
  endfacet
  facet normal 0.838707 0.544584 0
    outer loop
      vertex 45.732 4 3
      vertex 45.618 4.17557 0
      vertex 45.618 4.17557 3
    endloop
  endfacet
  facet normal 0.838707 0.544584 0
    outer loop
      vertex 45.618 4.17557 0
      vertex 45.732 4 3
      vertex 45.732 4 0
    endloop
  endfacet
  facet normal 0.258867 0.965913 -0
    outer loop
      vertex 44.618 4.90211 0
      vertex 44.4158 4.9563 3
      vertex 44.618 4.90211 3
    endloop
  endfacet
  facet normal 0.258867 0.965913 0
    outer loop
      vertex 44.4158 4.9563 3
      vertex 44.618 4.90211 0
      vertex 44.4158 4.9563 0
    endloop
  endfacet
  facet normal 0.258911 -0.965901 0
    outer loop
      vertex 44.4158 -14.9563 0
      vertex 44.618 -14.9021 3
      vertex 44.4158 -14.9563 3
    endloop
  endfacet
  facet normal 0.258911 -0.965901 0
    outer loop
      vertex 44.618 -14.9021 3
      vertex 44.4158 -14.9563 0
      vertex 44.618 -14.9021 0
    endloop
  endfacet
  facet normal -0.933653 -0.358179 0
    outer loop
      vertex 30.1729 -13.8135 0
      vertex 30.0979 -13.618 3
      vertex 30.0979 -13.618 0
    endloop
  endfacet
  facet normal -0.933653 -0.358179 0
    outer loop
      vertex 30.0979 -13.618 3
      vertex 30.1729 -13.8135 0
      vertex 30.1729 -13.8135 3
    endloop
  endfacet
  facet normal -0.454042 0.89098 0
    outer loop
      vertex 31.1865 4.82709 0
      vertex 31 4.73205 3
      vertex 31.1865 4.82709 3
    endloop
  endfacet
  facet normal -0.454042 0.89098 0
    outer loop
      vertex 31 4.73205 3
      vertex 31.1865 4.82709 0
      vertex 31 4.73205 0
    endloop
  endfacet
  facet normal 0.998619 0.0525438 0
    outer loop
      vertex 46 3 3
      vertex 45.989 3.20906 0
      vertex 45.989 3.20906 3
    endloop
  endfacet
  facet normal 0.998619 0.0525438 0
    outer loop
      vertex 45.989 3.20906 0
      vertex 46 3 3
      vertex 46 3 0
    endloop
  endfacet
  facet normal -0.965901 -0.258911 0
    outer loop
      vertex 30.0979 -13.618 0
      vertex 30.0437 -13.4158 3
      vertex 30.0437 -13.4158 0
    endloop
  endfacet
  facet normal -0.965901 -0.258911 0
    outer loop
      vertex 30.0437 -13.4158 3
      vertex 30.0979 -13.618 0
      vertex 30.0979 -13.618 3
    endloop
  endfacet
  facet normal -0.544585 0.838705 0
    outer loop
      vertex 31 4.73205 0
      vertex 30.8244 4.61803 3
      vertex 31 4.73205 3
    endloop
  endfacet
  facet normal -0.544585 0.838705 0
    outer loop
      vertex 30.8244 4.61803 3
      vertex 31 4.73205 0
      vertex 30.8244 4.61803 0
    endloop
  endfacet
  facet normal 0.707107 -0.707107 0
    outer loop
      vertex 45.3383 -14.4863 0
      vertex 45.4863 -14.3383 3
      vertex 45.3383 -14.4863 3
    endloop
  endfacet
  facet normal 0.707107 -0.707107 0
    outer loop
      vertex 45.4863 -14.3383 3
      vertex 45.3383 -14.4863 0
      vertex 45.4863 -14.3383 0
    endloop
  endfacet
  facet normal 0 0 -1
    outer loop
      vertex 44 -15 0
      vertex 46 -13 0
      vertex 45.989 -13.2091 0
    endloop
  endfacet
  facet normal 0 0 -1
    outer loop
      vertex 46 -13 0
      vertex 42.553 -9.30855 0
      vertex 46 3 0
    endloop
  endfacet
  facet normal 0 0 -1
    outer loop
      vertex 44 -15 0
      vertex 45.989 -13.2091 0
      vertex 45.9563 -13.4158 0
    endloop
  endfacet
  facet normal 0 0 -1
    outer loop
      vertex 42.4722 -9.15 0
      vertex 46 3 0
      vertex 42.553 -9.30855 0
    endloop
  endfacet
  facet normal 0 0 -1
    outer loop
      vertex 44 -15 0
      vertex 45.9563 -13.4158 0
      vertex 45.9021 -13.618 0
    endloop
  endfacet
  facet normal 0 0 -1
    outer loop
      vertex 42.3753 -9.00076 0
      vertex 46 3 0
      vertex 42.4722 -9.15 0
    endloop
  endfacet
  facet normal 0 0 -1
    outer loop
      vertex 44 -15 0
      vertex 45.9021 -13.618 0
      vertex 45.8271 -13.8135 0
    endloop
  endfacet
  facet normal 0 0 -1
    outer loop
      vertex 42.2633 -8.86248 0
      vertex 46 3 0
      vertex 42.3753 -9.00076 0
    endloop
  endfacet
  facet normal 0 0 -1
    outer loop
      vertex 44 -15 0
      vertex 45.8271 -13.8135 0
      vertex 45.732 -14 0
    endloop
  endfacet
  facet normal 0 0 -1
    outer loop
      vertex 46 -13 0
      vertex 42.6168 -9.47467 0
      vertex 42.553 -9.30855 0
    endloop
  endfacet
  facet normal 0 0 -1
    outer loop
      vertex 44 -15 0
      vertex 45.732 -14 0
      vertex 45.618 -14.1756 0
    endloop
  endfacet
  facet normal 0 0 -1
    outer loop
      vertex 42.1375 -8.73665 0
      vertex 46 3 0
      vertex 42.2633 -8.86248 0
    endloop
  endfacet
  facet normal 0 0 -1
    outer loop
      vertex 44 -15 0
      vertex 45.618 -14.1756 0
      vertex 45.4863 -14.3383 0
    endloop
  endfacet
  facet normal 0 0 -1
    outer loop
      vertex 41.9992 -8.62467 0
      vertex 46 3 0
      vertex 42.1375 -8.73665 0
    endloop
  endfacet
  facet normal 0 0 -1
    outer loop
      vertex 44 -15 0
      vertex 45.4863 -14.3383 0
      vertex 45.3383 -14.4863 0
    endloop
  endfacet
  facet normal 0 0 -1
    outer loop
      vertex 41.85 -8.52776 0
      vertex 46 3 0
      vertex 41.9992 -8.62467 0
    endloop
  endfacet
  facet normal 0 0 -1
    outer loop
      vertex 44 -15 0
      vertex 45.3383 -14.4863 0
      vertex 45.1756 -14.618 0
    endloop
  endfacet
  facet normal 0 0 -1
    outer loop
      vertex 41.6915 -8.44697 0
      vertex 46 3 0
      vertex 41.85 -8.52776 0
    endloop
  endfacet
  facet normal 0 0 -1
    outer loop
      vertex 44 -15 0
      vertex 45.1756 -14.618 0
      vertex 45 -14.732 0
    endloop
  endfacet
  facet normal 0 0 -1
    outer loop
      vertex 46 -13 0
      vertex 42.6628 -9.64655 0
      vertex 42.6168 -9.47467 0
    endloop
  endfacet
  facet normal 0 0 -1
    outer loop
      vertex 44 -15 0
      vertex 45 -14.732 0
      vertex 44.8135 -14.8271 0
    endloop
  endfacet
  facet normal 0 0 -1
    outer loop
      vertex 41.5253 -8.3832 0
      vertex 46 3 0
      vertex 41.6915 -8.44697 0
    endloop
  endfacet
  facet normal 0 0 -1
    outer loop
      vertex 44 -15 0
      vertex 44.8135 -14.8271 0
      vertex 44.618 -14.9021 0
    endloop
  endfacet
  facet normal 0 0 -1
    outer loop
      vertex 41.3535 -8.33715 0
      vertex 46 3 0
      vertex 41.5253 -8.3832 0
    endloop
  endfacet
  facet normal 0 0 -1
    outer loop
      vertex 44 -15 0
      vertex 44.618 -14.9021 0
      vertex 44.4158 -14.9563 0
    endloop
  endfacet
  facet normal 0 0 -1
    outer loop
      vertex 36.7 0 0
      vertex 46 3 0
      vertex 41.3535 -8.33715 0
    endloop
  endfacet
  facet normal 0 0 -1
    outer loop
      vertex 44 -15 0
      vertex 44.4158 -14.9563 0
      vertex 44.2091 -14.989 0
    endloop
  endfacet
  facet normal 0 0 -1
    outer loop
      vertex 36.6907 0.177698 0
      vertex 46 3 0
      vertex 36.7 0 0
    endloop
  endfacet
  facet normal -0 0 -1
    outer loop
      vertex 46 -13 0
      vertex 44 -15 0
      vertex 42.2633 -11.1375 0
    endloop
  endfacet
  facet normal 0 0 -1
    outer loop
      vertex 46 -13 0
      vertex 42.6907 -9.8223 0
      vertex 42.6628 -9.64655 0
    endloop
  endfacet
  facet normal 0 0 -1
    outer loop
      vertex 46 -13 0
      vertex 42.7 -10 0
      vertex 42.6907 -9.8223 0
    endloop
  endfacet
  facet normal 0 0 -1
    outer loop
      vertex 46 -13 0
      vertex 42.6907 -10.1777 0
      vertex 42.7 -10 0
    endloop
  endfacet
  facet normal 0 0 -1
    outer loop
      vertex 46 -13 0
      vertex 42.6628 -10.3534 0
      vertex 42.6907 -10.1777 0
    endloop
  endfacet
  facet normal 0 0 -1
    outer loop
      vertex 46 -13 0
      vertex 42.6168 -10.5253 0
      vertex 42.6628 -10.3534 0
    endloop
  endfacet
  facet normal 0 0 -1
    outer loop
      vertex 46 -13 0
      vertex 42.553 -10.6915 0
      vertex 42.6168 -10.5253 0
    endloop
  endfacet
  facet normal 0 0 -1
    outer loop
      vertex 46 -13 0
      vertex 42.4722 -10.85 0
      vertex 42.553 -10.6915 0
    endloop
  endfacet
  facet normal 0 0 -1
    outer loop
      vertex 46 -13 0
      vertex 42.3753 -10.9992 0
      vertex 42.4722 -10.85 0
    endloop
  endfacet
  facet normal 0 0 -1
    outer loop
      vertex 46 -13 0
      vertex 42.2633 -11.1375 0
      vertex 42.3753 -10.9992 0
    endloop
  endfacet
  facet normal 0 0 -1
    outer loop
      vertex 44 -15 0
      vertex 42.1375 -11.2633 0
      vertex 42.2633 -11.1375 0
    endloop
  endfacet
  facet normal 0 0 -1
    outer loop
      vertex 44 -15 0
      vertex 41.9992 -11.3753 0
      vertex 42.1375 -11.2633 0
    endloop
  endfacet
  facet normal 0 0 -1
    outer loop
      vertex 44 -15 0
      vertex 41.85 -11.4722 0
      vertex 41.9992 -11.3753 0
    endloop
  endfacet
  facet normal 0 0 -1
    outer loop
      vertex 44 -15 0
      vertex 41.6915 -11.553 0
      vertex 41.85 -11.4722 0
    endloop
  endfacet
  facet normal 0 0 -1
    outer loop
      vertex 44 -15 0
      vertex 41.5253 -11.6168 0
      vertex 41.6915 -11.553 0
    endloop
  endfacet
  facet normal 0 0 -1
    outer loop
      vertex 44 -15 0
      vertex 41.3535 -11.6629 0
      vertex 41.5253 -11.6168 0
    endloop
  endfacet
  facet normal 0 0 -1
    outer loop
      vertex 44 -15 0
      vertex 41.1777 -11.6907 0
      vertex 41.3535 -11.6629 0
    endloop
  endfacet
  facet normal 0 0 -1
    outer loop
      vertex 44 -15 0
      vertex 41 -11.7 0
      vertex 41.1777 -11.6907 0
    endloop
  endfacet
  facet normal 0 0 -1
    outer loop
      vertex 44 -15 0
      vertex 40.8223 -11.6907 0
      vertex 41 -11.7 0
    endloop
  endfacet
  facet normal 0 0 -1
    outer loop
      vertex 44 -15 0
      vertex 40.6465 -11.6629 0
      vertex 40.8223 -11.6907 0
    endloop
  endfacet
  facet normal 0 0 -1
    outer loop
      vertex 44 -15 0
      vertex 40.4747 -11.6168 0
      vertex 40.6465 -11.6629 0
    endloop
  endfacet
  facet normal 0 0 -1
    outer loop
      vertex 44 -15 0
      vertex 40.3085 -11.553 0
      vertex 40.4747 -11.6168 0
    endloop
  endfacet
  facet normal 0 0 -1
    outer loop
      vertex 32 -15 0
      vertex 40.3085 -11.553 0
      vertex 44 -15 0
    endloop
  endfacet
  facet normal -0 0 -1
    outer loop
      vertex 40.3085 -11.553 0
      vertex 32 -15 0
      vertex 40.15 -11.4722 0
    endloop
  endfacet
  facet normal -0 0 -1
    outer loop
      vertex 40.15 -11.4722 0
      vertex 32 -15 0
      vertex 40.0008 -11.3753 0
    endloop
  endfacet
  facet normal 0 0 -1
    outer loop
      vertex 30 -13 0
      vertex 39.3 -10 0
      vertex 39.3093 -10.1777 0
    endloop
  endfacet
  facet normal 0 0 -1
    outer loop
      vertex 32 -15 0
      vertex 39.3093 -10.1777 0
      vertex 39.3372 -10.3534 0
    endloop
  endfacet
  facet normal 0 0 -1
    outer loop
      vertex 39.3 -10 0
      vertex 36.6907 -0.177698 0
      vertex 36.7 0 0
    endloop
  endfacet
  facet normal 0 0 -1
    outer loop
      vertex 39.3 -10 0
      vertex 36.6628 -0.35345 0
      vertex 36.6907 -0.177698 0
    endloop
  endfacet
  facet normal 0 0 -1
    outer loop
      vertex 39.3 -10 0
      vertex 36.6168 -0.525329 0
      vertex 36.6628 -0.35345 0
    endloop
  endfacet
  facet normal 0 0 -1
    outer loop
      vertex 32 -15 0
      vertex 39.3372 -10.3534 0
      vertex 39.3832 -10.5253 0
    endloop
  endfacet
  facet normal 0 0 -1
    outer loop
      vertex 39.3 -10 0
      vertex 36.553 -0.691452 0
      vertex 36.6168 -0.525329 0
    endloop
  endfacet
  facet normal 0 0 -1
    outer loop
      vertex 39.3 -10 0
      vertex 36.4722 -0.849999 0
      vertex 36.553 -0.691452 0
    endloop
  endfacet
  facet normal 0 0 -1
    outer loop
      vertex 39.3 -10 0
      vertex 36.3753 -0.999234 0
      vertex 36.4722 -0.849999 0
    endloop
  endfacet
  facet normal 0 0 -1
    outer loop
      vertex 39.3 -10 0
      vertex 36.2633 -1.13752 0
      vertex 36.3753 -0.999234 0
    endloop
  endfacet
  facet normal 0 0 -1
    outer loop
      vertex 39.3 -10 0
      vertex 36.1375 -1.26335 0
      vertex 36.2633 -1.13752 0
    endloop
  endfacet
  facet normal 0 0 -1
    outer loop
      vertex 39.3 -10 0
      vertex 35.9992 -1.37533 0
      vertex 36.1375 -1.26335 0
    endloop
  endfacet
  facet normal 0 0 -1
    outer loop
      vertex 39.3 -10 0
      vertex 35.85 -1.47224 0
      vertex 35.9992 -1.37533 0
    endloop
  endfacet
  facet normal 0 0 -1
    outer loop
      vertex 32 -15 0
      vertex 39.3832 -10.5253 0
      vertex 39.447 -10.6915 0
    endloop
  endfacet
  facet normal 0 0 -1
    outer loop
      vertex 39.3 -10 0
      vertex 35.6915 -1.55303 0
      vertex 35.85 -1.47224 0
    endloop
  endfacet
  facet normal 0 0 -1
    outer loop
      vertex 39.3 -10 0
      vertex 35.5253 -1.6168 0
      vertex 35.6915 -1.55303 0
    endloop
  endfacet
  facet normal 0 0 -1
    outer loop
      vertex 39.3 -10 0
      vertex 35.3535 -1.66285 0
      vertex 35.5253 -1.6168 0
    endloop
  endfacet
  facet normal 0 0 -1
    outer loop
      vertex 39.3 -10 0
      vertex 35.1777 -1.69069 0
      vertex 35.3535 -1.66285 0
    endloop
  endfacet
  facet normal 0 0 -1
    outer loop
      vertex 39.3 -10 0
      vertex 35 -1.7 0
      vertex 35.1777 -1.69069 0
    endloop
  endfacet
  facet normal 0 0 -1
    outer loop
      vertex 39.3 -10 0
      vertex 34.8223 -1.69069 0
      vertex 35 -1.7 0
    endloop
  endfacet
  facet normal 0 0 -1
    outer loop
      vertex 32 -15 0
      vertex 39.447 -10.6915 0
      vertex 39.5278 -10.85 0
    endloop
  endfacet
  facet normal -0 0 -1
    outer loop
      vertex 39.3 -10 0
      vertex 30 -13 0
      vertex 34.6465 -1.66285 0
    endloop
  endfacet
  facet normal 0 0 -1
    outer loop
      vertex 39.3 -10 0
      vertex 34.6465 -1.66285 0
      vertex 34.8223 -1.69069 0
    endloop
  endfacet
  facet normal -0 0 -1
    outer loop
      vertex 34.6465 -1.66285 0
      vertex 30 -13 0
      vertex 34.4747 -1.6168 0
    endloop
  endfacet
  facet normal -0 0 -1
    outer loop
      vertex 34.4747 -1.6168 0
      vertex 30 -13 0
      vertex 34.3085 -1.55303 0
    endloop
  endfacet
  facet normal -0 0 -1
    outer loop
      vertex 34.3085 -1.55303 0
      vertex 30 -13 0
      vertex 34.15 -1.47224 0
    endloop
  endfacet
  facet normal -0 0 -1
    outer loop
      vertex 34.15 -1.47224 0
      vertex 30 -13 0
      vertex 34.0008 -1.37533 0
    endloop
  endfacet
  facet normal -0 0 -1
    outer loop
      vertex 34.0008 -1.37533 0
      vertex 30 -13 0
      vertex 33.8625 -1.26335 0
    endloop
  endfacet
  facet normal -0 0 -1
    outer loop
      vertex 33.8625 -1.26335 0
      vertex 30 -13 0
      vertex 33.7367 -1.13752 0
    endloop
  endfacet
  facet normal -0 0 -1
    outer loop
      vertex 33.7367 -1.13752 0
      vertex 30 -13 0
      vertex 33.6247 -0.999234 0
    endloop
  endfacet
  facet normal 0 0 -1
    outer loop
      vertex 33.3832 -0.525329 0
      vertex 30 3 0
      vertex 33.3372 -0.35345 0
    endloop
  endfacet
  facet normal 0 0 -1
    outer loop
      vertex 33.447 -0.691452 0
      vertex 30 3 0
      vertex 33.3832 -0.525329 0
    endloop
  endfacet
  facet normal 0 0 -1
    outer loop
      vertex 30 3 0
      vertex 33.447 -0.691452 0
      vertex 30 -13 0
    endloop
  endfacet
  facet normal -0 0 -1
    outer loop
      vertex 33.5278 -0.849999 0
      vertex 30 -13 0
      vertex 33.447 -0.691452 0
    endloop
  endfacet
  facet normal -0 0 -1
    outer loop
      vertex 33.6247 -0.999234 0
      vertex 30 -13 0
      vertex 33.5278 -0.849999 0
    endloop
  endfacet
  facet normal 0 0 -1
    outer loop
      vertex 39.3093 -10.1777 0
      vertex 32 -15 0
      vertex 30 -13 0
    endloop
  endfacet
  facet normal -0 0 -1
    outer loop
      vertex 39.6247 -10.9992 0
      vertex 32 -15 0
      vertex 39.5278 -10.85 0
    endloop
  endfacet
  facet normal -0 0 -1
    outer loop
      vertex 39.7367 -11.1375 0
      vertex 32 -15 0
      vertex 39.6247 -10.9992 0
    endloop
  endfacet
  facet normal -0 0 -1
    outer loop
      vertex 39.8625 -11.2633 0
      vertex 32 -15 0
      vertex 39.7367 -11.1375 0
    endloop
  endfacet
  facet normal -0 0 -1
    outer loop
      vertex 40.0008 -11.3753 0
      vertex 32 -15 0
      vertex 39.8625 -11.2633 0
    endloop
  endfacet
  facet normal 0 -0 -1
    outer loop
      vertex 44 5 0
      vertex 46 3 0
      vertex 36.6907 0.177698 0
    endloop
  endfacet
  facet normal 0 0 -1
    outer loop
      vertex 45.989 3.20906 0
      vertex 44 5 0
      vertex 45.9563 3.41582 0
    endloop
  endfacet
  facet normal 0 0 -1
    outer loop
      vertex 45.9563 3.41582 0
      vertex 44 5 0
      vertex 45.9021 3.61803 0
    endloop
  endfacet
  facet normal 0 0 -1
    outer loop
      vertex 45.9021 3.61803 0
      vertex 44 5 0
      vertex 45.8271 3.81347 0
    endloop
  endfacet
  facet normal 0 0 -1
    outer loop
      vertex 45.8271 3.81347 0
      vertex 44 5 0
      vertex 45.732 4 0
    endloop
  endfacet
  facet normal 0 0 -1
    outer loop
      vertex 45.618 4.17557 0
      vertex 44 5 0
      vertex 45.4863 4.33826 0
    endloop
  endfacet
  facet normal 0 0 -1
    outer loop
      vertex 45.4863 4.33826 0
      vertex 44 5 0
      vertex 45.3383 4.48629 0
    endloop
  endfacet
  facet normal 0 0 -1
    outer loop
      vertex 45.3383 4.48629 0
      vertex 44 5 0
      vertex 45.1756 4.61803 0
    endloop
  endfacet
  facet normal 0 0 -1
    outer loop
      vertex 45.1756 4.61803 0
      vertex 44 5 0
      vertex 45 4.73205 0
    endloop
  endfacet
  facet normal 0 0 -1
    outer loop
      vertex 44.8135 4.82709 0
      vertex 44 5 0
      vertex 44.618 4.90211 0
    endloop
  endfacet
  facet normal 0 0 -1
    outer loop
      vertex 44.618 4.90211 0
      vertex 44 5 0
      vertex 44.4158 4.9563 0
    endloop
  endfacet
  facet normal 0 0 -1
    outer loop
      vertex 44.4158 4.9563 0
      vertex 44 5 0
      vertex 44.2091 4.98904 0
    endloop
  endfacet
  facet normal 0 0 -1
    outer loop
      vertex 45.732 4 0
      vertex 44 5 0
      vertex 45.618 4.17557 0
    endloop
  endfacet
  facet normal 0 0 -1
    outer loop
      vertex 36.7 0 0
      vertex 41.3535 -8.33715 0
      vertex 41.1777 -8.30931 0
    endloop
  endfacet
  facet normal 0 0 -1
    outer loop
      vertex 36.7 0 0
      vertex 41.1777 -8.30931 0
      vertex 41 -8.3 0
    endloop
  endfacet
  facet normal 0 0 -1
    outer loop
      vertex 36.7 0 0
      vertex 41 -8.3 0
      vertex 40.8223 -8.30931 0
    endloop
  endfacet
  facet normal 0 0 -1
    outer loop
      vertex 36.7 0 0
      vertex 40.8223 -8.30931 0
      vertex 40.6465 -8.33715 0
    endloop
  endfacet
  facet normal 0 0 -1
    outer loop
      vertex 36.7 0 0
      vertex 40.6465 -8.33715 0
      vertex 40.4747 -8.3832 0
    endloop
  endfacet
  facet normal 0 0 -1
    outer loop
      vertex 36.7 0 0
      vertex 40.4747 -8.3832 0
      vertex 40.3085 -8.44697 0
    endloop
  endfacet
  facet normal 0 0 -1
    outer loop
      vertex 36.7 0 0
      vertex 40.3085 -8.44697 0
      vertex 40.15 -8.52776 0
    endloop
  endfacet
  facet normal 0 0 -1
    outer loop
      vertex 36.7 0 0
      vertex 40.15 -8.52776 0
      vertex 40.0008 -8.62467 0
    endloop
  endfacet
  facet normal 0 0 -1
    outer loop
      vertex 36.7 0 0
      vertex 40.0008 -8.62467 0
      vertex 39.8625 -8.73665 0
    endloop
  endfacet
  facet normal 0 0 -1
    outer loop
      vertex 36.7 0 0
      vertex 39.8625 -8.73665 0
      vertex 39.7367 -8.86248 0
    endloop
  endfacet
  facet normal 0 0 -1
    outer loop
      vertex 36.7 0 0
      vertex 39.7367 -8.86248 0
      vertex 39.6247 -9.00076 0
    endloop
  endfacet
  facet normal 0 0 -1
    outer loop
      vertex 36.7 0 0
      vertex 39.6247 -9.00076 0
      vertex 39.5278 -9.15 0
    endloop
  endfacet
  facet normal 0 0 -1
    outer loop
      vertex 36.7 0 0
      vertex 39.5278 -9.15 0
      vertex 39.447 -9.30855 0
    endloop
  endfacet
  facet normal 0 0 -1
    outer loop
      vertex 36.7 0 0
      vertex 39.447 -9.30855 0
      vertex 39.3832 -9.47467 0
    endloop
  endfacet
  facet normal 0 0 -1
    outer loop
      vertex 36.7 0 0
      vertex 39.3093 -9.8223 0
      vertex 39.3 -10 0
    endloop
  endfacet
  facet normal 0 0 -1
    outer loop
      vertex 36.7 0 0
      vertex 39.3372 -9.64655 0
      vertex 39.3093 -9.8223 0
    endloop
  endfacet
  facet normal 0 0 -1
    outer loop
      vertex 36.7 0 0
      vertex 39.3832 -9.47467 0
      vertex 39.3372 -9.64655 0
    endloop
  endfacet
  facet normal 0 0 -1
    outer loop
      vertex 45 4.73205 0
      vertex 44 5 0
      vertex 44.8135 4.82709 0
    endloop
  endfacet
  facet normal 0 0 -1
    outer loop
      vertex 46 3 0
      vertex 44 5 0
      vertex 45.989 3.20906 0
    endloop
  endfacet
  facet normal 0 0 -1
    outer loop
      vertex 36.6628 0.35345 0
      vertex 44 5 0
      vertex 36.6907 0.177698 0
    endloop
  endfacet
  facet normal 0 0 -1
    outer loop
      vertex 36.6168 0.525329 0
      vertex 44 5 0
      vertex 36.6628 0.35345 0
    endloop
  endfacet
  facet normal 0 0 -1
    outer loop
      vertex 36.553 0.691452 0
      vertex 44 5 0
      vertex 36.6168 0.525329 0
    endloop
  endfacet
  facet normal 0 0 -1
    outer loop
      vertex 36.4722 0.849999 0
      vertex 44 5 0
      vertex 36.553 0.691452 0
    endloop
  endfacet
  facet normal 0 0 -1
    outer loop
      vertex 36.3753 0.999234 0
      vertex 44 5 0
      vertex 36.4722 0.849999 0
    endloop
  endfacet
  facet normal 0 0 -1
    outer loop
      vertex 36.2633 1.13752 0
      vertex 44 5 0
      vertex 36.3753 0.999234 0
    endloop
  endfacet
  facet normal 0 0 -1
    outer loop
      vertex 36.1375 1.26335 0
      vertex 44 5 0
      vertex 36.2633 1.13752 0
    endloop
  endfacet
  facet normal 0 0 -1
    outer loop
      vertex 35.9992 1.37533 0
      vertex 44 5 0
      vertex 36.1375 1.26335 0
    endloop
  endfacet
  facet normal 0 0 -1
    outer loop
      vertex 35.85 1.47224 0
      vertex 44 5 0
      vertex 35.9992 1.37533 0
    endloop
  endfacet
  facet normal 0 0 -1
    outer loop
      vertex 35.6915 1.55303 0
      vertex 44 5 0
      vertex 35.85 1.47224 0
    endloop
  endfacet
  facet normal 0 0 -1
    outer loop
      vertex 35.5253 1.6168 0
      vertex 44 5 0
      vertex 35.6915 1.55303 0
    endloop
  endfacet
  facet normal 0 0 -1
    outer loop
      vertex 32 5 0
      vertex 35.5253 1.6168 0
      vertex 35.3535 1.66285 0
    endloop
  endfacet
  facet normal 0 0 -1
    outer loop
      vertex 32 5 0
      vertex 35.3535 1.66285 0
      vertex 35.1777 1.69069 0
    endloop
  endfacet
  facet normal 0 0 -1
    outer loop
      vertex 32 5 0
      vertex 35.1777 1.69069 0
      vertex 35 1.7 0
    endloop
  endfacet
  facet normal 0 0 -1
    outer loop
      vertex 32 5 0
      vertex 35 1.7 0
      vertex 34.8223 1.69069 0
    endloop
  endfacet
  facet normal 0 0 -1
    outer loop
      vertex 32 5 0
      vertex 34.8223 1.69069 0
      vertex 34.6465 1.66285 0
    endloop
  endfacet
  facet normal 0 0 -1
    outer loop
      vertex 32 5 0
      vertex 34.6465 1.66285 0
      vertex 34.4747 1.6168 0
    endloop
  endfacet
  facet normal 0 0 -1
    outer loop
      vertex 33.3372 -0.35345 0
      vertex 30 3 0
      vertex 33.3093 -0.177698 0
    endloop
  endfacet
  facet normal 0 0 -1
    outer loop
      vertex 35.5253 1.6168 0
      vertex 32 5 0
      vertex 44 5 0
    endloop
  endfacet
  facet normal 0 0 -1
    outer loop
      vertex 34.3085 1.55303 0
      vertex 32 5 0
      vertex 34.4747 1.6168 0
    endloop
  endfacet
  facet normal 0 0 -1
    outer loop
      vertex 34.15 1.47224 0
      vertex 32 5 0
      vertex 34.3085 1.55303 0
    endloop
  endfacet
  facet normal 0 0 -1
    outer loop
      vertex 34.0008 1.37533 0
      vertex 32 5 0
      vertex 34.15 1.47224 0
    endloop
  endfacet
  facet normal 0 0 -1
    outer loop
      vertex 33.8625 1.26335 0
      vertex 32 5 0
      vertex 34.0008 1.37533 0
    endloop
  endfacet
  facet normal 0 0 -1
    outer loop
      vertex 33.7367 1.13752 0
      vertex 32 5 0
      vertex 33.8625 1.26335 0
    endloop
  endfacet
  facet normal 0 0 -1
    outer loop
      vertex 30 3 0
      vertex 33.7367 1.13752 0
      vertex 33.6247 0.999234 0
    endloop
  endfacet
  facet normal 0 0 -1
    outer loop
      vertex 30 3 0
      vertex 33.6247 0.999234 0
      vertex 33.5278 0.849999 0
    endloop
  endfacet
  facet normal 0 0 -1
    outer loop
      vertex 30 3 0
      vertex 33.5278 0.849999 0
      vertex 33.447 0.691452 0
    endloop
  endfacet
  facet normal 0 0 -1
    outer loop
      vertex 30 3 0
      vertex 33.447 0.691452 0
      vertex 33.3832 0.525329 0
    endloop
  endfacet
  facet normal 0 0 -1
    outer loop
      vertex 30 3 0
      vertex 33.3832 0.525329 0
      vertex 33.3372 0.35345 0
    endloop
  endfacet
  facet normal 0 0 -1
    outer loop
      vertex 30 3 0
      vertex 33.3372 0.35345 0
      vertex 33.3093 0.177698 0
    endloop
  endfacet
  facet normal 0 0 -1
    outer loop
      vertex 33.3093 -0.177698 0
      vertex 30 3 0
      vertex 33.3 0 0
    endloop
  endfacet
  facet normal 0 0 -1
    outer loop
      vertex 30 -13 0
      vertex 32 -15 0
      vertex 31.7909 -14.989 0
    endloop
  endfacet
  facet normal 0 0 -1
    outer loop
      vertex 33.3 0 0
      vertex 30 3 0
      vertex 33.3093 0.177698 0
    endloop
  endfacet
  facet normal 0 0 -1
    outer loop
      vertex 30 -13 0
      vertex 31.7909 -14.989 0
      vertex 31.5842 -14.9563 0
    endloop
  endfacet
  facet normal 0 0 -1
    outer loop
      vertex 33.7367 1.13752 0
      vertex 30 3 0
      vertex 32 5 0
    endloop
  endfacet
  facet normal 0 0 -1
    outer loop
      vertex 30 -13 0
      vertex 31.5842 -14.9563 0
      vertex 31.382 -14.9021 0
    endloop
  endfacet
  facet normal 0 0 -1
    outer loop
      vertex 32 5 0
      vertex 30 3 0
      vertex 31.7909 4.98904 0
    endloop
  endfacet
  facet normal 0 0 -1
    outer loop
      vertex 30 -13 0
      vertex 31.382 -14.9021 0
      vertex 31.1865 -14.8271 0
    endloop
  endfacet
  facet normal 0 0 -1
    outer loop
      vertex 31.7909 4.98904 0
      vertex 30 3 0
      vertex 31.5842 4.9563 0
    endloop
  endfacet
  facet normal 0 0 -1
    outer loop
      vertex 30 -13 0
      vertex 31.1865 -14.8271 0
      vertex 31 -14.732 0
    endloop
  endfacet
  facet normal 0 0 -1
    outer loop
      vertex 31.5842 4.9563 0
      vertex 30 3 0
      vertex 31.382 4.90211 0
    endloop
  endfacet
  facet normal 0 0 -1
    outer loop
      vertex 30 -13 0
      vertex 31 -14.732 0
      vertex 30.8244 -14.618 0
    endloop
  endfacet
  facet normal 0 0 -1
    outer loop
      vertex 31.382 4.90211 0
      vertex 30 3 0
      vertex 31.1865 4.82709 0
    endloop
  endfacet
  facet normal 0 0 -1
    outer loop
      vertex 30 -13 0
      vertex 30.8244 -14.618 0
      vertex 30.6617 -14.4863 0
    endloop
  endfacet
  facet normal 0 0 -1
    outer loop
      vertex 31.1865 4.82709 0
      vertex 30 3 0
      vertex 31 4.73205 0
    endloop
  endfacet
  facet normal 0 0 -1
    outer loop
      vertex 30 -13 0
      vertex 30.6617 -14.4863 0
      vertex 30.5137 -14.3383 0
    endloop
  endfacet
  facet normal 0 0 -1
    outer loop
      vertex 31 4.73205 0
      vertex 30 3 0
      vertex 30.8244 4.61803 0
    endloop
  endfacet
  facet normal 0 0 -1
    outer loop
      vertex 30 -13 0
      vertex 30.5137 -14.3383 0
      vertex 30.382 -14.1756 0
    endloop
  endfacet
  facet normal 0 0 -1
    outer loop
      vertex 30.8244 4.61803 0
      vertex 30 3 0
      vertex 30.6617 4.48629 0
    endloop
  endfacet
  facet normal 0 0 -1
    outer loop
      vertex 30 -13 0
      vertex 30.382 -14.1756 0
      vertex 30.268 -14 0
    endloop
  endfacet
  facet normal 0 0 -1
    outer loop
      vertex 30.6617 4.48629 0
      vertex 30 3 0
      vertex 30.5137 4.33826 0
    endloop
  endfacet
  facet normal 0 0 -1
    outer loop
      vertex 30 -13 0
      vertex 30.268 -14 0
      vertex 30.1729 -13.8135 0
    endloop
  endfacet
  facet normal 0 0 -1
    outer loop
      vertex 30.5137 4.33826 0
      vertex 30 3 0
      vertex 30.382 4.17557 0
    endloop
  endfacet
  facet normal 0 0 -1
    outer loop
      vertex 30 -13 0
      vertex 30.1729 -13.8135 0
      vertex 30.0979 -13.618 0
    endloop
  endfacet
  facet normal 0 0 -1
    outer loop
      vertex 30.382 4.17557 0
      vertex 30 3 0
      vertex 30.268 4 0
    endloop
  endfacet
  facet normal 0 0 -1
    outer loop
      vertex 30 -13 0
      vertex 30.0979 -13.618 0
      vertex 30.0437 -13.4158 0
    endloop
  endfacet
  facet normal 0 0 -1
    outer loop
      vertex 30.268 4 0
      vertex 30 3 0
      vertex 30.1729 3.81347 0
    endloop
  endfacet
  facet normal 0 0 -1
    outer loop
      vertex 30 -13 0
      vertex 30.0437 -13.4158 0
      vertex 30.011 -13.2091 0
    endloop
  endfacet
  facet normal 0 0 -1
    outer loop
      vertex 30.1729 3.81347 0
      vertex 30 3 0
      vertex 30.0979 3.61803 0
    endloop
  endfacet
  facet normal 0 0 -1
    outer loop
      vertex 30.0979 3.61803 0
      vertex 30 3 0
      vertex 30.0437 3.41582 0
    endloop
  endfacet
  facet normal 0 0 -1
    outer loop
      vertex 30.0437 3.41582 0
      vertex 30 3 0
      vertex 30.011 3.20906 0
    endloop
  endfacet
  facet normal 0.358262 0.933621 -0
    outer loop
      vertex 44.8135 4.82709 0
      vertex 44.618 4.90211 3
      vertex 44.8135 4.82709 3
    endloop
  endfacet
  facet normal 0.358262 0.933621 0
    outer loop
      vertex 44.618 4.90211 3
      vertex 44.8135 4.82709 0
      vertex 44.618 4.90211 0
    endloop
  endfacet
  facet normal 0.0525338 -0.998619 0
    outer loop
      vertex 44 -15 0
      vertex 44.2091 -14.989 3
      vertex 44 -15 3
    endloop
  endfacet
  facet normal 0.0525338 -0.998619 0
    outer loop
      vertex 44.2091 -14.989 3
      vertex 44 -15 0
      vertex 44.2091 -14.989 0
    endloop
  endfacet
  facet normal 0.890864 -0.454269 0
    outer loop
      vertex 45.732 -14 3
      vertex 45.8271 -13.8135 0
      vertex 45.8271 -13.8135 3
    endloop
  endfacet
  facet normal 0.890864 -0.454269 0
    outer loop
      vertex 45.8271 -13.8135 0
      vertex 45.732 -14 3
      vertex 45.732 -14 0
    endloop
  endfacet
  facet normal 0.629171 -0.777267 0
    outer loop
      vertex 45.1756 -14.618 0
      vertex 45.3383 -14.4863 3
      vertex 45.1756 -14.618 3
    endloop
  endfacet
  facet normal 0.629171 -0.777267 0
    outer loop
      vertex 45.3383 -14.4863 3
      vertex 45.1756 -14.618 0
      vertex 45.3383 -14.4863 0
    endloop
  endfacet
  facet normal 0.890894 0.454211 0
    outer loop
      vertex 45.8271 3.81347 3
      vertex 45.732 4 0
      vertex 45.732 4 3
    endloop
  endfacet
  facet normal 0.890894 0.454211 0
    outer loop
      vertex 45.732 4 0
      vertex 45.8271 3.81347 3
      vertex 45.8271 3.81347 0
    endloop
  endfacet
  facet normal 0.777267 -0.629171 0
    outer loop
      vertex 45.4863 -14.3383 3
      vertex 45.618 -14.1756 0
      vertex 45.618 -14.1756 3
    endloop
  endfacet
  facet normal 0.777267 -0.629171 0
    outer loop
      vertex 45.618 -14.1756 0
      vertex 45.4863 -14.3383 3
      vertex 45.4863 -14.3383 0
    endloop
  endfacet
  facet normal -0.454269 -0.890864 0
    outer loop
      vertex 31 -14.732 0
      vertex 31.1865 -14.8271 3
      vertex 31 -14.732 3
    endloop
  endfacet
  facet normal -0.454269 -0.890864 -0
    outer loop
      vertex 31.1865 -14.8271 3
      vertex 31 -14.732 0
      vertex 31.1865 -14.8271 0
    endloop
  endfacet
  facet normal 0.933653 -0.358179 0
    outer loop
      vertex 45.8271 -13.8135 3
      vertex 45.9021 -13.618 0
      vertex 45.9021 -13.618 3
    endloop
  endfacet
  facet normal 0.933653 -0.358179 0
    outer loop
      vertex 45.9021 -13.618 0
      vertex 45.8271 -13.8135 3
      vertex 45.8271 -13.8135 0
    endloop
  endfacet
  facet normal -0.965904 0.258899 0
    outer loop
      vertex 30.0437 3.41582 0
      vertex 30.0979 3.61803 3
      vertex 30.0979 3.61803 0
    endloop
  endfacet
  facet normal -0.965904 0.258899 0
    outer loop
      vertex 30.0979 3.61803 3
      vertex 30.0437 3.41582 0
      vertex 30.0437 3.41582 3
    endloop
  endfacet
  facet normal 0.965904 0.258899 0
    outer loop
      vertex 45.9563 3.41582 3
      vertex 45.9021 3.61803 0
      vertex 45.9021 3.61803 3
    endloop
  endfacet
  facet normal 0.965904 0.258899 0
    outer loop
      vertex 45.9021 3.61803 0
      vertex 45.9563 3.41582 3
      vertex 45.9563 3.41582 0
    endloop
  endfacet
  facet normal 0.0523433 0.998629 -0
    outer loop
      vertex 44.2091 4.98904 0
      vertex 44 5 3
      vertex 44.2091 4.98904 3
    endloop
  endfacet
  facet normal 0.0523433 0.998629 0
    outer loop
      vertex 44 5 3
      vertex 44.2091 4.98904 0
      vertex 44 5 0
    endloop
  endfacet
  facet normal 0 1 -0
    outer loop
      vertex 44 5 0
      vertex 32 5 3
      vertex 44 5 3
    endloop
  endfacet
  facet normal 0 1 0
    outer loop
      vertex 32 5 3
      vertex 44 5 0
      vertex 32 5 0
    endloop
  endfacet
  facet normal -0.987723 0.156213 0
    outer loop
      vertex 30.011 3.20906 0
      vertex 30.0437 3.41582 3
      vertex 30.0437 3.41582 0
    endloop
  endfacet
  facet normal -0.987723 0.156213 0
    outer loop
      vertex 30.0437 3.41582 3
      vertex 30.011 3.20906 0
      vertex 30.011 3.20906 3
    endloop
  endfacet
  facet normal -0.998619 0.0525438 0
    outer loop
      vertex 30 3 0
      vertex 30.011 3.20906 3
      vertex 30.011 3.20906 0
    endloop
  endfacet
  facet normal -0.998619 0.0525438 0
    outer loop
      vertex 30.011 3.20906 3
      vertex 30 3 0
      vertex 30 3 3
    endloop
  endfacet
  facet normal 0.156443 0.987687 -0
    outer loop
      vertex 44.4158 4.9563 0
      vertex 44.2091 4.98904 3
      vertex 44.4158 4.9563 3
    endloop
  endfacet
  facet normal 0.156443 0.987687 0
    outer loop
      vertex 44.2091 4.98904 3
      vertex 44.4158 4.9563 0
      vertex 44.2091 4.98904 0
    endloop
  endfacet
  facet normal 0.629286 0.777174 -0
    outer loop
      vertex 45.3383 4.48629 0
      vertex 45.1756 4.61803 3
      vertex 45.3383 4.48629 3
    endloop
  endfacet
  facet normal 0.629286 0.777174 0
    outer loop
      vertex 45.1756 4.61803 3
      vertex 45.3383 4.48629 0
      vertex 45.1756 4.61803 0
    endloop
  endfacet
  facet normal -0.156443 0.987687 0
    outer loop
      vertex 31.7909 4.98904 0
      vertex 31.5842 4.9563 3
      vertex 31.7909 4.98904 3
    endloop
  endfacet
  facet normal -0.156443 0.987687 0
    outer loop
      vertex 31.5842 4.9563 3
      vertex 31.7909 4.98904 0
      vertex 31.5842 4.9563 0
    endloop
  endfacet
  facet normal -0.838707 0.544584 0
    outer loop
      vertex 30.268 4 0
      vertex 30.382 4.17557 3
      vertex 30.382 4.17557 0
    endloop
  endfacet
  facet normal -0.838707 0.544584 0
    outer loop
      vertex 30.382 4.17557 3
      vertex 30.268 4 0
      vertex 30.268 4 3
    endloop
  endfacet
  facet normal 0.998619 -0.0525338 0
    outer loop
      vertex 45.989 -13.2091 3
      vertex 46 -13 0
      vertex 46 -13 3
    endloop
  endfacet
  facet normal 0.998619 -0.0525338 0
    outer loop
      vertex 46 -13 0
      vertex 45.989 -13.2091 3
      vertex 45.989 -13.2091 0
    endloop
  endfacet
  facet normal 0.358179 -0.933653 0
    outer loop
      vertex 44.618 -14.9021 0
      vertex 44.8135 -14.8271 3
      vertex 44.618 -14.9021 3
    endloop
  endfacet
  facet normal 0.358179 -0.933653 0
    outer loop
      vertex 44.8135 -14.8271 3
      vertex 44.618 -14.9021 0
      vertex 44.8135 -14.8271 0
    endloop
  endfacet
  facet normal -0.890894 0.454211 0
    outer loop
      vertex 30.1729 3.81347 0
      vertex 30.268 4 3
      vertex 30.268 4 0
    endloop
  endfacet
  facet normal -0.890894 0.454211 0
    outer loop
      vertex 30.268 4 3
      vertex 30.1729 3.81347 0
      vertex 30.1729 3.81347 3
    endloop
  endfacet
  facet normal 0.777248 0.629194 0
    outer loop
      vertex 45.618 4.17557 3
      vertex 45.4863 4.33826 0
      vertex 45.4863 4.33826 3
    endloop
  endfacet
  facet normal 0.777248 0.629194 0
    outer loop
      vertex 45.4863 4.33826 0
      vertex 45.618 4.17557 3
      vertex 45.618 4.17557 0
    endloop
  endfacet
  facet normal 0.454269 -0.890864 0
    outer loop
      vertex 44.8135 -14.8271 0
      vertex 45 -14.732 3
      vertex 44.8135 -14.8271 3
    endloop
  endfacet
  facet normal 0.454269 -0.890864 0
    outer loop
      vertex 45 -14.732 3
      vertex 44.8135 -14.8271 0
      vertex 45 -14.732 0
    endloop
  endfacet
  facet normal -0.258911 -0.965901 0
    outer loop
      vertex 31.382 -14.9021 0
      vertex 31.5842 -14.9563 3
      vertex 31.382 -14.9021 3
    endloop
  endfacet
  facet normal -0.258911 -0.965901 -0
    outer loop
      vertex 31.5842 -14.9563 3
      vertex 31.382 -14.9021 0
      vertex 31.5842 -14.9563 0
    endloop
  endfacet
  facet normal -0.998619 -0.0525338 0
    outer loop
      vertex 30.011 -13.2091 0
      vertex 30 -13 3
      vertex 30 -13 0
    endloop
  endfacet
  facet normal -0.998619 -0.0525338 0
    outer loop
      vertex 30 -13 3
      vertex 30.011 -13.2091 0
      vertex 30.011 -13.2091 3
    endloop
  endfacet
  facet normal 0.987723 0.156213 0
    outer loop
      vertex 45.989 3.20906 3
      vertex 45.9563 3.41582 0
      vertex 45.9563 3.41582 3
    endloop
  endfacet
  facet normal 0.987723 0.156213 0
    outer loop
      vertex 45.9563 3.41582 0
      vertex 45.989 3.20906 3
      vertex 45.989 3.20906 0
    endloop
  endfacet
  facet normal 0.707178 0.707035 -0
    outer loop
      vertex 45.4863 4.33826 0
      vertex 45.3383 4.48629 3
      vertex 45.4863 4.33826 3
    endloop
  endfacet
  facet normal 0.707178 0.707035 0
    outer loop
      vertex 45.3383 4.48629 3
      vertex 45.4863 4.33826 0
      vertex 45.3383 4.48629 0
    endloop
  endfacet
  facet normal -0.707178 0.707035 0
    outer loop
      vertex 30.6617 4.48629 0
      vertex 30.5137 4.33826 3
      vertex 30.6617 4.48629 3
    endloop
  endfacet
  facet normal -0.707178 0.707035 0
    outer loop
      vertex 30.5137 4.33826 3
      vertex 30.6617 4.48629 0
      vertex 30.5137 4.33826 0
    endloop
  endfacet
  facet normal 0.933616 0.358275 0
    outer loop
      vertex 45.9021 3.61803 3
      vertex 45.8271 3.81347 0
      vertex 45.8271 3.81347 3
    endloop
  endfacet
  facet normal 0.933616 0.358275 0
    outer loop
      vertex 45.8271 3.81347 0
      vertex 45.9021 3.61803 3
      vertex 45.9021 3.61803 0
    endloop
  endfacet
  facet normal -0.358179 -0.933653 0
    outer loop
      vertex 31.1865 -14.8271 0
      vertex 31.382 -14.9021 3
      vertex 31.1865 -14.8271 3
    endloop
  endfacet
  facet normal -0.358179 -0.933653 -0
    outer loop
      vertex 31.382 -14.9021 3
      vertex 31.1865 -14.8271 0
      vertex 31.382 -14.9021 0
    endloop
  endfacet
  facet normal -0.838749 -0.544518 0
    outer loop
      vertex 30.382 -14.1756 0
      vertex 30.268 -14 3
      vertex 30.268 -14 0
    endloop
  endfacet
  facet normal -0.838749 -0.544518 0
    outer loop
      vertex 30.268 -14 3
      vertex 30.382 -14.1756 0
      vertex 30.382 -14.1756 3
    endloop
  endfacet
  facet normal 0.838749 -0.544518 0
    outer loop
      vertex 45.618 -14.1756 3
      vertex 45.732 -14 0
      vertex 45.732 -14 3
    endloop
  endfacet
  facet normal 0.838749 -0.544518 0
    outer loop
      vertex 45.732 -14 0
      vertex 45.618 -14.1756 3
      vertex 45.618 -14.1756 0
    endloop
  endfacet
  facet normal -0.156257 -0.987716 0
    outer loop
      vertex 31.5842 -14.9563 0
      vertex 31.7909 -14.989 3
      vertex 31.5842 -14.9563 3
    endloop
  endfacet
  facet normal -0.156257 -0.987716 -0
    outer loop
      vertex 31.7909 -14.989 3
      vertex 31.5842 -14.9563 0
      vertex 31.7909 -14.989 0
    endloop
  endfacet
  facet normal -0.358262 0.933621 0
    outer loop
      vertex 31.382 4.90211 0
      vertex 31.1865 4.82709 3
      vertex 31.382 4.90211 3
    endloop
  endfacet
  facet normal -0.358262 0.933621 0
    outer loop
      vertex 31.1865 4.82709 3
      vertex 31.382 4.90211 0
      vertex 31.1865 4.82709 0
    endloop
  endfacet
  facet normal 0.454042 0.89098 -0
    outer loop
      vertex 45 4.73205 0
      vertex 44.8135 4.82709 3
      vertex 45 4.73205 3
    endloop
  endfacet
  facet normal 0.454042 0.89098 0
    outer loop
      vertex 44.8135 4.82709 3
      vertex 45 4.73205 0
      vertex 44.8135 4.82709 0
    endloop
  endfacet
  facet normal -0.777248 0.629194 0
    outer loop
      vertex 30.382 4.17557 0
      vertex 30.5137 4.33826 3
      vertex 30.5137 4.33826 0
    endloop
  endfacet
  facet normal -0.777248 0.629194 0
    outer loop
      vertex 30.5137 4.33826 3
      vertex 30.382 4.17557 0
      vertex 30.382 4.17557 3
    endloop
  endfacet
  facet normal -0.629286 0.777174 0
    outer loop
      vertex 30.8244 4.61803 0
      vertex 30.6617 4.48629 3
      vertex 30.8244 4.61803 3
    endloop
  endfacet
  facet normal -0.629286 0.777174 0
    outer loop
      vertex 30.6617 4.48629 3
      vertex 30.8244 4.61803 0
      vertex 30.6617 4.48629 0
    endloop
  endfacet
  facet normal 0 0 1
    outer loop
      vertex 44 5 3
      vertex 46 3 3
      vertex 45.989 3.20906 3
    endloop
  endfacet
  facet normal 0 0 1
    outer loop
      vertex 46 3 3
      vertex 42.553 -9.30855 3
      vertex 46 -13 3
    endloop
  endfacet
  facet normal 0 0 1
    outer loop
      vertex 44 5 3
      vertex 45.989 3.20906 3
      vertex 45.9563 3.41582 3
    endloop
  endfacet
  facet normal -0 -0 1
    outer loop
      vertex 42.6168 -9.47467 3
      vertex 46 -13 3
      vertex 42.553 -9.30855 3
    endloop
  endfacet
  facet normal 0 0 1
    outer loop
      vertex 44 5 3
      vertex 45.9563 3.41582 3
      vertex 45.9021 3.61803 3
    endloop
  endfacet
  facet normal -0 -0 1
    outer loop
      vertex 42.6628 -9.64655 3
      vertex 46 -13 3
      vertex 42.6168 -9.47467 3
    endloop
  endfacet
  facet normal 0 0 1
    outer loop
      vertex 44 5 3
      vertex 45.9021 3.61803 3
      vertex 45.8271 3.81347 3
    endloop
  endfacet
  facet normal -0 -0 1
    outer loop
      vertex 42.6907 -9.8223 3
      vertex 46 -13 3
      vertex 42.6628 -9.64655 3
    endloop
  endfacet
  facet normal 0 0 1
    outer loop
      vertex 44 5 3
      vertex 45.8271 3.81347 3
      vertex 45.732 4 3
    endloop
  endfacet
  facet normal -0 -0 1
    outer loop
      vertex 42.7 -10 3
      vertex 46 -13 3
      vertex 42.6907 -9.8223 3
    endloop
  endfacet
  facet normal 0 0 1
    outer loop
      vertex 44 5 3
      vertex 45.732 4 3
      vertex 45.618 4.17557 3
    endloop
  endfacet
  facet normal -0 0 1
    outer loop
      vertex 42.6628 -10.3534 3
      vertex 46 -13 3
      vertex 42.6907 -10.1777 3
    endloop
  endfacet
  facet normal 0 0 1
    outer loop
      vertex 44 5 3
      vertex 45.618 4.17557 3
      vertex 45.4863 4.33826 3
    endloop
  endfacet
  facet normal -0 0 1
    outer loop
      vertex 42.6168 -10.5253 3
      vertex 46 -13 3
      vertex 42.6628 -10.3534 3
    endloop
  endfacet
  facet normal 0 0 1
    outer loop
      vertex 44 5 3
      vertex 45.4863 4.33826 3
      vertex 45.3383 4.48629 3
    endloop
  endfacet
  facet normal -0 0 1
    outer loop
      vertex 42.553 -10.6915 3
      vertex 46 -13 3
      vertex 42.6168 -10.5253 3
    endloop
  endfacet
  facet normal 0 0 1
    outer loop
      vertex 44 5 3
      vertex 45.3383 4.48629 3
      vertex 45.1756 4.61803 3
    endloop
  endfacet
  facet normal -0 0 1
    outer loop
      vertex 42.4722 -10.85 3
      vertex 46 -13 3
      vertex 42.553 -10.6915 3
    endloop
  endfacet
  facet normal 0 0 1
    outer loop
      vertex 44 5 3
      vertex 45.1756 4.61803 3
      vertex 45 4.73205 3
    endloop
  endfacet
  facet normal -0 0 1
    outer loop
      vertex 42.3753 -10.9992 3
      vertex 46 -13 3
      vertex 42.4722 -10.85 3
    endloop
  endfacet
  facet normal 0 0 1
    outer loop
      vertex 44 5 3
      vertex 45 4.73205 3
      vertex 44.8135 4.82709 3
    endloop
  endfacet
  facet normal 0 -0 1
    outer loop
      vertex 44 -15 3
      vertex 46 -13 3
      vertex 42.2633 -11.1375 3
    endloop
  endfacet
  facet normal 0 0 1
    outer loop
      vertex 44 5 3
      vertex 44.8135 4.82709 3
      vertex 44.618 4.90211 3
    endloop
  endfacet
  facet normal 0 0 1
    outer loop
      vertex 46 -13 3
      vertex 44 -15 3
      vertex 45.989 -13.2091 3
    endloop
  endfacet
  facet normal 0 0 1
    outer loop
      vertex 44 5 3
      vertex 44.618 4.90211 3
      vertex 44.4158 4.9563 3
    endloop
  endfacet
  facet normal 0 0 1
    outer loop
      vertex 45.989 -13.2091 3
      vertex 44 -15 3
      vertex 45.9563 -13.4158 3
    endloop
  endfacet
  facet normal 0 0 1
    outer loop
      vertex 44 5 3
      vertex 44.4158 4.9563 3
      vertex 44.2091 4.98904 3
    endloop
  endfacet
  facet normal 0 0 1
    outer loop
      vertex 45.9563 -13.4158 3
      vertex 44 -15 3
      vertex 45.9021 -13.618 3
    endloop
  endfacet
  facet normal 0 0 1
    outer loop
      vertex 46 3 3
      vertex 44 5 3
      vertex 38.0097 0.316335 3
    endloop
  endfacet
  facet normal 0 0 1
    outer loop
      vertex 45.9021 -13.618 3
      vertex 44 -15 3
      vertex 45.8271 -13.8135 3
    endloop
  endfacet
  facet normal 0 0 1
    outer loop
      vertex 45.732 -14 3
      vertex 44 -15 3
      vertex 45.618 -14.1756 3
    endloop
  endfacet
  facet normal 0 0 1
    outer loop
      vertex 45.618 -14.1756 3
      vertex 44 -15 3
      vertex 45.4863 -14.3383 3
    endloop
  endfacet
  facet normal 0 0 1
    outer loop
      vertex 45.8271 -13.8135 3
      vertex 44 -15 3
      vertex 45.732 -14 3
    endloop
  endfacet
  facet normal -0 0 1
    outer loop
      vertex 42.2633 -11.1375 3
      vertex 46 -13 3
      vertex 42.3753 -10.9992 3
    endloop
  endfacet
  facet normal -0 0 1
    outer loop
      vertex 42.6907 -10.1777 3
      vertex 46 -13 3
      vertex 42.7 -10 3
    endloop
  endfacet
  facet normal 0 0 1
    outer loop
      vertex 46 3 3
      vertex 42.4722 -9.15 3
      vertex 42.553 -9.30855 3
    endloop
  endfacet
  facet normal 0 0 1
    outer loop
      vertex 46 3 3
      vertex 42.3753 -9.00076 3
      vertex 42.4722 -9.15 3
    endloop
  endfacet
  facet normal 0 0 1
    outer loop
      vertex 46 3 3
      vertex 42.2633 -8.86248 3
      vertex 42.3753 -9.00076 3
    endloop
  endfacet
  facet normal 0 0 1
    outer loop
      vertex 46 3 3
      vertex 42.1375 -8.73665 3
      vertex 42.2633 -8.86248 3
    endloop
  endfacet
  facet normal 0 0 1
    outer loop
      vertex 46 3 3
      vertex 41.9992 -8.62467 3
      vertex 42.1375 -8.73665 3
    endloop
  endfacet
  facet normal 0 0 1
    outer loop
      vertex 46 3 3
      vertex 41.85 -8.52776 3
      vertex 41.9992 -8.62467 3
    endloop
  endfacet
  facet normal 0 0 1
    outer loop
      vertex 46 3 3
      vertex 41.6915 -8.44697 3
      vertex 41.85 -8.52776 3
    endloop
  endfacet
  facet normal 0 0 1
    outer loop
      vertex 46 3 3
      vertex 37.9602 -0.629206 3
      vertex 37.8806 -0.926137 3
    endloop
  endfacet
  facet normal 0 0 1
    outer loop
      vertex 46 3 3
      vertex 37.8806 -0.926137 3
      vertex 37.8782 -0.935183 3
    endloop
  endfacet
  facet normal 0 -0 1
    outer loop
      vertex 41.5253 -8.3832 3
      vertex 46 3 3
      vertex 37.8782 -0.935183 3
    endloop
  endfacet
  facet normal 0 0 1
    outer loop
      vertex 46 3 3
      vertex 41.5253 -8.3832 3
      vertex 41.6915 -8.44697 3
    endloop
  endfacet
  facet normal -0 0 1
    outer loop
      vertex 37.8748 -0.943926 3
      vertex 41.5253 -8.3832 3
      vertex 37.8782 -0.935183 3
    endloop
  endfacet
  facet normal -0 0 1
    outer loop
      vertex 37.7647 -1.23091 3
      vertex 41.5253 -8.3832 3
      vertex 37.8748 -0.943926 3
    endloop
  endfacet
  facet normal 0 0 1
    outer loop
      vertex 41.5253 -8.3832 3
      vertex 37.7647 -1.23091 3
      vertex 41.3535 -8.33715 3
    endloop
  endfacet
  facet normal 0 0 1
    outer loop
      vertex 41.3535 -8.33715 3
      vertex 37.7647 -1.23091 3
      vertex 41.1777 -8.30931 3
    endloop
  endfacet
  facet normal -0 0 1
    outer loop
      vertex 37.6251 -1.50481 3
      vertex 41.1777 -8.30931 3
      vertex 37.7647 -1.23091 3
    endloop
  endfacet
  facet normal 0 0 1
    outer loop
      vertex 41.1777 -8.30931 3
      vertex 37.6209 -1.51316 3
      vertex 41 -8.3 3
    endloop
  endfacet
  facet normal -0 0 1
    outer loop
      vertex 37.4534 -1.77097 3
      vertex 41 -8.3 3
      vertex 37.6209 -1.51316 3
    endloop
  endfacet
  facet normal 0 0 1
    outer loop
      vertex 41 -8.3 3
      vertex 37.4483 -1.77882 3
      vertex 40.8223 -8.30931 3
    endloop
  endfacet
  facet normal -0 0 1
    outer loop
      vertex 37.4424 -1.7861 3
      vertex 40.8223 -8.30931 3
      vertex 37.4483 -1.77882 3
    endloop
  endfacet
  facet normal -0 0 1
    outer loop
      vertex 37.249 -2.025 3
      vertex 40.8223 -8.30931 3
      vertex 37.4424 -1.7861 3
    endloop
  endfacet
  facet normal 0 0 1
    outer loop
      vertex 40.8223 -8.30931 3
      vertex 37.249 -2.025 3
      vertex 40.6465 -8.33715 3
    endloop
  endfacet
  facet normal -0 0 1
    outer loop
      vertex 37.025 -2.24899 3
      vertex 40.6465 -8.33715 3
      vertex 37.249 -2.025 3
    endloop
  endfacet
  facet normal 0 0 1
    outer loop
      vertex 46 3 3
      vertex 37.9616 -0.619956 3
      vertex 37.9602 -0.629206 3
    endloop
  endfacet
  facet normal 0 0 1
    outer loop
      vertex 46 3 3
      vertex 38.0097 -0.316335 3
      vertex 37.9616 -0.619956 3
    endloop
  endfacet
  facet normal 0 0 1
    outer loop
      vertex 46 3 3
      vertex 38.0258 -0.00935251 3
      vertex 38.0097 -0.316335 3
    endloop
  endfacet
  facet normal 0 0 1
    outer loop
      vertex 46 3 3
      vertex 38.0263 0 3
      vertex 38.0258 -0.00935251 3
    endloop
  endfacet
  facet normal 0 0 1
    outer loop
      vertex 46 3 3
      vertex 38.0258 0.00935251 3
      vertex 38.0263 0 3
    endloop
  endfacet
  facet normal 0 0 1
    outer loop
      vertex 46 3 3
      vertex 38.0097 0.316335 3
      vertex 38.0258 0.00935251 3
    endloop
  endfacet
  facet normal 0 0 1
    outer loop
      vertex 44 5 3
      vertex 37.9616 0.619956 3
      vertex 38.0097 0.316335 3
    endloop
  endfacet
  facet normal 0 0 1
    outer loop
      vertex 44 5 3
      vertex 37.9602 0.629206 3
      vertex 37.9616 0.619956 3
    endloop
  endfacet
  facet normal 0 0 1
    outer loop
      vertex 44 5 3
      vertex 37.8806 0.926137 3
      vertex 37.9602 0.629206 3
    endloop
  endfacet
  facet normal 0 0 1
    outer loop
      vertex 44 5 3
      vertex 37.8782 0.935183 3
      vertex 37.8806 0.926137 3
    endloop
  endfacet
  facet normal 0 0 1
    outer loop
      vertex 44 5 3
      vertex 37.8748 0.943926 3
      vertex 37.8782 0.935183 3
    endloop
  endfacet
  facet normal 0 0 1
    outer loop
      vertex 44 5 3
      vertex 37.7647 1.23091 3
      vertex 37.8748 0.943926 3
    endloop
  endfacet
  facet normal 0 0 1
    outer loop
      vertex 44 5 3
      vertex 37.6251 1.50481 3
      vertex 37.7647 1.23091 3
    endloop
  endfacet
  facet normal 0 0 1
    outer loop
      vertex 44 5 3
      vertex 37.6209 1.51316 3
      vertex 37.6251 1.50481 3
    endloop
  endfacet
  facet normal 0 0 1
    outer loop
      vertex 44 5 3
      vertex 37.4534 1.77097 3
      vertex 37.6209 1.51316 3
    endloop
  endfacet
  facet normal 0 0 1
    outer loop
      vertex 44 5 3
      vertex 37.4483 1.77882 3
      vertex 37.4534 1.77097 3
    endloop
  endfacet
  facet normal 0 0 1
    outer loop
      vertex 44 5 3
      vertex 37.4424 1.7861 3
      vertex 37.4483 1.77882 3
    endloop
  endfacet
  facet normal 0 0 1
    outer loop
      vertex 44 5 3
      vertex 37.249 2.025 3
      vertex 37.4424 1.7861 3
    endloop
  endfacet
  facet normal 0 0 1
    outer loop
      vertex 44 5 3
      vertex 37.025 2.24899 3
      vertex 37.249 2.025 3
    endloop
  endfacet
  facet normal 0 0 1
    outer loop
      vertex 44 5 3
      vertex 36.7861 2.44245 3
      vertex 37.025 2.24899 3
    endloop
  endfacet
  facet normal 0 0 1
    outer loop
      vertex 44 5 3
      vertex 36.7788 2.44834 3
      vertex 36.7861 2.44245 3
    endloop
  endfacet
  facet normal 0 0 1
    outer loop
      vertex 44 5 3
      vertex 36.771 2.45344 3
      vertex 36.7788 2.44834 3
    endloop
  endfacet
  facet normal 0 0 1
    outer loop
      vertex 44 5 3
      vertex 36.5132 2.62087 3
      vertex 36.771 2.45344 3
    endloop
  endfacet
  facet normal 0 0 1
    outer loop
      vertex 44 5 3
      vertex 36.5048 2.62512 3
      vertex 36.5132 2.62087 3
    endloop
  endfacet
  facet normal 0 0 1
    outer loop
      vertex 44 5 3
      vertex 36.2309 2.76468 3
      vertex 36.5048 2.62512 3
    endloop
  endfacet
  facet normal 0 0 1
    outer loop
      vertex 44 5 3
      vertex 35.9439 2.87484 3
      vertex 36.2309 2.76468 3
    endloop
  endfacet
  facet normal 0 0 1
    outer loop
      vertex 44 5 3
      vertex 35.9352 2.8782 3
      vertex 35.9439 2.87484 3
    endloop
  endfacet
  facet normal 0 0 1
    outer loop
      vertex 44 5 3
      vertex 35.9261 2.88062 3
      vertex 35.9352 2.8782 3
    endloop
  endfacet
  facet normal 0 0 1
    outer loop
      vertex 44 5 3
      vertex 35.6292 2.96018 3
      vertex 35.9261 2.88062 3
    endloop
  endfacet
  facet normal -0 0 1
    outer loop
      vertex 32 5 3
      vertex 35.6292 2.96018 3
      vertex 44 5 3
    endloop
  endfacet
  facet normal 0 0 1
    outer loop
      vertex 35.6292 2.96018 3
      vertex 32 5 3
      vertex 35.62 2.96165 3
    endloop
  endfacet
  facet normal 0 0 1
    outer loop
      vertex 35.62 2.96165 3
      vertex 32 5 3
      vertex 35.3163 3.00974 3
    endloop
  endfacet
  facet normal 0 0 1
    outer loop
      vertex 35.3163 3.00974 3
      vertex 32 5 3
      vertex 35.0094 3.02583 3
    endloop
  endfacet
  facet normal 0 0 1
    outer loop
      vertex 35.0094 3.02583 3
      vertex 32 5 3
      vertex 35 3.02632 3
    endloop
  endfacet
  facet normal 0 0 1
    outer loop
      vertex 35 3.02632 3
      vertex 32 5 3
      vertex 34.9906 3.02583 3
    endloop
  endfacet
  facet normal 0 0 1
    outer loop
      vertex 34.9906 3.02583 3
      vertex 32 5 3
      vertex 34.6837 3.00974 3
    endloop
  endfacet
  facet normal 0 0 1
    outer loop
      vertex 34.6837 3.00974 3
      vertex 32 5 3
      vertex 34.38 2.96165 3
    endloop
  endfacet
  facet normal 0 0 1
    outer loop
      vertex 32 5 3
      vertex 34.0739 2.88062 3
      vertex 34.3708 2.96018 3
    endloop
  endfacet
  facet normal 0 0 1
    outer loop
      vertex 32 5 3
      vertex 33.229 2.45344 3
      vertex 33.4868 2.62087 3
    endloop
  endfacet
  facet normal 0 0 1
    outer loop
      vertex 32 5 3
      vertex 33.2139 2.44245 3
      vertex 33.2212 2.44834 3
    endloop
  endfacet
  facet normal 0 0 1
    outer loop
      vertex 30 3 3
      vertex 32.5466 1.77097 3
      vertex 32.5517 1.77882 3
    endloop
  endfacet
  facet normal 0 0 1
    outer loop
      vertex 30 3 3
      vertex 32.1252 0.943926 3
      vertex 32.2353 1.23091 3
    endloop
  endfacet
  facet normal 0 0 1
    outer loop
      vertex 30 3 3
      vertex 32.1194 0.926137 3
      vertex 32.1218 0.935183 3
    endloop
  endfacet
  facet normal 0 0 1
    outer loop
      vertex 34.38 2.96165 3
      vertex 32 5 3
      vertex 34.3708 2.96018 3
    endloop
  endfacet
  facet normal 0 0 1
    outer loop
      vertex 34.0739 2.88062 3
      vertex 32 5 3
      vertex 34.0648 2.8782 3
    endloop
  endfacet
  facet normal 0 0 1
    outer loop
      vertex 32 5 3
      vertex 34.0561 2.87484 3
      vertex 34.0648 2.8782 3
    endloop
  endfacet
  facet normal 0 0 1
    outer loop
      vertex 32 5 3
      vertex 33.7691 2.76468 3
      vertex 34.0561 2.87484 3
    endloop
  endfacet
  facet normal 0 0 1
    outer loop
      vertex 32 5 3
      vertex 33.4952 2.62512 3
      vertex 33.7691 2.76468 3
    endloop
  endfacet
  facet normal 0 0 1
    outer loop
      vertex 32 5 3
      vertex 33.4868 2.62087 3
      vertex 33.4952 2.62512 3
    endloop
  endfacet
  facet normal 0 0 1
    outer loop
      vertex 33.229 2.45344 3
      vertex 32 5 3
      vertex 33.2212 2.44834 3
    endloop
  endfacet
  facet normal 0 0 1
    outer loop
      vertex 33.2139 2.44245 3
      vertex 32 5 3
      vertex 32.975 2.24899 3
    endloop
  endfacet
  facet normal -0 0 1
    outer loop
      vertex 31.7909 4.98904 3
      vertex 32.975 2.24899 3
      vertex 32 5 3
    endloop
  endfacet
  facet normal -0 0 1
    outer loop
      vertex 31.5842 4.9563 3
      vertex 32.975 2.24899 3
      vertex 31.7909 4.98904 3
    endloop
  endfacet
  facet normal -0 0 1
    outer loop
      vertex 31.382 4.90211 3
      vertex 32.975 2.24899 3
      vertex 31.5842 4.9563 3
    endloop
  endfacet
  facet normal -0 0 1
    outer loop
      vertex 31.1865 4.82709 3
      vertex 32.975 2.24899 3
      vertex 31.382 4.90211 3
    endloop
  endfacet
  facet normal -0 0 1
    outer loop
      vertex 31 4.73205 3
      vertex 32.975 2.24899 3
      vertex 31.1865 4.82709 3
    endloop
  endfacet
  facet normal -0 0 1
    outer loop
      vertex 30.8244 4.61803 3
      vertex 32.975 2.24899 3
      vertex 31 4.73205 3
    endloop
  endfacet
  facet normal -0 0 1
    outer loop
      vertex 30.6617 4.48629 3
      vertex 32.975 2.24899 3
      vertex 30.8244 4.61803 3
    endloop
  endfacet
  facet normal 0 0 1
    outer loop
      vertex 32.1252 0.943926 3
      vertex 30 3 3
      vertex 32.1218 0.935183 3
    endloop
  endfacet
  facet normal 0 0 1
    outer loop
      vertex 32.1194 0.926137 3
      vertex 30 3 3
      vertex 32.0398 0.629206 3
    endloop
  endfacet
  facet normal 0 0 1
    outer loop
      vertex 32.0398 0.629206 3
      vertex 30 3 3
      vertex 32.0384 0.619956 3
    endloop
  endfacet
  facet normal 0 0 1
    outer loop
      vertex 32.0384 0.619956 3
      vertex 30 3 3
      vertex 31.9903 0.316335 3
    endloop
  endfacet
  facet normal 0 0 1
    outer loop
      vertex 31.9903 0.316335 3
      vertex 30 3 3
      vertex 31.9742 0.00935251 3
    endloop
  endfacet
  facet normal 0 0 1
    outer loop
      vertex 32.975 2.24899 3
      vertex 30.6617 4.48629 3
      vertex 32.751 2.025 3
    endloop
  endfacet
  facet normal 0 0 1
    outer loop
      vertex 45.4863 -14.3383 3
      vertex 44 -15 3
      vertex 45.3383 -14.4863 3
    endloop
  endfacet
  facet normal 0 0 1
    outer loop
      vertex 45.3383 -14.4863 3
      vertex 44 -15 3
      vertex 45.1756 -14.618 3
    endloop
  endfacet
  facet normal 0 0 1
    outer loop
      vertex 45.1756 -14.618 3
      vertex 44 -15 3
      vertex 45 -14.732 3
    endloop
  endfacet
  facet normal 0 0 1
    outer loop
      vertex 45 -14.732 3
      vertex 44 -15 3
      vertex 44.8135 -14.8271 3
    endloop
  endfacet
  facet normal 0 0 1
    outer loop
      vertex 44.8135 -14.8271 3
      vertex 44 -15 3
      vertex 44.618 -14.9021 3
    endloop
  endfacet
  facet normal 0 0 1
    outer loop
      vertex 44.618 -14.9021 3
      vertex 44 -15 3
      vertex 44.4158 -14.9563 3
    endloop
  endfacet
  facet normal 0 0 1
    outer loop
      vertex 44.4158 -14.9563 3
      vertex 44 -15 3
      vertex 44.2091 -14.989 3
    endloop
  endfacet
  facet normal -0 0 1
    outer loop
      vertex 42.1375 -11.2633 3
      vertex 44 -15 3
      vertex 42.2633 -11.1375 3
    endloop
  endfacet
  facet normal -0 0 1
    outer loop
      vertex 41.9992 -11.3753 3
      vertex 44 -15 3
      vertex 42.1375 -11.2633 3
    endloop
  endfacet
  facet normal -0 0 1
    outer loop
      vertex 41.85 -11.4722 3
      vertex 44 -15 3
      vertex 41.9992 -11.3753 3
    endloop
  endfacet
  facet normal -0 0 1
    outer loop
      vertex 41.6915 -11.553 3
      vertex 44 -15 3
      vertex 41.85 -11.4722 3
    endloop
  endfacet
  facet normal -0 0 1
    outer loop
      vertex 41.5253 -11.6168 3
      vertex 44 -15 3
      vertex 41.6915 -11.553 3
    endloop
  endfacet
  facet normal -0 0 1
    outer loop
      vertex 41.3535 -11.6629 3
      vertex 44 -15 3
      vertex 41.5253 -11.6168 3
    endloop
  endfacet
  facet normal -0 0 1
    outer loop
      vertex 41.1777 -11.6907 3
      vertex 44 -15 3
      vertex 41.3535 -11.6629 3
    endloop
  endfacet
  facet normal -0 0 1
    outer loop
      vertex 41 -11.7 3
      vertex 44 -15 3
      vertex 41.1777 -11.6907 3
    endloop
  endfacet
  facet normal 0 0 1
    outer loop
      vertex 40.8223 -11.6907 3
      vertex 44 -15 3
      vertex 41 -11.7 3
    endloop
  endfacet
  facet normal 0 0 1
    outer loop
      vertex 40.6465 -11.6629 3
      vertex 44 -15 3
      vertex 40.8223 -11.6907 3
    endloop
  endfacet
  facet normal 0 0 1
    outer loop
      vertex 40.4747 -11.6168 3
      vertex 44 -15 3
      vertex 40.6465 -11.6629 3
    endloop
  endfacet
  facet normal 0 0 1
    outer loop
      vertex 40.3085 -11.553 3
      vertex 44 -15 3
      vertex 40.4747 -11.6168 3
    endloop
  endfacet
  facet normal 0 0 1
    outer loop
      vertex 32 -15 3
      vertex 40.3085 -11.553 3
      vertex 40.15 -11.4722 3
    endloop
  endfacet
  facet normal 0 0 1
    outer loop
      vertex 32 -15 3
      vertex 40.15 -11.4722 3
      vertex 40.0008 -11.3753 3
    endloop
  endfacet
  facet normal 0 0 1
    outer loop
      vertex 32 -15 3
      vertex 40.0008 -11.3753 3
      vertex 39.8625 -11.2633 3
    endloop
  endfacet
  facet normal -0 0 1
    outer loop
      vertex 37.6209 -1.51316 3
      vertex 41.1777 -8.30931 3
      vertex 37.6251 -1.50481 3
    endloop
  endfacet
  facet normal -0 0 1
    outer loop
      vertex 37.4483 -1.77882 3
      vertex 41 -8.3 3
      vertex 37.4534 -1.77097 3
    endloop
  endfacet
  facet normal 0 0 1
    outer loop
      vertex 40.6465 -8.33715 3
      vertex 37.025 -2.24899 3
      vertex 40.4747 -8.3832 3
    endloop
  endfacet
  facet normal 0 0 1
    outer loop
      vertex 40.4747 -8.3832 3
      vertex 37.025 -2.24899 3
      vertex 40.3085 -8.44697 3
    endloop
  endfacet
  facet normal -0 0 1
    outer loop
      vertex 36.7861 -2.44245 3
      vertex 40.3085 -8.44697 3
      vertex 37.025 -2.24899 3
    endloop
  endfacet
  facet normal -0 0 1
    outer loop
      vertex 36.7788 -2.44834 3
      vertex 40.3085 -8.44697 3
      vertex 36.7861 -2.44245 3
    endloop
  endfacet
  facet normal 0 0 1
    outer loop
      vertex 40.3085 -8.44697 3
      vertex 36.7788 -2.44834 3
      vertex 40.15 -8.52776 3
    endloop
  endfacet
  facet normal -0 0 1
    outer loop
      vertex 36.771 -2.45344 3
      vertex 40.15 -8.52776 3
      vertex 36.7788 -2.44834 3
    endloop
  endfacet
  facet normal -0 0 1
    outer loop
      vertex 36.5132 -2.62087 3
      vertex 40.15 -8.52776 3
      vertex 36.771 -2.45344 3
    endloop
  endfacet
  facet normal 0 0 1
    outer loop
      vertex 40.15 -8.52776 3
      vertex 36.5132 -2.62087 3
      vertex 40.0008 -8.62467 3
    endloop
  endfacet
  facet normal -0 0 1
    outer loop
      vertex 36.5048 -2.62512 3
      vertex 40.0008 -8.62467 3
      vertex 36.5132 -2.62087 3
    endloop
  endfacet
  facet normal -0 0 1
    outer loop
      vertex 36.2309 -2.76468 3
      vertex 40.0008 -8.62467 3
      vertex 36.5048 -2.62512 3
    endloop
  endfacet
  facet normal 0 0 1
    outer loop
      vertex 40.0008 -8.62467 3
      vertex 36.2309 -2.76468 3
      vertex 39.8625 -8.73665 3
    endloop
  endfacet
  facet normal -0 0 1
    outer loop
      vertex 35.9439 -2.87484 3
      vertex 39.8625 -8.73665 3
      vertex 36.2309 -2.76468 3
    endloop
  endfacet
  facet normal 0 0 1
    outer loop
      vertex 39.8625 -8.73665 3
      vertex 35.9439 -2.87484 3
      vertex 39.7367 -8.86248 3
    endloop
  endfacet
  facet normal -0 0 1
    outer loop
      vertex 35.9352 -2.8782 3
      vertex 39.7367 -8.86248 3
      vertex 35.9439 -2.87484 3
    endloop
  endfacet
  facet normal -0 0 1
    outer loop
      vertex 35.9261 -2.88062 3
      vertex 39.7367 -8.86248 3
      vertex 35.9352 -2.8782 3
    endloop
  endfacet
  facet normal 0 0 1
    outer loop
      vertex 39.7367 -8.86248 3
      vertex 35.9261 -2.88062 3
      vertex 39.6247 -9.00076 3
    endloop
  endfacet
  facet normal -0 0 1
    outer loop
      vertex 35.6292 -2.96018 3
      vertex 39.6247 -9.00076 3
      vertex 35.9261 -2.88062 3
    endloop
  endfacet
  facet normal 0 0 1
    outer loop
      vertex 39.6247 -9.00076 3
      vertex 35.6292 -2.96018 3
      vertex 39.5278 -9.15 3
    endloop
  endfacet
  facet normal -0 0 1
    outer loop
      vertex 35.62 -2.96165 3
      vertex 39.5278 -9.15 3
      vertex 35.6292 -2.96018 3
    endloop
  endfacet
  facet normal -0 0 1
    outer loop
      vertex 35.3163 -3.00974 3
      vertex 39.5278 -9.15 3
      vertex 35.62 -2.96165 3
    endloop
  endfacet
  facet normal 0 0 1
    outer loop
      vertex 39.5278 -9.15 3
      vertex 35.3163 -3.00974 3
      vertex 39.447 -9.30855 3
    endloop
  endfacet
  facet normal -0 0 1
    outer loop
      vertex 35.0094 -3.02583 3
      vertex 39.447 -9.30855 3
      vertex 35.3163 -3.00974 3
    endloop
  endfacet
  facet normal -0 0 1
    outer loop
      vertex 35 -3.02632 3
      vertex 39.447 -9.30855 3
      vertex 35.0094 -3.02583 3
    endloop
  endfacet
  facet normal 0 0 1
    outer loop
      vertex 39.447 -9.30855 3
      vertex 35 -3.02632 3
      vertex 39.3832 -9.47467 3
    endloop
  endfacet
  facet normal 0 0 1
    outer loop
      vertex 34.9906 -3.02583 3
      vertex 39.3832 -9.47467 3
      vertex 35 -3.02632 3
    endloop
  endfacet
  facet normal 0 0 1
    outer loop
      vertex 34.6837 -3.00974 3
      vertex 39.3832 -9.47467 3
      vertex 34.9906 -3.02583 3
    endloop
  endfacet
  facet normal 0 0 1
    outer loop
      vertex 39.3832 -9.47467 3
      vertex 34.6837 -3.00974 3
      vertex 39.3372 -9.64655 3
    endloop
  endfacet
  facet normal 0 0 1
    outer loop
      vertex 30 -13 3
      vertex 39.3372 -9.64655 3
      vertex 34.6837 -3.00974 3
    endloop
  endfacet
  facet normal 0 0 1
    outer loop
      vertex 39.3372 -9.64655 3
      vertex 30 -13 3
      vertex 39.3093 -9.8223 3
    endloop
  endfacet
  facet normal 0 0 1
    outer loop
      vertex 39.3093 -9.8223 3
      vertex 30 -13 3
      vertex 39.3 -10 3
    endloop
  endfacet
  facet normal 0 0 1
    outer loop
      vertex 39.3 -10 3
      vertex 30 -13 3
      vertex 39.3093 -10.1777 3
    endloop
  endfacet
  facet normal 0 -0 1
    outer loop
      vertex 32 -15 3
      vertex 39.3093 -10.1777 3
      vertex 30 -13 3
    endloop
  endfacet
  facet normal 0 0 1
    outer loop
      vertex 39.3093 -10.1777 3
      vertex 32 -15 3
      vertex 39.3372 -10.3534 3
    endloop
  endfacet
  facet normal 0 0 1
    outer loop
      vertex 39.3372 -10.3534 3
      vertex 32 -15 3
      vertex 39.3832 -10.5253 3
    endloop
  endfacet
  facet normal 0 0 1
    outer loop
      vertex 30 -13 3
      vertex 34.6837 -3.00974 3
      vertex 34.38 -2.96165 3
    endloop
  endfacet
  facet normal 0 0 1
    outer loop
      vertex 39.3832 -10.5253 3
      vertex 32 -15 3
      vertex 39.447 -10.6915 3
    endloop
  endfacet
  facet normal 0 0 1
    outer loop
      vertex 30 -13 3
      vertex 34.38 -2.96165 3
      vertex 34.3708 -2.96018 3
    endloop
  endfacet
  facet normal 0 0 1
    outer loop
      vertex 30 -13 3
      vertex 34.3708 -2.96018 3
      vertex 34.0739 -2.88062 3
    endloop
  endfacet
  facet normal 0 0 1
    outer loop
      vertex 30 -13 3
      vertex 34.0739 -2.88062 3
      vertex 34.0648 -2.8782 3
    endloop
  endfacet
  facet normal 0 0 1
    outer loop
      vertex 30 -13 3
      vertex 34.0648 -2.8782 3
      vertex 34.0561 -2.87484 3
    endloop
  endfacet
  facet normal 0 0 1
    outer loop
      vertex 30 -13 3
      vertex 34.0561 -2.87484 3
      vertex 33.7691 -2.76468 3
    endloop
  endfacet
  facet normal 0 0 1
    outer loop
      vertex 30 -13 3
      vertex 33.7691 -2.76468 3
      vertex 33.4952 -2.62512 3
    endloop
  endfacet
  facet normal 0 0 1
    outer loop
      vertex 30 -13 3
      vertex 33.4952 -2.62512 3
      vertex 33.4868 -2.62087 3
    endloop
  endfacet
  facet normal 0 0 1
    outer loop
      vertex 30 -13 3
      vertex 33.4868 -2.62087 3
      vertex 33.229 -2.45344 3
    endloop
  endfacet
  facet normal 0 0 1
    outer loop
      vertex 30 -13 3
      vertex 33.229 -2.45344 3
      vertex 33.2212 -2.44834 3
    endloop
  endfacet
  facet normal 0 0 1
    outer loop
      vertex 30 -13 3
      vertex 33.2212 -2.44834 3
      vertex 33.2139 -2.44245 3
    endloop
  endfacet
  facet normal 0 0 1
    outer loop
      vertex 30 -13 3
      vertex 33.2139 -2.44245 3
      vertex 32.975 -2.24899 3
    endloop
  endfacet
  facet normal 0 0 1
    outer loop
      vertex 30 -13 3
      vertex 32.975 -2.24899 3
      vertex 32.751 -2.025 3
    endloop
  endfacet
  facet normal 0 0 1
    outer loop
      vertex 30 -13 3
      vertex 32.751 -2.025 3
      vertex 32.5576 -1.7861 3
    endloop
  endfacet
  facet normal 0 0 1
    outer loop
      vertex 30 -13 3
      vertex 32.5576 -1.7861 3
      vertex 32.5517 -1.77882 3
    endloop
  endfacet
  facet normal 0 0 1
    outer loop
      vertex 30 -13 3
      vertex 32.5466 -1.77097 3
      vertex 32.3791 -1.51316 3
    endloop
  endfacet
  facet normal 0 0 1
    outer loop
      vertex 30 -13 3
      vertex 32.1252 -0.943926 3
      vertex 32.1218 -0.935183 3
    endloop
  endfacet
  facet normal 0 0 1
    outer loop
      vertex 30 3 3
      vertex 32.1194 -0.926137 3
      vertex 32.0398 -0.629206 3
    endloop
  endfacet
  facet normal 0 0 1
    outer loop
      vertex 40.3085 -11.553 3
      vertex 32 -15 3
      vertex 44 -15 3
    endloop
  endfacet
  facet normal 0 0 1
    outer loop
      vertex 39.7367 -11.1375 3
      vertex 32 -15 3
      vertex 39.8625 -11.2633 3
    endloop
  endfacet
  facet normal 0 0 1
    outer loop
      vertex 39.6247 -10.9992 3
      vertex 32 -15 3
      vertex 39.7367 -11.1375 3
    endloop
  endfacet
  facet normal 0 0 1
    outer loop
      vertex 39.447 -10.6915 3
      vertex 32 -15 3
      vertex 39.5278 -10.85 3
    endloop
  endfacet
  facet normal 0 0 1
    outer loop
      vertex 32.5466 -1.77097 3
      vertex 30 -13 3
      vertex 32.5517 -1.77882 3
    endloop
  endfacet
  facet normal 0 0 1
    outer loop
      vertex 30 -13 3
      vertex 32.3791 -1.51316 3
      vertex 32.3749 -1.50481 3
    endloop
  endfacet
  facet normal 0 0 1
    outer loop
      vertex 30 -13 3
      vertex 32.3749 -1.50481 3
      vertex 32.2353 -1.23091 3
    endloop
  endfacet
  facet normal 0 0 1
    outer loop
      vertex 32.1252 -0.943926 3
      vertex 30 -13 3
      vertex 32.2353 -1.23091 3
    endloop
  endfacet
  facet normal 0 0 1
    outer loop
      vertex 32.1194 -0.926137 3
      vertex 30 3 3
      vertex 32.1218 -0.935183 3
    endloop
  endfacet
  facet normal 0 0 1
    outer loop
      vertex 30 3 3
      vertex 32.0398 -0.629206 3
      vertex 32.0384 -0.619956 3
    endloop
  endfacet
  facet normal 0 0 1
    outer loop
      vertex 30 3 3
      vertex 32.0384 -0.619956 3
      vertex 31.9903 -0.316335 3
    endloop
  endfacet
  facet normal 0 0 1
    outer loop
      vertex 30 3 3
      vertex 31.9903 -0.316335 3
      vertex 31.9742 -0.00935251 3
    endloop
  endfacet
  facet normal 0 0 1
    outer loop
      vertex 30 3 3
      vertex 31.9742 -0.00935251 3
      vertex 31.9737 0 3
    endloop
  endfacet
  facet normal 0 0 1
    outer loop
      vertex 31.9742 0.00935251 3
      vertex 30 3 3
      vertex 31.9737 0 3
    endloop
  endfacet
  facet normal 0 0 1
    outer loop
      vertex 32.1218 -0.935183 3
      vertex 30 3 3
      vertex 30 -13 3
    endloop
  endfacet
  facet normal -0 0 1
    outer loop
      vertex 30.5137 4.33826 3
      vertex 32.751 2.025 3
      vertex 30.6617 4.48629 3
    endloop
  endfacet
  facet normal 0 0 1
    outer loop
      vertex 39.5278 -10.85 3
      vertex 32 -15 3
      vertex 39.6247 -10.9992 3
    endloop
  endfacet
  facet normal -0 0 1
    outer loop
      vertex 30.382 4.17557 3
      vertex 32.751 2.025 3
      vertex 30.5137 4.33826 3
    endloop
  endfacet
  facet normal 0 0 1
    outer loop
      vertex 32 -15 3
      vertex 30 -13 3
      vertex 31.7909 -14.989 3
    endloop
  endfacet
  facet normal -0 0 1
    outer loop
      vertex 30.268 4 3
      vertex 32.751 2.025 3
      vertex 30.382 4.17557 3
    endloop
  endfacet
  facet normal 0 0 1
    outer loop
      vertex 31.7909 -14.989 3
      vertex 30 -13 3
      vertex 31.5842 -14.9563 3
    endloop
  endfacet
  facet normal -0 0 1
    outer loop
      vertex 30.1729 3.81347 3
      vertex 32.751 2.025 3
      vertex 30.268 4 3
    endloop
  endfacet
  facet normal 0 0 1
    outer loop
      vertex 31.5842 -14.9563 3
      vertex 30 -13 3
      vertex 31.382 -14.9021 3
    endloop
  endfacet
  facet normal -0 0 1
    outer loop
      vertex 30.0979 3.61803 3
      vertex 32.751 2.025 3
      vertex 30.1729 3.81347 3
    endloop
  endfacet
  facet normal 0 0 1
    outer loop
      vertex 31.382 -14.9021 3
      vertex 30 -13 3
      vertex 31.1865 -14.8271 3
    endloop
  endfacet
  facet normal -0 0 1
    outer loop
      vertex 30.0437 3.41582 3
      vertex 32.751 2.025 3
      vertex 30.0979 3.61803 3
    endloop
  endfacet
  facet normal 0 0 1
    outer loop
      vertex 31.1865 -14.8271 3
      vertex 30 -13 3
      vertex 31 -14.732 3
    endloop
  endfacet
  facet normal -0 0 1
    outer loop
      vertex 30.011 3.20906 3
      vertex 32.751 2.025 3
      vertex 30.0437 3.41582 3
    endloop
  endfacet
  facet normal 0 0 1
    outer loop
      vertex 31 -14.732 3
      vertex 30 -13 3
      vertex 30.8244 -14.618 3
    endloop
  endfacet
  facet normal -0 0 1
    outer loop
      vertex 30 3 3
      vertex 32.751 2.025 3
      vertex 30.011 3.20906 3
    endloop
  endfacet
  facet normal 0 0 1
    outer loop
      vertex 30.8244 -14.618 3
      vertex 30 -13 3
      vertex 30.6617 -14.4863 3
    endloop
  endfacet
  facet normal 0 0 1
    outer loop
      vertex 32.751 2.025 3
      vertex 30 3 3
      vertex 32.5576 1.7861 3
    endloop
  endfacet
  facet normal 0 0 1
    outer loop
      vertex 30.6617 -14.4863 3
      vertex 30 -13 3
      vertex 30.5137 -14.3383 3
    endloop
  endfacet
  facet normal 0 0 1
    outer loop
      vertex 32.5576 1.7861 3
      vertex 30 3 3
      vertex 32.5517 1.77882 3
    endloop
  endfacet
  facet normal 0 0 1
    outer loop
      vertex 30.5137 -14.3383 3
      vertex 30 -13 3
      vertex 30.382 -14.1756 3
    endloop
  endfacet
  facet normal 0 0 1
    outer loop
      vertex 32.5466 1.77097 3
      vertex 30 3 3
      vertex 32.3791 1.51316 3
    endloop
  endfacet
  facet normal 0 0 1
    outer loop
      vertex 30.382 -14.1756 3
      vertex 30 -13 3
      vertex 30.268 -14 3
    endloop
  endfacet
  facet normal 0 0 1
    outer loop
      vertex 32.3749 1.50481 3
      vertex 30 3 3
      vertex 32.2353 1.23091 3
    endloop
  endfacet
  facet normal 0 0 1
    outer loop
      vertex 30.268 -14 3
      vertex 30 -13 3
      vertex 30.1729 -13.8135 3
    endloop
  endfacet
  facet normal 0 0 1
    outer loop
      vertex 32.3791 1.51316 3
      vertex 30 3 3
      vertex 32.3749 1.50481 3
    endloop
  endfacet
  facet normal 0 0 1
    outer loop
      vertex 30.1729 -13.8135 3
      vertex 30 -13 3
      vertex 30.0979 -13.618 3
    endloop
  endfacet
  facet normal 0 0 1
    outer loop
      vertex 30.0979 -13.618 3
      vertex 30 -13 3
      vertex 30.0437 -13.4158 3
    endloop
  endfacet
  facet normal 0 0 1
    outer loop
      vertex 30.0437 -13.4158 3
      vertex 30 -13 3
      vertex 30.011 -13.2091 3
    endloop
  endfacet
  facet normal -0.987716 -0.156257 0
    outer loop
      vertex 30.0437 -13.4158 0
      vertex 30.011 -13.2091 3
      vertex 30.011 -13.2091 0
    endloop
  endfacet
  facet normal -0.987716 -0.156257 0
    outer loop
      vertex 30.011 -13.2091 3
      vertex 30.0437 -13.4158 0
      vertex 30.0437 -13.4158 3
    endloop
  endfacet
  facet normal -0.258867 0.965913 0
    outer loop
      vertex 31.5842 4.9563 0
      vertex 31.382 4.90211 3
      vertex 31.5842 4.9563 3
    endloop
  endfacet
  facet normal -0.258867 0.965913 0
    outer loop
      vertex 31.382 4.90211 3
      vertex 31.5842 4.9563 0
      vertex 31.382 4.90211 0
    endloop
  endfacet
  facet normal -0.987633 -0.156785 0
    outer loop
      vertex 42.6907 -9.8223 0
      vertex 42.6628 -9.64655 3
      vertex 42.6628 -9.64655 0
    endloop
  endfacet
  facet normal -0.987633 -0.156785 0
    outer loop
      vertex 42.6628 -9.64655 3
      vertex 42.6907 -9.8223 0
      vertex 42.6907 -9.8223 3
    endloop
  endfacet
  facet normal -0.998633 -0.0522639 0
    outer loop
      vertex 42.7 -10 0
      vertex 42.6907 -9.8223 3
      vertex 42.6907 -9.8223 0
    endloop
  endfacet
  facet normal -0.998633 -0.0522639 0
    outer loop
      vertex 42.6907 -9.8223 3
      vertex 42.7 -10 0
      vertex 42.7 -10 3
    endloop
  endfacet
  facet normal -0.629276 -0.777182 0
    outer loop
      vertex 41.9992 -8.62467 0
      vertex 42.1375 -8.73665 3
      vertex 41.9992 -8.62467 3
    endloop
  endfacet
  facet normal -0.629276 -0.777182 -0
    outer loop
      vertex 42.1375 -8.73665 3
      vertex 41.9992 -8.62467 0
      vertex 42.1375 -8.73665 0
    endloop
  endfacet
  facet normal -0.259167 0.965833 0
    outer loop
      vertex 41.5253 -11.6168 0
      vertex 41.3535 -11.6629 3
      vertex 41.5253 -11.6168 3
    endloop
  endfacet
  facet normal -0.259167 0.965833 0
    outer loop
      vertex 41.3535 -11.6629 3
      vertex 41.5253 -11.6168 0
      vertex 41.3535 -11.6629 0
    endloop
  endfacet
  facet normal 0.358377 0.933577 -0
    outer loop
      vertex 40.4747 -11.6168 0
      vertex 40.3085 -11.553 3
      vertex 40.4747 -11.6168 3
    endloop
  endfacet
  facet normal 0.358377 0.933577 0
    outer loop
      vertex 40.3085 -11.553 3
      vertex 40.4747 -11.6168 0
      vertex 40.3085 -11.553 0
    endloop
  endfacet
  facet normal -0.966003 -0.25853 0
    outer loop
      vertex 42.6628 -9.64655 0
      vertex 42.6168 -9.47467 3
      vertex 42.6168 -9.47467 0
    endloop
  endfacet
  facet normal -0.966003 -0.25853 0
    outer loop
      vertex 42.6168 -9.47467 3
      vertex 42.6628 -9.64655 0
      vertex 42.6628 -9.64655 3
    endloop
  endfacet
  facet normal -0.987626 0.156828 0
    outer loop
      vertex 42.6628 -10.3534 0
      vertex 42.6907 -10.1777 3
      vertex 42.6907 -10.1777 0
    endloop
  endfacet
  facet normal -0.987626 0.156828 0
    outer loop
      vertex 42.6907 -10.1777 3
      vertex 42.6628 -10.3534 0
      vertex 42.6628 -10.3534 3
    endloop
  endfacet
  facet normal -0.777127 0.629344 0
    outer loop
      vertex 42.2633 -11.1375 0
      vertex 42.3753 -10.9992 3
      vertex 42.3753 -10.9992 0
    endloop
  endfacet
  facet normal -0.777127 0.629344 0
    outer loop
      vertex 42.3753 -10.9992 3
      vertex 42.2633 -11.1375 0
      vertex 42.2633 -11.1375 3
    endloop
  endfacet
  facet normal -0.35823 -0.933633 0
    outer loop
      vertex 41.5253 -8.3832 0
      vertex 41.6915 -8.44697 3
      vertex 41.5253 -8.3832 3
    endloop
  endfacet
  facet normal -0.35823 -0.933633 -0
    outer loop
      vertex 41.6915 -8.44697 3
      vertex 41.5253 -8.3832 0
      vertex 41.6915 -8.44697 0
    endloop
  endfacet
  facet normal -0.998633 0.0522639 0
    outer loop
      vertex 42.6907 -10.1777 0
      vertex 42.7 -10 3
      vertex 42.7 -10 0
    endloop
  endfacet
  facet normal -0.998633 0.0522639 0
    outer loop
      vertex 42.7 -10 3
      vertex 42.6907 -10.1777 0
      vertex 42.6907 -10.1777 3
    endloop
  endfacet
  facet normal -0.707107 0.707107 0
    outer loop
      vertex 42.1375 -11.2633 0
      vertex 42.2633 -11.1375 3
      vertex 42.2633 -11.1375 0
    endloop
  endfacet
  facet normal -0.707107 0.707107 0
    outer loop
      vertex 42.2633 -11.1375 3
      vertex 42.1375 -11.2633 0
      vertex 42.1375 -11.2633 3
    endloop
  endfacet
  facet normal 0.544712 -0.838623 0
    outer loop
      vertex 40.0008 -8.62467 0
      vertex 40.15 -8.52776 3
      vertex 40.0008 -8.62467 3
    endloop
  endfacet
  facet normal 0.544712 -0.838623 0
    outer loop
      vertex 40.15 -8.52776 3
      vertex 40.0008 -8.62467 0
      vertex 40.15 -8.52776 0
    endloop
  endfacet
  facet normal -0.454125 -0.890938 0
    outer loop
      vertex 41.6915 -8.44697 0
      vertex 41.85 -8.52776 3
      vertex 41.6915 -8.44697 3
    endloop
  endfacet
  facet normal -0.454125 -0.890938 -0
    outer loop
      vertex 41.85 -8.52776 3
      vertex 41.6915 -8.44697 0
      vertex 41.85 -8.52776 0
    endloop
  endfacet
  facet normal 0.156193 0.987726 -0
    outer loop
      vertex 40.8223 -11.6907 0
      vertex 40.6465 -11.6629 3
      vertex 40.8223 -11.6907 3
    endloop
  endfacet
  facet normal 0.156193 0.987726 0
    outer loop
      vertex 40.6465 -11.6629 3
      vertex 40.8223 -11.6907 0
      vertex 40.6465 -11.6629 0
    endloop
  endfacet
  facet normal -0.777083 -0.629399 0
    outer loop
      vertex 42.3753 -9.00076 0
      vertex 42.2633 -8.86248 3
      vertex 42.2633 -8.86248 0
    endloop
  endfacet
  facet normal -0.777083 -0.629399 0
    outer loop
      vertex 42.2633 -8.86248 3
      vertex 42.3753 -9.00076 0
      vertex 42.3753 -9.00076 3
    endloop
  endfacet
  facet normal 0.998633 -0.0522639 0
    outer loop
      vertex 39.3 -10 3
      vertex 39.3093 -9.8223 0
      vertex 39.3093 -9.8223 3
    endloop
  endfacet
  facet normal 0.998633 -0.0522639 0
    outer loop
      vertex 39.3093 -9.8223 0
      vertex 39.3 -10 3
      vertex 39.3 -10 0
    endloop
  endfacet
  facet normal 0.933577 0.358377 0
    outer loop
      vertex 39.447 -10.6915 3
      vertex 39.3832 -10.5253 0
      vertex 39.3832 -10.5253 3
    endloop
  endfacet
  facet normal 0.933577 0.358377 0
    outer loop
      vertex 39.3832 -10.5253 0
      vertex 39.447 -10.6915 3
      vertex 39.447 -10.6915 0
    endloop
  endfacet
  facet normal -0.544712 -0.838623 0
    outer loop
      vertex 41.85 -8.52776 0
      vertex 41.9992 -8.62467 3
      vertex 41.85 -8.52776 3
    endloop
  endfacet
  facet normal -0.544712 -0.838623 -0
    outer loop
      vertex 41.9992 -8.62467 3
      vertex 41.85 -8.52776 0
      vertex 41.9992 -8.62467 0
    endloop
  endfacet
  facet normal 0.629276 -0.777182 0
    outer loop
      vertex 39.8625 -8.73665 0
      vertex 40.0008 -8.62467 3
      vertex 39.8625 -8.73665 3
    endloop
  endfacet
  facet normal 0.629276 -0.777182 0
    outer loop
      vertex 40.0008 -8.62467 3
      vertex 39.8625 -8.73665 0
      vertex 40.0008 -8.62467 0
    endloop
  endfacet
  facet normal -0.629344 0.777127 0
    outer loop
      vertex 42.1375 -11.2633 0
      vertex 41.9992 -11.3753 3
      vertex 42.1375 -11.2633 3
    endloop
  endfacet
  facet normal -0.629344 0.777127 0
    outer loop
      vertex 41.9992 -11.3753 3
      vertex 42.1375 -11.2633 0
      vertex 41.9992 -11.3753 0
    endloop
  endfacet
  facet normal -0.258905 -0.965903 0
    outer loop
      vertex 41.3535 -8.33715 0
      vertex 41.5253 -8.3832 3
      vertex 41.3535 -8.33715 3
    endloop
  endfacet
  facet normal -0.258905 -0.965903 -0
    outer loop
      vertex 41.5253 -8.3832 3
      vertex 41.3535 -8.33715 0
      vertex 41.5253 -8.3832 0
    endloop
  endfacet
  facet normal -0.933519 -0.358527 0
    outer loop
      vertex 42.6168 -9.47467 0
      vertex 42.553 -9.30855 3
      vertex 42.553 -9.30855 0
    endloop
  endfacet
  facet normal -0.933519 -0.358527 0
    outer loop
      vertex 42.553 -9.30855 3
      vertex 42.6168 -9.47467 0
      vertex 42.6168 -9.47467 3
    endloop
  endfacet
  facet normal -0.156193 0.987726 0
    outer loop
      vertex 41.3535 -11.6629 0
      vertex 41.1777 -11.6907 3
      vertex 41.3535 -11.6629 3
    endloop
  endfacet
  facet normal -0.156193 0.987726 0
    outer loop
      vertex 41.1777 -11.6907 3
      vertex 41.3535 -11.6629 0
      vertex 41.1777 -11.6907 0
    endloop
  endfacet
  facet normal -0.0523199 -0.99863 0
    outer loop
      vertex 41 -8.3 0
      vertex 41.1777 -8.30931 3
      vertex 41 -8.3 3
    endloop
  endfacet
  facet normal -0.0523199 -0.99863 -0
    outer loop
      vertex 41.1777 -8.30931 3
      vertex 41 -8.3 0
      vertex 41.1777 -8.30931 0
    endloop
  endfacet
  facet normal 0.890915 0.45417 0
    outer loop
      vertex 39.5278 -10.85 3
      vertex 39.447 -10.6915 0
      vertex 39.447 -10.6915 3
    endloop
  endfacet
  facet normal 0.890915 0.45417 0
    outer loop
      vertex 39.447 -10.6915 0
      vertex 39.5278 -10.85 3
      vertex 39.5278 -10.85 0
    endloop
  endfacet
  facet normal 0.156413 -0.987692 0
    outer loop
      vertex 40.6465 -8.33715 0
      vertex 40.8223 -8.30931 3
      vertex 40.6465 -8.33715 3
    endloop
  endfacet
  facet normal 0.156413 -0.987692 0
    outer loop
      vertex 40.8223 -8.30931 3
      vertex 40.6465 -8.33715 0
      vertex 40.8223 -8.30931 0
    endloop
  endfacet
  facet normal 0.777083 -0.629399 0
    outer loop
      vertex 39.6247 -9.00076 3
      vertex 39.7367 -8.86248 0
      vertex 39.7367 -8.86248 3
    endloop
  endfacet
  facet normal 0.777083 -0.629399 0
    outer loop
      vertex 39.7367 -8.86248 0
      vertex 39.6247 -9.00076 3
      vertex 39.6247 -9.00076 0
    endloop
  endfacet
  facet normal 0.707107 0.707107 0
    outer loop
      vertex 39.8625 -11.2633 3
      vertex 39.7367 -11.1375 0
      vertex 39.7367 -11.1375 3
    endloop
  endfacet
  facet normal 0.707107 0.707107 0
    outer loop
      vertex 39.7367 -11.1375 0
      vertex 39.8625 -11.2633 3
      vertex 39.8625 -11.2633 0
    endloop
  endfacet
  facet normal -0.933577 0.358377 0
    outer loop
      vertex 42.553 -10.6915 0
      vertex 42.6168 -10.5253 3
      vertex 42.6168 -10.5253 0
    endloop
  endfacet
  facet normal -0.933577 0.358377 0
    outer loop
      vertex 42.6168 -10.5253 3
      vertex 42.553 -10.6915 0
      vertex 42.553 -10.6915 3
    endloop
  endfacet
  facet normal -0.358377 0.933577 0
    outer loop
      vertex 41.6915 -11.553 0
      vertex 41.5253 -11.6168 3
      vertex 41.6915 -11.553 3
    endloop
  endfacet
  facet normal -0.358377 0.933577 0
    outer loop
      vertex 41.5253 -11.6168 3
      vertex 41.6915 -11.553 0
      vertex 41.5253 -11.6168 0
    endloop
  endfacet
  facet normal 0.838716 -0.54457 0
    outer loop
      vertex 39.5278 -9.15 3
      vertex 39.6247 -9.00076 0
      vertex 39.6247 -9.00076 3
    endloop
  endfacet
  facet normal 0.838716 -0.54457 0
    outer loop
      vertex 39.6247 -9.00076 0
      vertex 39.5278 -9.15 3
      vertex 39.5278 -9.15 0
    endloop
  endfacet
  facet normal 0.0522639 0.998633 -0
    outer loop
      vertex 41 -11.7 0
      vertex 40.8223 -11.6907 3
      vertex 41 -11.7 3
    endloop
  endfacet
  facet normal 0.0522639 0.998633 0
    outer loop
      vertex 40.8223 -11.6907 3
      vertex 41 -11.7 0
      vertex 40.8223 -11.6907 0
    endloop
  endfacet
  facet normal 0.0523199 -0.99863 0
    outer loop
      vertex 40.8223 -8.30931 0
      vertex 41 -8.3 3
      vertex 40.8223 -8.30931 3
    endloop
  endfacet
  facet normal 0.0523199 -0.99863 0
    outer loop
      vertex 41 -8.3 3
      vertex 40.8223 -8.30931 0
      vertex 41 -8.3 0
    endloop
  endfacet
  facet normal -0.838716 -0.54457 0
    outer loop
      vertex 42.4722 -9.15 0
      vertex 42.3753 -9.00076 3
      vertex 42.3753 -9.00076 0
    endloop
  endfacet
  facet normal -0.838716 -0.54457 0
    outer loop
      vertex 42.3753 -9.00076 3
      vertex 42.4722 -9.15 0
      vertex 42.4722 -9.15 3
    endloop
  endfacet
  facet normal -0.966011 0.258502 0
    outer loop
      vertex 42.6168 -10.5253 0
      vertex 42.6628 -10.3534 3
      vertex 42.6628 -10.3534 0
    endloop
  endfacet
  facet normal -0.966011 0.258502 0
    outer loop
      vertex 42.6628 -10.3534 3
      vertex 42.6168 -10.5253 0
      vertex 42.6168 -10.5253 3
    endloop
  endfacet
  facet normal 0.838649 0.544672 0
    outer loop
      vertex 39.6247 -10.9992 3
      vertex 39.5278 -10.85 0
      vertex 39.5278 -10.85 3
    endloop
  endfacet
  facet normal 0.838649 0.544672 0
    outer loop
      vertex 39.5278 -10.85 0
      vertex 39.6247 -10.9992 3
      vertex 39.6247 -10.9992 0
    endloop
  endfacet
  facet normal -0.890973 -0.454056 0
    outer loop
      vertex 42.553 -9.30855 0
      vertex 42.4722 -9.15 3
      vertex 42.4722 -9.15 0
    endloop
  endfacet
  facet normal -0.890973 -0.454056 0
    outer loop
      vertex 42.4722 -9.15 3
      vertex 42.553 -9.30855 0
      vertex 42.553 -9.30855 3
    endloop
  endfacet
  facet normal 0.258905 -0.965903 0
    outer loop
      vertex 40.4747 -8.3832 0
      vertex 40.6465 -8.33715 3
      vertex 40.4747 -8.3832 3
    endloop
  endfacet
  facet normal 0.258905 -0.965903 0
    outer loop
      vertex 40.6465 -8.33715 3
      vertex 40.4747 -8.3832 0
      vertex 40.6465 -8.33715 0
    endloop
  endfacet
  facet normal 0.35823 -0.933633 0
    outer loop
      vertex 40.3085 -8.44697 0
      vertex 40.4747 -8.3832 3
      vertex 40.3085 -8.44697 3
    endloop
  endfacet
  facet normal 0.35823 -0.933633 0
    outer loop
      vertex 40.4747 -8.3832 3
      vertex 40.3085 -8.44697 0
      vertex 40.4747 -8.3832 0
    endloop
  endfacet
  facet normal 0.777127 0.629344 0
    outer loop
      vertex 39.7367 -11.1375 3
      vertex 39.6247 -10.9992 0
      vertex 39.6247 -10.9992 3
    endloop
  endfacet
  facet normal 0.777127 0.629344 0
    outer loop
      vertex 39.6247 -10.9992 0
      vertex 39.7367 -11.1375 3
      vertex 39.7367 -11.1375 0
    endloop
  endfacet
  facet normal 0.998633 0.0522639 0
    outer loop
      vertex 39.3093 -10.1777 3
      vertex 39.3 -10 0
      vertex 39.3 -10 3
    endloop
  endfacet
  facet normal 0.998633 0.0522639 0
    outer loop
      vertex 39.3 -10 0
      vertex 39.3093 -10.1777 3
      vertex 39.3093 -10.1777 0
    endloop
  endfacet
  facet normal -0.0522639 0.998633 0
    outer loop
      vertex 41.1777 -11.6907 0
      vertex 41 -11.7 3
      vertex 41.1777 -11.6907 3
    endloop
  endfacet
  facet normal -0.0522639 0.998633 0
    outer loop
      vertex 41 -11.7 3
      vertex 41.1777 -11.6907 0
      vertex 41 -11.7 0
    endloop
  endfacet
  facet normal 0.966011 0.258502 0
    outer loop
      vertex 39.3832 -10.5253 3
      vertex 39.3372 -10.3534 0
      vertex 39.3372 -10.3534 3
    endloop
  endfacet
  facet normal 0.966011 0.258502 0
    outer loop
      vertex 39.3372 -10.3534 0
      vertex 39.3832 -10.5253 3
      vertex 39.3832 -10.5253 0
    endloop
  endfacet
  facet normal 0.544672 0.838649 -0
    outer loop
      vertex 40.15 -11.4722 0
      vertex 40.0008 -11.3753 3
      vertex 40.15 -11.4722 3
    endloop
  endfacet
  facet normal 0.544672 0.838649 0
    outer loop
      vertex 40.0008 -11.3753 3
      vertex 40.15 -11.4722 0
      vertex 40.0008 -11.3753 0
    endloop
  endfacet
  facet normal 0.707191 -0.707022 0
    outer loop
      vertex 39.7367 -8.86248 3
      vertex 39.8625 -8.73665 0
      vertex 39.8625 -8.73665 3
    endloop
  endfacet
  facet normal 0.707191 -0.707022 0
    outer loop
      vertex 39.8625 -8.73665 0
      vertex 39.7367 -8.86248 3
      vertex 39.7367 -8.86248 0
    endloop
  endfacet
  facet normal 0.45417 0.890915 -0
    outer loop
      vertex 40.3085 -11.553 0
      vertex 40.15 -11.4722 3
      vertex 40.3085 -11.553 3
    endloop
  endfacet
  facet normal 0.45417 0.890915 0
    outer loop
      vertex 40.15 -11.4722 3
      vertex 40.3085 -11.553 0
      vertex 40.15 -11.4722 0
    endloop
  endfacet
  facet normal 0.987626 0.156828 0
    outer loop
      vertex 39.3372 -10.3534 3
      vertex 39.3093 -10.1777 0
      vertex 39.3093 -10.1777 3
    endloop
  endfacet
  facet normal 0.987626 0.156828 0
    outer loop
      vertex 39.3093 -10.1777 0
      vertex 39.3372 -10.3534 3
      vertex 39.3372 -10.3534 0
    endloop
  endfacet
  facet normal 0.933519 -0.358527 0
    outer loop
      vertex 39.3832 -9.47467 3
      vertex 39.447 -9.30855 0
      vertex 39.447 -9.30855 3
    endloop
  endfacet
  facet normal 0.933519 -0.358527 0
    outer loop
      vertex 39.447 -9.30855 0
      vertex 39.3832 -9.47467 3
      vertex 39.3832 -9.47467 0
    endloop
  endfacet
  facet normal -0.707191 -0.707022 0
    outer loop
      vertex 42.2633 -8.86248 0
      vertex 42.1375 -8.73665 3
      vertex 42.1375 -8.73665 0
    endloop
  endfacet
  facet normal -0.707191 -0.707022 0
    outer loop
      vertex 42.1375 -8.73665 3
      vertex 42.2633 -8.86248 0
      vertex 42.2633 -8.86248 3
    endloop
  endfacet
  facet normal -0.838649 0.544672 0
    outer loop
      vertex 42.3753 -10.9992 0
      vertex 42.4722 -10.85 3
      vertex 42.4722 -10.85 0
    endloop
  endfacet
  facet normal -0.838649 0.544672 0
    outer loop
      vertex 42.4722 -10.85 3
      vertex 42.3753 -10.9992 0
      vertex 42.3753 -10.9992 3
    endloop
  endfacet
  facet normal -0.156413 -0.987692 0
    outer loop
      vertex 41.1777 -8.30931 0
      vertex 41.3535 -8.33715 3
      vertex 41.1777 -8.30931 3
    endloop
  endfacet
  facet normal -0.156413 -0.987692 -0
    outer loop
      vertex 41.3535 -8.33715 3
      vertex 41.1777 -8.30931 0
      vertex 41.3535 -8.33715 0
    endloop
  endfacet
  facet normal 0.987633 -0.156785 0
    outer loop
      vertex 39.3093 -9.8223 3
      vertex 39.3372 -9.64655 0
      vertex 39.3372 -9.64655 3
    endloop
  endfacet
  facet normal 0.987633 -0.156785 0
    outer loop
      vertex 39.3372 -9.64655 0
      vertex 39.3093 -9.8223 3
      vertex 39.3093 -9.8223 0
    endloop
  endfacet
  facet normal 0.454125 -0.890938 0
    outer loop
      vertex 40.15 -8.52776 0
      vertex 40.3085 -8.44697 3
      vertex 40.15 -8.52776 3
    endloop
  endfacet
  facet normal 0.454125 -0.890938 0
    outer loop
      vertex 40.3085 -8.44697 3
      vertex 40.15 -8.52776 0
      vertex 40.3085 -8.44697 0
    endloop
  endfacet
  facet normal -0.544672 0.838649 0
    outer loop
      vertex 41.9992 -11.3753 0
      vertex 41.85 -11.4722 3
      vertex 41.9992 -11.3753 3
    endloop
  endfacet
  facet normal -0.544672 0.838649 0
    outer loop
      vertex 41.85 -11.4722 3
      vertex 41.9992 -11.3753 0
      vertex 41.85 -11.4722 0
    endloop
  endfacet
  facet normal -0.45417 0.890915 0
    outer loop
      vertex 41.85 -11.4722 0
      vertex 41.6915 -11.553 3
      vertex 41.85 -11.4722 3
    endloop
  endfacet
  facet normal -0.45417 0.890915 0
    outer loop
      vertex 41.6915 -11.553 3
      vertex 41.85 -11.4722 0
      vertex 41.6915 -11.553 0
    endloop
  endfacet
  facet normal -0.890915 0.45417 0
    outer loop
      vertex 42.4722 -10.85 0
      vertex 42.553 -10.6915 3
      vertex 42.553 -10.6915 0
    endloop
  endfacet
  facet normal -0.890915 0.45417 0
    outer loop
      vertex 42.553 -10.6915 3
      vertex 42.4722 -10.85 0
      vertex 42.4722 -10.85 3
    endloop
  endfacet
  facet normal 0.966003 -0.25853 0
    outer loop
      vertex 39.3372 -9.64655 3
      vertex 39.3832 -9.47467 0
      vertex 39.3832 -9.47467 3
    endloop
  endfacet
  facet normal 0.966003 -0.25853 0
    outer loop
      vertex 39.3832 -9.47467 0
      vertex 39.3372 -9.64655 3
      vertex 39.3372 -9.64655 0
    endloop
  endfacet
  facet normal 0.890973 -0.454056 0
    outer loop
      vertex 39.447 -9.30855 3
      vertex 39.5278 -9.15 0
      vertex 39.5278 -9.15 3
    endloop
  endfacet
  facet normal 0.890973 -0.454056 0
    outer loop
      vertex 39.5278 -9.15 0
      vertex 39.447 -9.30855 3
      vertex 39.447 -9.30855 0
    endloop
  endfacet
  facet normal 0.629344 0.777127 -0
    outer loop
      vertex 40.0008 -11.3753 0
      vertex 39.8625 -11.2633 3
      vertex 40.0008 -11.3753 3
    endloop
  endfacet
  facet normal 0.629344 0.777127 0
    outer loop
      vertex 39.8625 -11.2633 3
      vertex 40.0008 -11.3753 0
      vertex 39.8625 -11.2633 0
    endloop
  endfacet
  facet normal 0.259167 0.965833 -0
    outer loop
      vertex 40.6465 -11.6629 0
      vertex 40.4747 -11.6168 3
      vertex 40.6465 -11.6629 3
    endloop
  endfacet
  facet normal 0.259167 0.965833 0
    outer loop
      vertex 40.4747 -11.6168 3
      vertex 40.6465 -11.6629 0
      vertex 40.4747 -11.6168 0
    endloop
  endfacet
  facet normal 0.987687 -0.156441 0
    outer loop
      vertex 73.9126 -0.831646 3
      vertex 73.9781 -0.418114 0
      vertex 73.9781 -0.418114 3
    endloop
  endfacet
  facet normal 0.987687 -0.156441 0
    outer loop
      vertex 73.9781 -0.418114 0
      vertex 73.9126 -0.831646 3
      vertex 73.9126 -0.831646 0
    endloop
  endfacet
  facet normal 0.987687 0.156441 0
    outer loop
      vertex 73.9781 0.418114 3
      vertex 73.9126 0.831646 0
      vertex 73.9126 0.831646 3
    endloop
  endfacet
  facet normal 0.987687 0.156441 0
    outer loop
      vertex 73.9126 0.831646 0
      vertex 73.9781 0.418114 3
      vertex 73.9781 0.418114 0
    endloop
  endfacet
  facet normal 0.998631 0.0523064 0
    outer loop
      vertex 74 0 3
      vertex 73.9781 0.418114 0
      vertex 73.9781 0.418114 3
    endloop
  endfacet
  facet normal 0.998631 0.0523064 0
    outer loop
      vertex 73.9781 0.418114 0
      vertex 74 0 3
      vertex 74 0 0
    endloop
  endfacet
  facet normal 0.965905 0.258897 0
    outer loop
      vertex 73.9126 0.831646 3
      vertex 73.8042 1.23607 0
      vertex 73.8042 1.23607 3
    endloop
  endfacet
  facet normal 0.965905 0.258897 0
    outer loop
      vertex 73.8042 1.23607 0
      vertex 73.9126 0.831646 3
      vertex 73.9126 0.831646 0
    endloop
  endfacet
  facet normal -0.544678 0.838645 0
    outer loop
      vertex 68 3.4641 0
      vertex 67.6489 3.23607 3
      vertex 68 3.4641 3
    endloop
  endfacet
  facet normal -0.544678 0.838645 0
    outer loop
      vertex 67.6489 3.23607 3
      vertex 68 3.4641 0
      vertex 67.6489 3.23607 0
    endloop
  endfacet
  facet normal -0.707059 0.707155 0
    outer loop
      vertex 67.3235 2.97258 0
      vertex 67.0274 2.67652 3
      vertex 67.3235 2.97258 3
    endloop
  endfacet
  facet normal -0.707059 0.707155 0
    outer loop
      vertex 67.0274 2.67652 3
      vertex 67.3235 2.97258 0
      vertex 67.0274 2.67652 0
    endloop
  endfacet
  facet normal -0.965905 -0.258897 0
    outer loop
      vertex 66.1958 -1.23607 0
      vertex 66.0874 -0.831646 3
      vertex 66.0874 -0.831646 0
    endloop
  endfacet
  facet normal -0.965905 -0.258897 0
    outer loop
      vertex 66.0874 -0.831646 3
      vertex 66.1958 -1.23607 0
      vertex 66.1958 -1.23607 3
    endloop
  endfacet
  facet normal -0.453945 -0.89103 0
    outer loop
      vertex 68 -3.4641 0
      vertex 68.3731 -3.65418 3
      vertex 68 -3.4641 3
    endloop
  endfacet
  facet normal -0.453945 -0.89103 -0
    outer loop
      vertex 68.3731 -3.65418 3
      vertex 68 -3.4641 0
      vertex 68.3731 -3.65418 0
    endloop
  endfacet
  facet normal 0.933616 0.358275 0
    outer loop
      vertex 73.8042 1.23607 3
      vertex 73.6542 1.62695 0
      vertex 73.6542 1.62695 3
    endloop
  endfacet
  facet normal 0.933616 0.358275 0
    outer loop
      vertex 73.6542 1.62695 0
      vertex 73.8042 1.23607 3
      vertex 73.8042 1.23607 0
    endloop
  endfacet
  facet normal 0.258762 -0.965941 0
    outer loop
      vertex 70.8316 -3.91259 0
      vertex 71.2361 -3.80423 3
      vertex 70.8316 -3.91259 3
    endloop
  endfacet
  facet normal 0.258762 -0.965941 0
    outer loop
      vertex 71.2361 -3.80423 3
      vertex 70.8316 -3.91259 0
      vertex 71.2361 -3.80423 0
    endloop
  endfacet
  facet normal -0.629301 -0.777162 0
    outer loop
      vertex 67.3235 -2.97258 0
      vertex 67.6489 -3.23607 3
      vertex 67.3235 -2.97258 3
    endloop
  endfacet
  facet normal -0.629301 -0.777162 -0
    outer loop
      vertex 67.6489 -3.23607 3
      vertex 67.3235 -2.97258 0
      vertex 67.6489 -3.23607 0
    endloop
  endfacet
  facet normal -0.707059 -0.707155 0
    outer loop
      vertex 67.0274 -2.67652 0
      vertex 67.3235 -2.97258 3
      vertex 67.0274 -2.67652 3
    endloop
  endfacet
  facet normal -0.707059 -0.707155 -0
    outer loop
      vertex 67.3235 -2.97258 3
      vertex 67.0274 -2.67652 0
      vertex 67.3235 -2.97258 0
    endloop
  endfacet
  facet normal 0.777131 -0.629338 0
    outer loop
      vertex 72.9726 -2.67652 3
      vertex 73.2361 -2.35114 0
      vertex 73.2361 -2.35114 3
    endloop
  endfacet
  facet normal 0.777131 -0.629338 0
    outer loop
      vertex 73.2361 -2.35114 0
      vertex 72.9726 -2.67652 3
      vertex 72.9726 -2.67652 0
    endloop
  endfacet
  facet normal 0.998631 -0.0523064 0
    outer loop
      vertex 73.9781 -0.418114 3
      vertex 74 0 0
      vertex 74 0 3
    endloop
  endfacet
  facet normal 0.998631 -0.0523064 0
    outer loop
      vertex 74 0 0
      vertex 73.9781 -0.418114 3
      vertex 73.9781 -0.418114 0
    endloop
  endfacet
  facet normal 0.453945 0.89103 -0
    outer loop
      vertex 72 3.4641 0
      vertex 71.6269 3.65418 3
      vertex 72 3.4641 3
    endloop
  endfacet
  facet normal 0.453945 0.89103 0
    outer loop
      vertex 71.6269 3.65418 3
      vertex 72 3.4641 0
      vertex 71.6269 3.65418 0
    endloop
  endfacet
  facet normal -0.544678 -0.838645 0
    outer loop
      vertex 67.6489 -3.23607 0
      vertex 68 -3.4641 3
      vertex 67.6489 -3.23607 3
    endloop
  endfacet
  facet normal -0.544678 -0.838645 -0
    outer loop
      vertex 68 -3.4641 3
      vertex 67.6489 -3.23607 0
      vertex 68 -3.4641 0
    endloop
  endfacet
  facet normal 0.933616 -0.358275 0
    outer loop
      vertex 73.6542 -1.62695 3
      vertex 73.8042 -1.23607 0
      vertex 73.8042 -1.23607 3
    endloop
  endfacet
  facet normal 0.933616 -0.358275 0
    outer loop
      vertex 73.8042 -1.23607 0
      vertex 73.6542 -1.62695 3
      vertex 73.6542 -1.62695 0
    endloop
  endfacet
  facet normal 0.156453 0.987685 -0
    outer loop
      vertex 70.8316 3.91259 0
      vertex 70.4181 3.97809 3
      vertex 70.8316 3.91259 3
    endloop
  endfacet
  facet normal 0.156453 0.987685 0
    outer loop
      vertex 70.4181 3.97809 3
      vertex 70.8316 3.91259 0
      vertex 70.4181 3.97809 0
    endloop
  endfacet
  facet normal 0 0 -1
    outer loop
      vertex 71.7 0 0
      vertex 74 0 0
      vertex 73.9781 -0.418114 0
    endloop
  endfacet
  facet normal 0 0 -1
    outer loop
      vertex 71.6907 -0.177698 0
      vertex 73.9781 -0.418114 0
      vertex 73.9126 -0.831646 0
    endloop
  endfacet
  facet normal 0 0 -1
    outer loop
      vertex 74 0 0
      vertex 71.7 0 0
      vertex 73.9781 0.418114 0
    endloop
  endfacet
  facet normal 0 0 -1
    outer loop
      vertex 71.6628 -0.35345 0
      vertex 73.9126 -0.831646 0
      vertex 73.8042 -1.23607 0
    endloop
  endfacet
  facet normal 0 0 -1
    outer loop
      vertex 71.6907 0.177698 0
      vertex 73.9781 0.418114 0
      vertex 71.7 0 0
    endloop
  endfacet
  facet normal 0 0 -1
    outer loop
      vertex 71.6168 -0.525329 0
      vertex 73.8042 -1.23607 0
      vertex 73.6542 -1.62695 0
    endloop
  endfacet
  facet normal -0 0 -1
    outer loop
      vertex 73.9781 0.418114 0
      vertex 71.6907 0.177698 0
      vertex 73.9126 0.831646 0
    endloop
  endfacet
  facet normal 0 0 -1
    outer loop
      vertex 71.553 -0.691452 0
      vertex 73.6542 -1.62695 0
      vertex 73.4641 -2 0
    endloop
  endfacet
  facet normal 0 0 -1
    outer loop
      vertex 71.6628 0.35345 0
      vertex 73.9126 0.831646 0
      vertex 71.6907 0.177698 0
    endloop
  endfacet
  facet normal 0 0 -1
    outer loop
      vertex 71.4722 -0.849999 0
      vertex 73.4641 -2 0
      vertex 73.2361 -2.35114 0
    endloop
  endfacet
  facet normal -0 0 -1
    outer loop
      vertex 73.9126 0.831646 0
      vertex 71.6628 0.35345 0
      vertex 73.8042 1.23607 0
    endloop
  endfacet
  facet normal 0 0 -1
    outer loop
      vertex 71.3753 -0.999234 0
      vertex 73.2361 -2.35114 0
      vertex 72.9726 -2.67652 0
    endloop
  endfacet
  facet normal 0 0 -1
    outer loop
      vertex 71.6168 0.525329 0
      vertex 73.8042 1.23607 0
      vertex 71.6628 0.35345 0
    endloop
  endfacet
  facet normal 0 0 -1
    outer loop
      vertex 71.2633 -1.13752 0
      vertex 72.9726 -2.67652 0
      vertex 72.6765 -2.97258 0
    endloop
  endfacet
  facet normal -0 0 -1
    outer loop
      vertex 73.8042 1.23607 0
      vertex 71.6168 0.525329 0
      vertex 73.6542 1.62695 0
    endloop
  endfacet
  facet normal 0 0 -1
    outer loop
      vertex 71.1375 -1.26335 0
      vertex 72.6765 -2.97258 0
      vertex 72.3511 -3.23607 0
    endloop
  endfacet
  facet normal 0 0 -1
    outer loop
      vertex 71.553 0.691452 0
      vertex 73.6542 1.62695 0
      vertex 71.6168 0.525329 0
    endloop
  endfacet
  facet normal 0 0 -1
    outer loop
      vertex 70.9992 -1.37533 0
      vertex 72.3511 -3.23607 0
      vertex 72 -3.4641 0
    endloop
  endfacet
  facet normal -0 0 -1
    outer loop
      vertex 73.6542 1.62695 0
      vertex 71.553 0.691452 0
      vertex 73.4641 2 0
    endloop
  endfacet
  facet normal 0 0 -1
    outer loop
      vertex 71.4722 0.849999 0
      vertex 73.4641 2 0
      vertex 71.553 0.691452 0
    endloop
  endfacet
  facet normal 0 0 -1
    outer loop
      vertex 73.9781 -0.418114 0
      vertex 71.6907 -0.177698 0
      vertex 71.7 0 0
    endloop
  endfacet
  facet normal 0 0 -1
    outer loop
      vertex 73.9126 -0.831646 0
      vertex 71.6628 -0.35345 0
      vertex 71.6907 -0.177698 0
    endloop
  endfacet
  facet normal 0 0 -1
    outer loop
      vertex 70.85 -1.47224 0
      vertex 72 -3.4641 0
      vertex 71.6269 -3.65418 0
    endloop
  endfacet
  facet normal 0 0 -1
    outer loop
      vertex 73.8042 -1.23607 0
      vertex 71.6168 -0.525329 0
      vertex 71.6628 -0.35345 0
    endloop
  endfacet
  facet normal 0 0 -1
    outer loop
      vertex 73.6542 -1.62695 0
      vertex 71.553 -0.691452 0
      vertex 71.6168 -0.525329 0
    endloop
  endfacet
  facet normal 0 0 -1
    outer loop
      vertex 73.4641 -2 0
      vertex 71.4722 -0.849999 0
      vertex 71.553 -0.691452 0
    endloop
  endfacet
  facet normal 0 0 -1
    outer loop
      vertex 73.2361 -2.35114 0
      vertex 71.3753 -0.999234 0
      vertex 71.4722 -0.849999 0
    endloop
  endfacet
  facet normal 0 0 -1
    outer loop
      vertex 72.9726 -2.67652 0
      vertex 71.2633 -1.13752 0
      vertex 71.3753 -0.999234 0
    endloop
  endfacet
  facet normal 0 0 -1
    outer loop
      vertex 70.6915 -1.55303 0
      vertex 71.6269 -3.65418 0
      vertex 71.2361 -3.80423 0
    endloop
  endfacet
  facet normal 0 0 -1
    outer loop
      vertex 72.6765 -2.97258 0
      vertex 71.1375 -1.26335 0
      vertex 71.2633 -1.13752 0
    endloop
  endfacet
  facet normal 0 0 -1
    outer loop
      vertex 72.3511 -3.23607 0
      vertex 70.9992 -1.37533 0
      vertex 71.1375 -1.26335 0
    endloop
  endfacet
  facet normal 0 0 -1
    outer loop
      vertex 72 -3.4641 0
      vertex 70.85 -1.47224 0
      vertex 70.9992 -1.37533 0
    endloop
  endfacet
  facet normal 0 0 -1
    outer loop
      vertex 70.5253 -1.6168 0
      vertex 71.2361 -3.80423 0
      vertex 70.8316 -3.91259 0
    endloop
  endfacet
  facet normal 0 0 -1
    outer loop
      vertex 71.6269 -3.65418 0
      vertex 70.6915 -1.55303 0
      vertex 70.85 -1.47224 0
    endloop
  endfacet
  facet normal 0 0 -1
    outer loop
      vertex 71.2361 -3.80423 0
      vertex 70.5253 -1.6168 0
      vertex 70.6915 -1.55303 0
    endloop
  endfacet
  facet normal 0 0 -1
    outer loop
      vertex 70.3534 -1.66285 0
      vertex 70.8316 -3.91259 0
      vertex 70.4181 -3.97809 0
    endloop
  endfacet
  facet normal 0 0 -1
    outer loop
      vertex 70.8316 -3.91259 0
      vertex 70.3534 -1.66285 0
      vertex 70.5253 -1.6168 0
    endloop
  endfacet
  facet normal 0 0 -1
    outer loop
      vertex 70.4181 -3.97809 0
      vertex 70.1777 -1.69069 0
      vertex 70.3534 -1.66285 0
    endloop
  endfacet
  facet normal 0 0 -1
    outer loop
      vertex 70 -4 0
      vertex 70.1777 -1.69069 0
      vertex 70.4181 -3.97809 0
    endloop
  endfacet
  facet normal 0 0 -1
    outer loop
      vertex 70 -4 0
      vertex 70 -1.7 0
      vertex 70.1777 -1.69069 0
    endloop
  endfacet
  facet normal 0 0 -1
    outer loop
      vertex 70 -4 0
      vertex 69.8223 -1.69069 0
      vertex 70 -1.7 0
    endloop
  endfacet
  facet normal 0 0 -1
    outer loop
      vertex 69.5819 -3.97809 0
      vertex 69.8223 -1.69069 0
      vertex 70 -4 0
    endloop
  endfacet
  facet normal -0 0 -1
    outer loop
      vertex 69.8223 -1.69069 0
      vertex 69.5819 -3.97809 0
      vertex 69.6466 -1.66285 0
    endloop
  endfacet
  facet normal 0 0 -1
    outer loop
      vertex 69.1684 -3.91259 0
      vertex 69.6466 -1.66285 0
      vertex 69.5819 -3.97809 0
    endloop
  endfacet
  facet normal -0 0 -1
    outer loop
      vertex 69.6466 -1.66285 0
      vertex 69.1684 -3.91259 0
      vertex 69.4747 -1.6168 0
    endloop
  endfacet
  facet normal 0 0 -1
    outer loop
      vertex 68.7639 -3.80423 0
      vertex 69.4747 -1.6168 0
      vertex 69.1684 -3.91259 0
    endloop
  endfacet
  facet normal -0 0 -1
    outer loop
      vertex 69.4747 -1.6168 0
      vertex 68.7639 -3.80423 0
      vertex 69.3085 -1.55303 0
    endloop
  endfacet
  facet normal 0 0 -1
    outer loop
      vertex 68.3731 -3.65418 0
      vertex 69.3085 -1.55303 0
      vertex 68.7639 -3.80423 0
    endloop
  endfacet
  facet normal -0 0 -1
    outer loop
      vertex 69.3085 -1.55303 0
      vertex 68.3731 -3.65418 0
      vertex 69.15 -1.47224 0
    endloop
  endfacet
  facet normal 0 0 -1
    outer loop
      vertex 68 -3.4641 0
      vertex 69.15 -1.47224 0
      vertex 68.3731 -3.65418 0
    endloop
  endfacet
  facet normal -0 0 -1
    outer loop
      vertex 69.15 -1.47224 0
      vertex 68 -3.4641 0
      vertex 69.0008 -1.37533 0
    endloop
  endfacet
  facet normal 0 0 -1
    outer loop
      vertex 67.6489 -3.23607 0
      vertex 69.0008 -1.37533 0
      vertex 68 -3.4641 0
    endloop
  endfacet
  facet normal -0 0 -1
    outer loop
      vertex 69.0008 -1.37533 0
      vertex 67.6489 -3.23607 0
      vertex 68.8625 -1.26335 0
    endloop
  endfacet
  facet normal 0 0 -1
    outer loop
      vertex 67.3235 -2.97258 0
      vertex 68.8625 -1.26335 0
      vertex 67.6489 -3.23607 0
    endloop
  endfacet
  facet normal -0 0 -1
    outer loop
      vertex 68.8625 -1.26335 0
      vertex 67.3235 -2.97258 0
      vertex 68.7367 -1.13752 0
    endloop
  endfacet
  facet normal 0 0 -1
    outer loop
      vertex 67.0274 -2.67652 0
      vertex 68.7367 -1.13752 0
      vertex 67.3235 -2.97258 0
    endloop
  endfacet
  facet normal -0 0 -1
    outer loop
      vertex 68.7367 -1.13752 0
      vertex 67.0274 -2.67652 0
      vertex 68.6247 -0.999234 0
    endloop
  endfacet
  facet normal 0 0 -1
    outer loop
      vertex 66.7639 -2.35114 0
      vertex 68.6247 -0.999234 0
      vertex 67.0274 -2.67652 0
    endloop
  endfacet
  facet normal -0 0 -1
    outer loop
      vertex 68.6247 -0.999234 0
      vertex 66.7639 -2.35114 0
      vertex 68.5278 -0.849999 0
    endloop
  endfacet
  facet normal 0 0 -1
    outer loop
      vertex 66.5359 -2 0
      vertex 68.5278 -0.849999 0
      vertex 66.7639 -2.35114 0
    endloop
  endfacet
  facet normal -0 0 -1
    outer loop
      vertex 73.4641 2 0
      vertex 71.4722 0.849999 0
      vertex 73.2361 2.35114 0
    endloop
  endfacet
  facet normal 0 0 -1
    outer loop
      vertex 71.3753 0.999234 0
      vertex 73.2361 2.35114 0
      vertex 71.4722 0.849999 0
    endloop
  endfacet
  facet normal -0 0 -1
    outer loop
      vertex 73.2361 2.35114 0
      vertex 71.3753 0.999234 0
      vertex 72.9726 2.67652 0
    endloop
  endfacet
  facet normal 0 0 -1
    outer loop
      vertex 71.2633 1.13752 0
      vertex 72.9726 2.67652 0
      vertex 71.3753 0.999234 0
    endloop
  endfacet
  facet normal -0 0 -1
    outer loop
      vertex 72.9726 2.67652 0
      vertex 71.2633 1.13752 0
      vertex 72.6765 2.97258 0
    endloop
  endfacet
  facet normal 0 0 -1
    outer loop
      vertex 71.1375 1.26335 0
      vertex 72.6765 2.97258 0
      vertex 71.2633 1.13752 0
    endloop
  endfacet
  facet normal -0 0 -1
    outer loop
      vertex 72.6765 2.97258 0
      vertex 71.1375 1.26335 0
      vertex 72.3511 3.23607 0
    endloop
  endfacet
  facet normal 0 0 -1
    outer loop
      vertex 70.9992 1.37533 0
      vertex 72.3511 3.23607 0
      vertex 71.1375 1.26335 0
    endloop
  endfacet
  facet normal -0 0 -1
    outer loop
      vertex 72.3511 3.23607 0
      vertex 70.9992 1.37533 0
      vertex 72 3.4641 0
    endloop
  endfacet
  facet normal 0 0 -1
    outer loop
      vertex 70.85 1.47224 0
      vertex 72 3.4641 0
      vertex 70.9992 1.37533 0
    endloop
  endfacet
  facet normal -0 0 -1
    outer loop
      vertex 72 3.4641 0
      vertex 70.85 1.47224 0
      vertex 71.6269 3.65418 0
    endloop
  endfacet
  facet normal 0 0 -1
    outer loop
      vertex 70.6915 1.55303 0
      vertex 71.6269 3.65418 0
      vertex 70.85 1.47224 0
    endloop
  endfacet
  facet normal -0 0 -1
    outer loop
      vertex 71.6269 3.65418 0
      vertex 70.6915 1.55303 0
      vertex 71.2361 3.80423 0
    endloop
  endfacet
  facet normal 0 0 -1
    outer loop
      vertex 70.5253 1.6168 0
      vertex 71.2361 3.80423 0
      vertex 70.6915 1.55303 0
    endloop
  endfacet
  facet normal -0 0 -1
    outer loop
      vertex 71.2361 3.80423 0
      vertex 70.5253 1.6168 0
      vertex 70.8316 3.91259 0
    endloop
  endfacet
  facet normal 0 0 -1
    outer loop
      vertex 70.3534 1.66285 0
      vertex 70.8316 3.91259 0
      vertex 70.5253 1.6168 0
    endloop
  endfacet
  facet normal -0 0 -1
    outer loop
      vertex 70.8316 3.91259 0
      vertex 70.3534 1.66285 0
      vertex 70.4181 3.97809 0
    endloop
  endfacet
  facet normal 0 0 -1
    outer loop
      vertex 70.1777 1.69069 0
      vertex 70.4181 3.97809 0
      vertex 70.3534 1.66285 0
    endloop
  endfacet
  facet normal 0 0 -1
    outer loop
      vertex 70 1.7 0
      vertex 70.4181 3.97809 0
      vertex 70.1777 1.69069 0
    endloop
  endfacet
  facet normal 0 0 -1
    outer loop
      vertex 70 1.7 0
      vertex 70 4 0
      vertex 70.4181 3.97809 0
    endloop
  endfacet
  facet normal 0 0 -1
    outer loop
      vertex 69.8223 1.69069 0
      vertex 70 4 0
      vertex 70 1.7 0
    endloop
  endfacet
  facet normal 0 0 -1
    outer loop
      vertex 69.5819 3.97809 0
      vertex 69.8223 1.69069 0
      vertex 69.6466 1.66285 0
    endloop
  endfacet
  facet normal 0 0 -1
    outer loop
      vertex 69.8223 1.69069 0
      vertex 69.5819 3.97809 0
      vertex 70 4 0
    endloop
  endfacet
  facet normal 0 0 -1
    outer loop
      vertex 69.1684 3.91259 0
      vertex 69.6466 1.66285 0
      vertex 69.4747 1.6168 0
    endloop
  endfacet
  facet normal 0 0 -1
    outer loop
      vertex 68.7639 3.80423 0
      vertex 69.4747 1.6168 0
      vertex 69.3085 1.55303 0
    endloop
  endfacet
  facet normal 0 0 -1
    outer loop
      vertex 69.6466 1.66285 0
      vertex 69.1684 3.91259 0
      vertex 69.5819 3.97809 0
    endloop
  endfacet
  facet normal 0 0 -1
    outer loop
      vertex 68.3731 3.65418 0
      vertex 69.3085 1.55303 0
      vertex 69.15 1.47224 0
    endloop
  endfacet
  facet normal 0 0 -1
    outer loop
      vertex 68 3.4641 0
      vertex 69.15 1.47224 0
      vertex 69.0008 1.37533 0
    endloop
  endfacet
  facet normal 0 0 -1
    outer loop
      vertex 67.6489 3.23607 0
      vertex 69.0008 1.37533 0
      vertex 68.8625 1.26335 0
    endloop
  endfacet
  facet normal 0 0 -1
    outer loop
      vertex 69.4747 1.6168 0
      vertex 68.7639 3.80423 0
      vertex 69.1684 3.91259 0
    endloop
  endfacet
  facet normal 0 0 -1
    outer loop
      vertex 67.3235 2.97258 0
      vertex 68.8625 1.26335 0
      vertex 68.7367 1.13752 0
    endloop
  endfacet
  facet normal 0 0 -1
    outer loop
      vertex 67.0274 2.67652 0
      vertex 68.7367 1.13752 0
      vertex 68.6247 0.999234 0
    endloop
  endfacet
  facet normal 0 0 -1
    outer loop
      vertex 66.7639 2.35114 0
      vertex 68.6247 0.999234 0
      vertex 68.5278 0.849999 0
    endloop
  endfacet
  facet normal 0 0 -1
    outer loop
      vertex 66.5359 2 0
      vertex 68.5278 0.849999 0
      vertex 68.447 0.691452 0
    endloop
  endfacet
  facet normal 0 0 -1
    outer loop
      vertex 66.3458 1.62695 0
      vertex 68.447 0.691452 0
      vertex 68.3832 0.525329 0
    endloop
  endfacet
  facet normal 0 0 -1
    outer loop
      vertex 69.3085 1.55303 0
      vertex 68.3731 3.65418 0
      vertex 68.7639 3.80423 0
    endloop
  endfacet
  facet normal 0 0 -1
    outer loop
      vertex 66.1958 1.23607 0
      vertex 68.3832 0.525329 0
      vertex 68.3372 0.35345 0
    endloop
  endfacet
  facet normal 0 0 -1
    outer loop
      vertex 66.0874 0.831646 0
      vertex 68.3372 0.35345 0
      vertex 68.3093 0.177698 0
    endloop
  endfacet
  facet normal 0 0 -1
    outer loop
      vertex 66.0219 0.418114 0
      vertex 68.3093 0.177698 0
      vertex 68.3 0 0
    endloop
  endfacet
  facet normal -0 0 -1
    outer loop
      vertex 68.5278 -0.849999 0
      vertex 66.5359 -2 0
      vertex 68.447 -0.691452 0
    endloop
  endfacet
  facet normal 0 0 -1
    outer loop
      vertex 69.15 1.47224 0
      vertex 68 3.4641 0
      vertex 68.3731 3.65418 0
    endloop
  endfacet
  facet normal 0 0 -1
    outer loop
      vertex 66.3458 -1.62695 0
      vertex 68.447 -0.691452 0
      vertex 66.5359 -2 0
    endloop
  endfacet
  facet normal 0 0 -1
    outer loop
      vertex 69.0008 1.37533 0
      vertex 67.6489 3.23607 0
      vertex 68 3.4641 0
    endloop
  endfacet
  facet normal -0 0 -1
    outer loop
      vertex 68.447 -0.691452 0
      vertex 66.3458 -1.62695 0
      vertex 68.3832 -0.525329 0
    endloop
  endfacet
  facet normal 0 0 -1
    outer loop
      vertex 68.8625 1.26335 0
      vertex 67.3235 2.97258 0
      vertex 67.6489 3.23607 0
    endloop
  endfacet
  facet normal 0 0 -1
    outer loop
      vertex 66.1958 -1.23607 0
      vertex 68.3832 -0.525329 0
      vertex 66.3458 -1.62695 0
    endloop
  endfacet
  facet normal 0 0 -1
    outer loop
      vertex 68.7367 1.13752 0
      vertex 67.0274 2.67652 0
      vertex 67.3235 2.97258 0
    endloop
  endfacet
  facet normal -0 0 -1
    outer loop
      vertex 68.3832 -0.525329 0
      vertex 66.1958 -1.23607 0
      vertex 68.3372 -0.35345 0
    endloop
  endfacet
  facet normal 0 0 -1
    outer loop
      vertex 68.6247 0.999234 0
      vertex 66.7639 2.35114 0
      vertex 67.0274 2.67652 0
    endloop
  endfacet
  facet normal 0 0 -1
    outer loop
      vertex 66.0874 -0.831646 0
      vertex 68.3372 -0.35345 0
      vertex 66.1958 -1.23607 0
    endloop
  endfacet
  facet normal 0 0 -1
    outer loop
      vertex 68.5278 0.849999 0
      vertex 66.5359 2 0
      vertex 66.7639 2.35114 0
    endloop
  endfacet
  facet normal -0 0 -1
    outer loop
      vertex 68.3372 -0.35345 0
      vertex 66.0874 -0.831646 0
      vertex 68.3093 -0.177698 0
    endloop
  endfacet
  facet normal 0 0 -1
    outer loop
      vertex 68.447 0.691452 0
      vertex 66.3458 1.62695 0
      vertex 66.5359 2 0
    endloop
  endfacet
  facet normal 0 0 -1
    outer loop
      vertex 66.0219 -0.418114 0
      vertex 68.3093 -0.177698 0
      vertex 66.0874 -0.831646 0
    endloop
  endfacet
  facet normal 0 0 -1
    outer loop
      vertex 68.3832 0.525329 0
      vertex 66.1958 1.23607 0
      vertex 66.3458 1.62695 0
    endloop
  endfacet
  facet normal -0 0 -1
    outer loop
      vertex 68.3093 -0.177698 0
      vertex 66.0219 -0.418114 0
      vertex 68.3 0 0
    endloop
  endfacet
  facet normal 0 0 -1
    outer loop
      vertex 68.3372 0.35345 0
      vertex 66.0874 0.831646 0
      vertex 66.1958 1.23607 0
    endloop
  endfacet
  facet normal 0 0 -1
    outer loop
      vertex 66 0 0
      vertex 68.3 0 0
      vertex 66.0219 -0.418114 0
    endloop
  endfacet
  facet normal 0 0 -1
    outer loop
      vertex 68.3093 0.177698 0
      vertex 66.0219 0.418114 0
      vertex 66.0874 0.831646 0
    endloop
  endfacet
  facet normal 0 0 -1
    outer loop
      vertex 68.3 0 0
      vertex 66 0 0
      vertex 66.0219 0.418114 0
    endloop
  endfacet
  facet normal 0.838707 0.544584 0
    outer loop
      vertex 73.4641 2 3
      vertex 73.2361 2.35114 0
      vertex 73.2361 2.35114 3
    endloop
  endfacet
  facet normal 0.838707 0.544584 0
    outer loop
      vertex 73.2361 2.35114 0
      vertex 73.4641 2 3
      vertex 73.4641 2 0
    endloop
  endfacet
  facet normal 0.0523319 0.99863 -0
    outer loop
      vertex 70.4181 3.97809 0
      vertex 70 4 3
      vertex 70.4181 3.97809 3
    endloop
  endfacet
  facet normal 0.0523319 0.99863 0
    outer loop
      vertex 70 4 3
      vertex 70.4181 3.97809 0
      vertex 70 4 0
    endloop
  endfacet
  facet normal 0.156453 -0.987685 0
    outer loop
      vertex 70.4181 -3.97809 0
      vertex 70.8316 -3.91259 3
      vertex 70.4181 -3.97809 3
    endloop
  endfacet
  facet normal 0.156453 -0.987685 0
    outer loop
      vertex 70.8316 -3.91259 3
      vertex 70.4181 -3.97809 0
      vertex 70.8316 -3.91259 0
    endloop
  endfacet
  facet normal 0.890986 0.454031 0
    outer loop
      vertex 73.6542 1.62695 3
      vertex 73.4641 2 0
      vertex 73.4641 2 3
    endloop
  endfacet
  facet normal 0.890986 0.454031 0
    outer loop
      vertex 73.4641 2 0
      vertex 73.6542 1.62695 3
      vertex 73.6542 1.62695 0
    endloop
  endfacet
  facet normal 0.965905 -0.258897 0
    outer loop
      vertex 73.8042 -1.23607 3
      vertex 73.9126 -0.831646 0
      vertex 73.9126 -0.831646 3
    endloop
  endfacet
  facet normal 0.965905 -0.258897 0
    outer loop
      vertex 73.9126 -0.831646 0
      vertex 73.8042 -1.23607 3
      vertex 73.8042 -1.23607 0
    endloop
  endfacet
  facet normal 0.544678 0.838645 -0
    outer loop
      vertex 72.3511 3.23607 0
      vertex 72 3.4641 3
      vertex 72.3511 3.23607 3
    endloop
  endfacet
  facet normal 0.544678 0.838645 0
    outer loop
      vertex 72 3.4641 3
      vertex 72.3511 3.23607 0
      vertex 72 3.4641 0
    endloop
  endfacet
  facet normal 0.258762 0.965941 -0
    outer loop
      vertex 71.2361 3.80423 0
      vertex 70.8316 3.91259 3
      vertex 71.2361 3.80423 3
    endloop
  endfacet
  facet normal 0.258762 0.965941 0
    outer loop
      vertex 70.8316 3.91259 3
      vertex 71.2361 3.80423 0
      vertex 70.8316 3.91259 0
    endloop
  endfacet
  facet normal 0.358443 -0.933552 0
    outer loop
      vertex 71.2361 -3.80423 0
      vertex 71.6269 -3.65418 3
      vertex 71.2361 -3.80423 3
    endloop
  endfacet
  facet normal 0.358443 -0.933552 0
    outer loop
      vertex 71.6269 -3.65418 3
      vertex 71.2361 -3.80423 0
      vertex 71.6269 -3.65418 0
    endloop
  endfacet
  facet normal -0.453945 0.89103 0
    outer loop
      vertex 68.3731 3.65418 0
      vertex 68 3.4641 3
      vertex 68.3731 3.65418 3
    endloop
  endfacet
  facet normal -0.453945 0.89103 0
    outer loop
      vertex 68 3.4641 3
      vertex 68.3731 3.65418 0
      vertex 68 3.4641 0
    endloop
  endfacet
  facet normal -0.156453 0.987685 0
    outer loop
      vertex 69.5819 3.97809 0
      vertex 69.1684 3.91259 3
      vertex 69.5819 3.97809 3
    endloop
  endfacet
  facet normal -0.156453 0.987685 0
    outer loop
      vertex 69.1684 3.91259 3
      vertex 69.5819 3.97809 0
      vertex 69.1684 3.91259 0
    endloop
  endfacet
  facet normal -0.965905 0.258897 0
    outer loop
      vertex 66.0874 0.831646 0
      vertex 66.1958 1.23607 3
      vertex 66.1958 1.23607 0
    endloop
  endfacet
  facet normal -0.965905 0.258897 0
    outer loop
      vertex 66.1958 1.23607 3
      vertex 66.0874 0.831646 0
      vertex 66.0874 0.831646 3
    endloop
  endfacet
  facet normal -0.258762 -0.965941 0
    outer loop
      vertex 68.7639 -3.80423 0
      vertex 69.1684 -3.91259 3
      vertex 68.7639 -3.80423 3
    endloop
  endfacet
  facet normal -0.258762 -0.965941 -0
    outer loop
      vertex 69.1684 -3.91259 3
      vertex 68.7639 -3.80423 0
      vertex 69.1684 -3.91259 0
    endloop
  endfacet
  facet normal 0.890986 -0.454031 0
    outer loop
      vertex 73.4641 -2 3
      vertex 73.6542 -1.62695 0
      vertex 73.6542 -1.62695 3
    endloop
  endfacet
  facet normal 0.890986 -0.454031 0
    outer loop
      vertex 73.6542 -1.62695 0
      vertex 73.4641 -2 3
      vertex 73.4641 -2 0
    endloop
  endfacet
  facet normal -0.258762 0.965941 0
    outer loop
      vertex 69.1684 3.91259 0
      vertex 68.7639 3.80423 3
      vertex 69.1684 3.91259 3
    endloop
  endfacet
  facet normal -0.258762 0.965941 0
    outer loop
      vertex 68.7639 3.80423 3
      vertex 69.1684 3.91259 0
      vertex 68.7639 3.80423 0
    endloop
  endfacet
  facet normal 0.0523319 -0.99863 0
    outer loop
      vertex 70 -4 0
      vertex 70.4181 -3.97809 3
      vertex 70 -4 3
    endloop
  endfacet
  facet normal 0.0523319 -0.99863 0
    outer loop
      vertex 70.4181 -3.97809 3
      vertex 70 -4 0
      vertex 70.4181 -3.97809 0
    endloop
  endfacet
  facet normal -0.358443 0.933552 0
    outer loop
      vertex 68.7639 3.80423 0
      vertex 68.3731 3.65418 3
      vertex 68.7639 3.80423 3
    endloop
  endfacet
  facet normal -0.358443 0.933552 0
    outer loop
      vertex 68.3731 3.65418 3
      vertex 68.7639 3.80423 0
      vertex 68.3731 3.65418 0
    endloop
  endfacet
  facet normal -0.0523319 0.99863 0
    outer loop
      vertex 70 4 0
      vertex 69.5819 3.97809 3
      vertex 70 4 3
    endloop
  endfacet
  facet normal -0.0523319 0.99863 0
    outer loop
      vertex 69.5819 3.97809 3
      vertex 70 4 0
      vertex 69.5819 3.97809 0
    endloop
  endfacet
  facet normal 0.453945 -0.89103 0
    outer loop
      vertex 71.6269 -3.65418 0
      vertex 72 -3.4641 3
      vertex 71.6269 -3.65418 3
    endloop
  endfacet
  facet normal 0.453945 -0.89103 0
    outer loop
      vertex 72 -3.4641 3
      vertex 71.6269 -3.65418 0
      vertex 72 -3.4641 0
    endloop
  endfacet
  facet normal -0.933616 0.358275 0
    outer loop
      vertex 66.1958 1.23607 0
      vertex 66.3458 1.62695 3
      vertex 66.3458 1.62695 0
    endloop
  endfacet
  facet normal -0.933616 0.358275 0
    outer loop
      vertex 66.3458 1.62695 3
      vertex 66.1958 1.23607 0
      vertex 66.1958 1.23607 3
    endloop
  endfacet
  facet normal 0.629301 0.777162 -0
    outer loop
      vertex 72.6765 2.97258 0
      vertex 72.3511 3.23607 3
      vertex 72.6765 2.97258 3
    endloop
  endfacet
  facet normal 0.629301 0.777162 0
    outer loop
      vertex 72.3511 3.23607 3
      vertex 72.6765 2.97258 0
      vertex 72.3511 3.23607 0
    endloop
  endfacet
  facet normal -0.890986 0.454031 0
    outer loop
      vertex 66.3458 1.62695 0
      vertex 66.5359 2 3
      vertex 66.5359 2 0
    endloop
  endfacet
  facet normal -0.890986 0.454031 0
    outer loop
      vertex 66.5359 2 3
      vertex 66.3458 1.62695 0
      vertex 66.3458 1.62695 3
    endloop
  endfacet
  facet normal 0.777131 0.629338 0
    outer loop
      vertex 73.2361 2.35114 3
      vertex 72.9726 2.67652 0
      vertex 72.9726 2.67652 3
    endloop
  endfacet
  facet normal 0.777131 0.629338 0
    outer loop
      vertex 72.9726 2.67652 0
      vertex 73.2361 2.35114 3
      vertex 73.2361 2.35114 0
    endloop
  endfacet
  facet normal 0.838707 -0.544584 0
    outer loop
      vertex 73.2361 -2.35114 3
      vertex 73.4641 -2 0
      vertex 73.4641 -2 3
    endloop
  endfacet
  facet normal 0.838707 -0.544584 0
    outer loop
      vertex 73.4641 -2 0
      vertex 73.2361 -2.35114 3
      vertex 73.2361 -2.35114 0
    endloop
  endfacet
  facet normal -0.998631 -0.0523064 0
    outer loop
      vertex 66.0219 -0.418114 0
      vertex 66 0 3
      vertex 66 0 0
    endloop
  endfacet
  facet normal -0.998631 -0.0523064 0
    outer loop
      vertex 66 0 3
      vertex 66.0219 -0.418114 0
      vertex 66.0219 -0.418114 3
    endloop
  endfacet
  facet normal 0 0 1
    outer loop
      vertex 71.7 0 3
      vertex 74 0 3
      vertex 73.9781 0.418114 3
    endloop
  endfacet
  facet normal 0 0 1
    outer loop
      vertex 71.6907 0.177698 3
      vertex 73.9781 0.418114 3
      vertex 73.9126 0.831646 3
    endloop
  endfacet
  facet normal 0 0 1
    outer loop
      vertex 74 0 3
      vertex 71.7 0 3
      vertex 73.9781 -0.418114 3
    endloop
  endfacet
  facet normal 0 0 1
    outer loop
      vertex 71.6628 0.35345 3
      vertex 73.9126 0.831646 3
      vertex 73.8042 1.23607 3
    endloop
  endfacet
  facet normal -0 0 1
    outer loop
      vertex 71.6907 -0.177698 3
      vertex 73.9781 -0.418114 3
      vertex 71.7 0 3
    endloop
  endfacet
  facet normal 0 0 1
    outer loop
      vertex 71.6168 0.525329 3
      vertex 73.8042 1.23607 3
      vertex 73.6542 1.62695 3
    endloop
  endfacet
  facet normal 0 0 1
    outer loop
      vertex 73.9781 -0.418114 3
      vertex 71.6907 -0.177698 3
      vertex 73.9126 -0.831646 3
    endloop
  endfacet
  facet normal 0 0 1
    outer loop
      vertex 71.553 0.691452 3
      vertex 73.6542 1.62695 3
      vertex 73.4641 2 3
    endloop
  endfacet
  facet normal -0 0 1
    outer loop
      vertex 71.6628 -0.35345 3
      vertex 73.9126 -0.831646 3
      vertex 71.6907 -0.177698 3
    endloop
  endfacet
  facet normal 0 0 1
    outer loop
      vertex 71.4722 0.849999 3
      vertex 73.4641 2 3
      vertex 73.2361 2.35114 3
    endloop
  endfacet
  facet normal 0 0 1
    outer loop
      vertex 73.9126 -0.831646 3
      vertex 71.6628 -0.35345 3
      vertex 73.8042 -1.23607 3
    endloop
  endfacet
  facet normal 0 0 1
    outer loop
      vertex 71.3753 0.999234 3
      vertex 73.2361 2.35114 3
      vertex 72.9726 2.67652 3
    endloop
  endfacet
  facet normal -0 0 1
    outer loop
      vertex 71.6168 -0.525329 3
      vertex 73.8042 -1.23607 3
      vertex 71.6628 -0.35345 3
    endloop
  endfacet
  facet normal 0 0 1
    outer loop
      vertex 71.2633 1.13752 3
      vertex 72.9726 2.67652 3
      vertex 72.6765 2.97258 3
    endloop
  endfacet
  facet normal 0 0 1
    outer loop
      vertex 73.8042 -1.23607 3
      vertex 71.6168 -0.525329 3
      vertex 73.6542 -1.62695 3
    endloop
  endfacet
  facet normal 0 0 1
    outer loop
      vertex 71.1375 1.26335 3
      vertex 72.6765 2.97258 3
      vertex 72.3511 3.23607 3
    endloop
  endfacet
  facet normal -0 0 1
    outer loop
      vertex 71.553 -0.691452 3
      vertex 73.6542 -1.62695 3
      vertex 71.6168 -0.525329 3
    endloop
  endfacet
  facet normal 0 0 1
    outer loop
      vertex 70.9992 1.37533 3
      vertex 72.3511 3.23607 3
      vertex 72 3.4641 3
    endloop
  endfacet
  facet normal 0 0 1
    outer loop
      vertex 73.6542 -1.62695 3
      vertex 71.553 -0.691452 3
      vertex 73.4641 -2 3
    endloop
  endfacet
  facet normal -0 0 1
    outer loop
      vertex 71.4722 -0.849999 3
      vertex 73.4641 -2 3
      vertex 71.553 -0.691452 3
    endloop
  endfacet
  facet normal 0 0 1
    outer loop
      vertex 73.9781 0.418114 3
      vertex 71.6907 0.177698 3
      vertex 71.7 0 3
    endloop
  endfacet
  facet normal 0 0 1
    outer loop
      vertex 73.9126 0.831646 3
      vertex 71.6628 0.35345 3
      vertex 71.6907 0.177698 3
    endloop
  endfacet
  facet normal 0 0 1
    outer loop
      vertex 70.85 1.47224 3
      vertex 72 3.4641 3
      vertex 71.6269 3.65418 3
    endloop
  endfacet
  facet normal 0 0 1
    outer loop
      vertex 73.8042 1.23607 3
      vertex 71.6168 0.525329 3
      vertex 71.6628 0.35345 3
    endloop
  endfacet
  facet normal 0 0 1
    outer loop
      vertex 73.6542 1.62695 3
      vertex 71.553 0.691452 3
      vertex 71.6168 0.525329 3
    endloop
  endfacet
  facet normal 0 0 1
    outer loop
      vertex 73.4641 2 3
      vertex 71.4722 0.849999 3
      vertex 71.553 0.691452 3
    endloop
  endfacet
  facet normal 0 0 1
    outer loop
      vertex 73.2361 2.35114 3
      vertex 71.3753 0.999234 3
      vertex 71.4722 0.849999 3
    endloop
  endfacet
  facet normal 0 0 1
    outer loop
      vertex 72.9726 2.67652 3
      vertex 71.2633 1.13752 3
      vertex 71.3753 0.999234 3
    endloop
  endfacet
  facet normal 0 0 1
    outer loop
      vertex 70.6915 1.55303 3
      vertex 71.6269 3.65418 3
      vertex 71.2361 3.80423 3
    endloop
  endfacet
  facet normal 0 0 1
    outer loop
      vertex 72.6765 2.97258 3
      vertex 71.1375 1.26335 3
      vertex 71.2633 1.13752 3
    endloop
  endfacet
  facet normal 0 0 1
    outer loop
      vertex 72.3511 3.23607 3
      vertex 70.9992 1.37533 3
      vertex 71.1375 1.26335 3
    endloop
  endfacet
  facet normal 0 0 1
    outer loop
      vertex 72 3.4641 3
      vertex 70.85 1.47224 3
      vertex 70.9992 1.37533 3
    endloop
  endfacet
  facet normal 0 0 1
    outer loop
      vertex 70.5253 1.6168 3
      vertex 71.2361 3.80423 3
      vertex 70.8316 3.91259 3
    endloop
  endfacet
  facet normal 0 0 1
    outer loop
      vertex 71.6269 3.65418 3
      vertex 70.6915 1.55303 3
      vertex 70.85 1.47224 3
    endloop
  endfacet
  facet normal 0 0 1
    outer loop
      vertex 71.2361 3.80423 3
      vertex 70.5253 1.6168 3
      vertex 70.6915 1.55303 3
    endloop
  endfacet
  facet normal 0 0 1
    outer loop
      vertex 70.3534 1.66285 3
      vertex 70.8316 3.91259 3
      vertex 70.4181 3.97809 3
    endloop
  endfacet
  facet normal 0 0 1
    outer loop
      vertex 70.8316 3.91259 3
      vertex 70.3534 1.66285 3
      vertex 70.5253 1.6168 3
    endloop
  endfacet
  facet normal 0 0 1
    outer loop
      vertex 70.4181 3.97809 3
      vertex 70.1777 1.69069 3
      vertex 70.3534 1.66285 3
    endloop
  endfacet
  facet normal 0 0 1
    outer loop
      vertex 70 4 3
      vertex 70.1777 1.69069 3
      vertex 70.4181 3.97809 3
    endloop
  endfacet
  facet normal 0 0 1
    outer loop
      vertex 70 4 3
      vertex 70 1.7 3
      vertex 70.1777 1.69069 3
    endloop
  endfacet
  facet normal 0 0 1
    outer loop
      vertex 70 4 3
      vertex 69.8223 1.69069 3
      vertex 70 1.7 3
    endloop
  endfacet
  facet normal -0 0 1
    outer loop
      vertex 69.5819 3.97809 3
      vertex 69.8223 1.69069 3
      vertex 70 4 3
    endloop
  endfacet
  facet normal 0 0 1
    outer loop
      vertex 69.8223 1.69069 3
      vertex 69.5819 3.97809 3
      vertex 69.6466 1.66285 3
    endloop
  endfacet
  facet normal -0 0 1
    outer loop
      vertex 69.1684 3.91259 3
      vertex 69.6466 1.66285 3
      vertex 69.5819 3.97809 3
    endloop
  endfacet
  facet normal 0 0 1
    outer loop
      vertex 69.6466 1.66285 3
      vertex 69.1684 3.91259 3
      vertex 69.4747 1.6168 3
    endloop
  endfacet
  facet normal -0 0 1
    outer loop
      vertex 68.7639 3.80423 3
      vertex 69.4747 1.6168 3
      vertex 69.1684 3.91259 3
    endloop
  endfacet
  facet normal 0 0 1
    outer loop
      vertex 69.4747 1.6168 3
      vertex 68.7639 3.80423 3
      vertex 69.3085 1.55303 3
    endloop
  endfacet
  facet normal -0 0 1
    outer loop
      vertex 68.3731 3.65418 3
      vertex 69.3085 1.55303 3
      vertex 68.7639 3.80423 3
    endloop
  endfacet
  facet normal 0 0 1
    outer loop
      vertex 69.3085 1.55303 3
      vertex 68.3731 3.65418 3
      vertex 69.15 1.47224 3
    endloop
  endfacet
  facet normal -0 0 1
    outer loop
      vertex 68 3.4641 3
      vertex 69.15 1.47224 3
      vertex 68.3731 3.65418 3
    endloop
  endfacet
  facet normal 0 0 1
    outer loop
      vertex 69.15 1.47224 3
      vertex 68 3.4641 3
      vertex 69.0008 1.37533 3
    endloop
  endfacet
  facet normal -0 0 1
    outer loop
      vertex 67.6489 3.23607 3
      vertex 69.0008 1.37533 3
      vertex 68 3.4641 3
    endloop
  endfacet
  facet normal 0 0 1
    outer loop
      vertex 69.0008 1.37533 3
      vertex 67.6489 3.23607 3
      vertex 68.8625 1.26335 3
    endloop
  endfacet
  facet normal -0 0 1
    outer loop
      vertex 67.3235 2.97258 3
      vertex 68.8625 1.26335 3
      vertex 67.6489 3.23607 3
    endloop
  endfacet
  facet normal 0 0 1
    outer loop
      vertex 68.8625 1.26335 3
      vertex 67.3235 2.97258 3
      vertex 68.7367 1.13752 3
    endloop
  endfacet
  facet normal -0 0 1
    outer loop
      vertex 67.0274 2.67652 3
      vertex 68.7367 1.13752 3
      vertex 67.3235 2.97258 3
    endloop
  endfacet
  facet normal 0 0 1
    outer loop
      vertex 68.7367 1.13752 3
      vertex 67.0274 2.67652 3
      vertex 68.6247 0.999234 3
    endloop
  endfacet
  facet normal -0 0 1
    outer loop
      vertex 66.7639 2.35114 3
      vertex 68.6247 0.999234 3
      vertex 67.0274 2.67652 3
    endloop
  endfacet
  facet normal 0 0 1
    outer loop
      vertex 68.6247 0.999234 3
      vertex 66.7639 2.35114 3
      vertex 68.5278 0.849999 3
    endloop
  endfacet
  facet normal -0 0 1
    outer loop
      vertex 66.5359 2 3
      vertex 68.5278 0.849999 3
      vertex 66.7639 2.35114 3
    endloop
  endfacet
  facet normal 0 0 1
    outer loop
      vertex 73.4641 -2 3
      vertex 71.4722 -0.849999 3
      vertex 73.2361 -2.35114 3
    endloop
  endfacet
  facet normal -0 0 1
    outer loop
      vertex 71.3753 -0.999234 3
      vertex 73.2361 -2.35114 3
      vertex 71.4722 -0.849999 3
    endloop
  endfacet
  facet normal 0 0 1
    outer loop
      vertex 73.2361 -2.35114 3
      vertex 71.3753 -0.999234 3
      vertex 72.9726 -2.67652 3
    endloop
  endfacet
  facet normal -0 0 1
    outer loop
      vertex 71.2633 -1.13752 3
      vertex 72.9726 -2.67652 3
      vertex 71.3753 -0.999234 3
    endloop
  endfacet
  facet normal 0 0 1
    outer loop
      vertex 72.9726 -2.67652 3
      vertex 71.2633 -1.13752 3
      vertex 72.6765 -2.97258 3
    endloop
  endfacet
  facet normal -0 0 1
    outer loop
      vertex 71.1375 -1.26335 3
      vertex 72.6765 -2.97258 3
      vertex 71.2633 -1.13752 3
    endloop
  endfacet
  facet normal 0 0 1
    outer loop
      vertex 72.6765 -2.97258 3
      vertex 71.1375 -1.26335 3
      vertex 72.3511 -3.23607 3
    endloop
  endfacet
  facet normal -0 0 1
    outer loop
      vertex 70.9992 -1.37533 3
      vertex 72.3511 -3.23607 3
      vertex 71.1375 -1.26335 3
    endloop
  endfacet
  facet normal 0 0 1
    outer loop
      vertex 72.3511 -3.23607 3
      vertex 70.9992 -1.37533 3
      vertex 72 -3.4641 3
    endloop
  endfacet
  facet normal -0 0 1
    outer loop
      vertex 70.85 -1.47224 3
      vertex 72 -3.4641 3
      vertex 70.9992 -1.37533 3
    endloop
  endfacet
  facet normal 0 0 1
    outer loop
      vertex 72 -3.4641 3
      vertex 70.85 -1.47224 3
      vertex 71.6269 -3.65418 3
    endloop
  endfacet
  facet normal -0 0 1
    outer loop
      vertex 70.6915 -1.55303 3
      vertex 71.6269 -3.65418 3
      vertex 70.85 -1.47224 3
    endloop
  endfacet
  facet normal 0 0 1
    outer loop
      vertex 71.6269 -3.65418 3
      vertex 70.6915 -1.55303 3
      vertex 71.2361 -3.80423 3
    endloop
  endfacet
  facet normal -0 0 1
    outer loop
      vertex 70.5253 -1.6168 3
      vertex 71.2361 -3.80423 3
      vertex 70.6915 -1.55303 3
    endloop
  endfacet
  facet normal 0 0 1
    outer loop
      vertex 71.2361 -3.80423 3
      vertex 70.5253 -1.6168 3
      vertex 70.8316 -3.91259 3
    endloop
  endfacet
  facet normal -0 0 1
    outer loop
      vertex 70.3534 -1.66285 3
      vertex 70.8316 -3.91259 3
      vertex 70.5253 -1.6168 3
    endloop
  endfacet
  facet normal 0 0 1
    outer loop
      vertex 70.8316 -3.91259 3
      vertex 70.3534 -1.66285 3
      vertex 70.4181 -3.97809 3
    endloop
  endfacet
  facet normal -0 0 1
    outer loop
      vertex 70.1777 -1.69069 3
      vertex 70.4181 -3.97809 3
      vertex 70.3534 -1.66285 3
    endloop
  endfacet
  facet normal -0 0 1
    outer loop
      vertex 70 -1.7 3
      vertex 70.4181 -3.97809 3
      vertex 70.1777 -1.69069 3
    endloop
  endfacet
  facet normal 0 0 1
    outer loop
      vertex 70 -1.7 3
      vertex 70 -4 3
      vertex 70.4181 -3.97809 3
    endloop
  endfacet
  facet normal 0 0 1
    outer loop
      vertex 69.8223 -1.69069 3
      vertex 70 -4 3
      vertex 70 -1.7 3
    endloop
  endfacet
  facet normal 0 0 1
    outer loop
      vertex 69.5819 -3.97809 3
      vertex 69.8223 -1.69069 3
      vertex 69.6466 -1.66285 3
    endloop
  endfacet
  facet normal 0 0 1
    outer loop
      vertex 69.8223 -1.69069 3
      vertex 69.5819 -3.97809 3
      vertex 70 -4 3
    endloop
  endfacet
  facet normal 0 0 1
    outer loop
      vertex 69.1684 -3.91259 3
      vertex 69.6466 -1.66285 3
      vertex 69.4747 -1.6168 3
    endloop
  endfacet
  facet normal 0 0 1
    outer loop
      vertex 68.7639 -3.80423 3
      vertex 69.4747 -1.6168 3
      vertex 69.3085 -1.55303 3
    endloop
  endfacet
  facet normal 0 0 1
    outer loop
      vertex 69.6466 -1.66285 3
      vertex 69.1684 -3.91259 3
      vertex 69.5819 -3.97809 3
    endloop
  endfacet
  facet normal 0 0 1
    outer loop
      vertex 68.3731 -3.65418 3
      vertex 69.3085 -1.55303 3
      vertex 69.15 -1.47224 3
    endloop
  endfacet
  facet normal 0 0 1
    outer loop
      vertex 68 -3.4641 3
      vertex 69.15 -1.47224 3
      vertex 69.0008 -1.37533 3
    endloop
  endfacet
  facet normal 0 0 1
    outer loop
      vertex 67.6489 -3.23607 3
      vertex 69.0008 -1.37533 3
      vertex 68.8625 -1.26335 3
    endloop
  endfacet
  facet normal 0 0 1
    outer loop
      vertex 69.4747 -1.6168 3
      vertex 68.7639 -3.80423 3
      vertex 69.1684 -3.91259 3
    endloop
  endfacet
  facet normal 0 0 1
    outer loop
      vertex 67.3235 -2.97258 3
      vertex 68.8625 -1.26335 3
      vertex 68.7367 -1.13752 3
    endloop
  endfacet
  facet normal 0 0 1
    outer loop
      vertex 67.0274 -2.67652 3
      vertex 68.7367 -1.13752 3
      vertex 68.6247 -0.999234 3
    endloop
  endfacet
  facet normal 0 0 1
    outer loop
      vertex 66.7639 -2.35114 3
      vertex 68.6247 -0.999234 3
      vertex 68.5278 -0.849999 3
    endloop
  endfacet
  facet normal 0 0 1
    outer loop
      vertex 66.5359 -2 3
      vertex 68.5278 -0.849999 3
      vertex 68.447 -0.691452 3
    endloop
  endfacet
  facet normal 0 0 1
    outer loop
      vertex 66.3458 -1.62695 3
      vertex 68.447 -0.691452 3
      vertex 68.3832 -0.525329 3
    endloop
  endfacet
  facet normal 0 0 1
    outer loop
      vertex 69.3085 -1.55303 3
      vertex 68.3731 -3.65418 3
      vertex 68.7639 -3.80423 3
    endloop
  endfacet
  facet normal 0 0 1
    outer loop
      vertex 66.1958 -1.23607 3
      vertex 68.3832 -0.525329 3
      vertex 68.3372 -0.35345 3
    endloop
  endfacet
  facet normal 0 0 1
    outer loop
      vertex 66.0874 -0.831646 3
      vertex 68.3372 -0.35345 3
      vertex 68.3093 -0.177698 3
    endloop
  endfacet
  facet normal 0 0 1
    outer loop
      vertex 66.0219 -0.418114 3
      vertex 68.3093 -0.177698 3
      vertex 68.3 0 3
    endloop
  endfacet
  facet normal 0 0 1
    outer loop
      vertex 68.5278 0.849999 3
      vertex 66.5359 2 3
      vertex 68.447 0.691452 3
    endloop
  endfacet
  facet normal 0 0 1
    outer loop
      vertex 69.15 -1.47224 3
      vertex 68 -3.4641 3
      vertex 68.3731 -3.65418 3
    endloop
  endfacet
  facet normal -0 0 1
    outer loop
      vertex 66.3458 1.62695 3
      vertex 68.447 0.691452 3
      vertex 66.5359 2 3
    endloop
  endfacet
  facet normal 0 0 1
    outer loop
      vertex 69.0008 -1.37533 3
      vertex 67.6489 -3.23607 3
      vertex 68 -3.4641 3
    endloop
  endfacet
  facet normal 0 0 1
    outer loop
      vertex 68.447 0.691452 3
      vertex 66.3458 1.62695 3
      vertex 68.3832 0.525329 3
    endloop
  endfacet
  facet normal 0 0 1
    outer loop
      vertex 68.8625 -1.26335 3
      vertex 67.3235 -2.97258 3
      vertex 67.6489 -3.23607 3
    endloop
  endfacet
  facet normal -0 0 1
    outer loop
      vertex 66.1958 1.23607 3
      vertex 68.3832 0.525329 3
      vertex 66.3458 1.62695 3
    endloop
  endfacet
  facet normal 0 0 1
    outer loop
      vertex 68.7367 -1.13752 3
      vertex 67.0274 -2.67652 3
      vertex 67.3235 -2.97258 3
    endloop
  endfacet
  facet normal 0 0 1
    outer loop
      vertex 68.3832 0.525329 3
      vertex 66.1958 1.23607 3
      vertex 68.3372 0.35345 3
    endloop
  endfacet
  facet normal 0 0 1
    outer loop
      vertex 68.6247 -0.999234 3
      vertex 66.7639 -2.35114 3
      vertex 67.0274 -2.67652 3
    endloop
  endfacet
  facet normal -0 0 1
    outer loop
      vertex 66.0874 0.831646 3
      vertex 68.3372 0.35345 3
      vertex 66.1958 1.23607 3
    endloop
  endfacet
  facet normal 0 0 1
    outer loop
      vertex 68.5278 -0.849999 3
      vertex 66.5359 -2 3
      vertex 66.7639 -2.35114 3
    endloop
  endfacet
  facet normal 0 0 1
    outer loop
      vertex 68.3372 0.35345 3
      vertex 66.0874 0.831646 3
      vertex 68.3093 0.177698 3
    endloop
  endfacet
  facet normal 0 0 1
    outer loop
      vertex 68.447 -0.691452 3
      vertex 66.3458 -1.62695 3
      vertex 66.5359 -2 3
    endloop
  endfacet
  facet normal -0 0 1
    outer loop
      vertex 66.0219 0.418114 3
      vertex 68.3093 0.177698 3
      vertex 66.0874 0.831646 3
    endloop
  endfacet
  facet normal 0 0 1
    outer loop
      vertex 68.3832 -0.525329 3
      vertex 66.1958 -1.23607 3
      vertex 66.3458 -1.62695 3
    endloop
  endfacet
  facet normal 0 0 1
    outer loop
      vertex 68.3093 0.177698 3
      vertex 66.0219 0.418114 3
      vertex 68.3 0 3
    endloop
  endfacet
  facet normal 0 0 1
    outer loop
      vertex 68.3372 -0.35345 3
      vertex 66.0874 -0.831646 3
      vertex 66.1958 -1.23607 3
    endloop
  endfacet
  facet normal 0 0 1
    outer loop
      vertex 66 0 3
      vertex 68.3 0 3
      vertex 66.0219 0.418114 3
    endloop
  endfacet
  facet normal 0 0 1
    outer loop
      vertex 68.3093 -0.177698 3
      vertex 66.0219 -0.418114 3
      vertex 66.0874 -0.831646 3
    endloop
  endfacet
  facet normal 0 0 1
    outer loop
      vertex 68.3 0 3
      vertex 66 0 3
      vertex 66.0219 -0.418114 3
    endloop
  endfacet
  facet normal 0.707059 0.707155 -0
    outer loop
      vertex 72.9726 2.67652 0
      vertex 72.6765 2.97258 3
      vertex 72.9726 2.67652 3
    endloop
  endfacet
  facet normal 0.707059 0.707155 0
    outer loop
      vertex 72.6765 2.97258 3
      vertex 72.9726 2.67652 0
      vertex 72.6765 2.97258 0
    endloop
  endfacet
  facet normal -0.838707 0.544584 0
    outer loop
      vertex 66.5359 2 0
      vertex 66.7639 2.35114 3
      vertex 66.7639 2.35114 0
    endloop
  endfacet
  facet normal -0.838707 0.544584 0
    outer loop
      vertex 66.7639 2.35114 3
      vertex 66.5359 2 0
      vertex 66.5359 2 3
    endloop
  endfacet
  facet normal -0.987687 0.156441 0
    outer loop
      vertex 66.0219 0.418114 0
      vertex 66.0874 0.831646 3
      vertex 66.0874 0.831646 0
    endloop
  endfacet
  facet normal -0.987687 0.156441 0
    outer loop
      vertex 66.0874 0.831646 3
      vertex 66.0219 0.418114 0
      vertex 66.0219 0.418114 3
    endloop
  endfacet
  facet normal -0.156453 -0.987685 0
    outer loop
      vertex 69.1684 -3.91259 0
      vertex 69.5819 -3.97809 3
      vertex 69.1684 -3.91259 3
    endloop
  endfacet
  facet normal -0.156453 -0.987685 -0
    outer loop
      vertex 69.5819 -3.97809 3
      vertex 69.1684 -3.91259 0
      vertex 69.5819 -3.97809 0
    endloop
  endfacet
  facet normal -0.777131 0.629338 0
    outer loop
      vertex 66.7639 2.35114 0
      vertex 67.0274 2.67652 3
      vertex 67.0274 2.67652 0
    endloop
  endfacet
  facet normal -0.777131 0.629338 0
    outer loop
      vertex 67.0274 2.67652 3
      vertex 66.7639 2.35114 0
      vertex 66.7639 2.35114 3
    endloop
  endfacet
  facet normal 0.358443 0.933552 -0
    outer loop
      vertex 71.6269 3.65418 0
      vertex 71.2361 3.80423 3
      vertex 71.6269 3.65418 3
    endloop
  endfacet
  facet normal 0.358443 0.933552 0
    outer loop
      vertex 71.2361 3.80423 3
      vertex 71.6269 3.65418 0
      vertex 71.2361 3.80423 0
    endloop
  endfacet
  facet normal -0.629301 0.777162 0
    outer loop
      vertex 67.6489 3.23607 0
      vertex 67.3235 2.97258 3
      vertex 67.6489 3.23607 3
    endloop
  endfacet
  facet normal -0.629301 0.777162 0
    outer loop
      vertex 67.3235 2.97258 3
      vertex 67.6489 3.23607 0
      vertex 67.3235 2.97258 0
    endloop
  endfacet
  facet normal -0.890986 -0.454031 0
    outer loop
      vertex 66.5359 -2 0
      vertex 66.3458 -1.62695 3
      vertex 66.3458 -1.62695 0
    endloop
  endfacet
  facet normal -0.890986 -0.454031 0
    outer loop
      vertex 66.3458 -1.62695 3
      vertex 66.5359 -2 0
      vertex 66.5359 -2 3
    endloop
  endfacet
  facet normal 0.629301 -0.777162 0
    outer loop
      vertex 72.3511 -3.23607 0
      vertex 72.6765 -2.97258 3
      vertex 72.3511 -3.23607 3
    endloop
  endfacet
  facet normal 0.629301 -0.777162 0
    outer loop
      vertex 72.6765 -2.97258 3
      vertex 72.3511 -3.23607 0
      vertex 72.6765 -2.97258 0
    endloop
  endfacet
  facet normal -0.358443 -0.933552 0
    outer loop
      vertex 68.3731 -3.65418 0
      vertex 68.7639 -3.80423 3
      vertex 68.3731 -3.65418 3
    endloop
  endfacet
  facet normal -0.358443 -0.933552 -0
    outer loop
      vertex 68.7639 -3.80423 3
      vertex 68.3731 -3.65418 0
      vertex 68.7639 -3.80423 0
    endloop
  endfacet
  facet normal -0.838707 -0.544584 0
    outer loop
      vertex 66.7639 -2.35114 0
      vertex 66.5359 -2 3
      vertex 66.5359 -2 0
    endloop
  endfacet
  facet normal -0.838707 -0.544584 0
    outer loop
      vertex 66.5359 -2 3
      vertex 66.7639 -2.35114 0
      vertex 66.7639 -2.35114 3
    endloop
  endfacet
  facet normal -0.987687 -0.156441 0
    outer loop
      vertex 66.0874 -0.831646 0
      vertex 66.0219 -0.418114 3
      vertex 66.0219 -0.418114 0
    endloop
  endfacet
  facet normal -0.987687 -0.156441 0
    outer loop
      vertex 66.0219 -0.418114 3
      vertex 66.0874 -0.831646 0
      vertex 66.0874 -0.831646 3
    endloop
  endfacet
  facet normal -0.933616 -0.358275 0
    outer loop
      vertex 66.3458 -1.62695 0
      vertex 66.1958 -1.23607 3
      vertex 66.1958 -1.23607 0
    endloop
  endfacet
  facet normal -0.933616 -0.358275 0
    outer loop
      vertex 66.1958 -1.23607 3
      vertex 66.3458 -1.62695 0
      vertex 66.3458 -1.62695 3
    endloop
  endfacet
  facet normal -0.777131 -0.629338 0
    outer loop
      vertex 67.0274 -2.67652 0
      vertex 66.7639 -2.35114 3
      vertex 66.7639 -2.35114 0
    endloop
  endfacet
  facet normal -0.777131 -0.629338 0
    outer loop
      vertex 66.7639 -2.35114 3
      vertex 67.0274 -2.67652 0
      vertex 67.0274 -2.67652 3
    endloop
  endfacet
  facet normal 0.544678 -0.838645 0
    outer loop
      vertex 72 -3.4641 0
      vertex 72.3511 -3.23607 3
      vertex 72 -3.4641 3
    endloop
  endfacet
  facet normal 0.544678 -0.838645 0
    outer loop
      vertex 72.3511 -3.23607 3
      vertex 72 -3.4641 0
      vertex 72.3511 -3.23607 0
    endloop
  endfacet
  facet normal -0.0523319 -0.99863 0
    outer loop
      vertex 69.5819 -3.97809 0
      vertex 70 -4 3
      vertex 69.5819 -3.97809 3
    endloop
  endfacet
  facet normal -0.0523319 -0.99863 -0
    outer loop
      vertex 70 -4 3
      vertex 69.5819 -3.97809 0
      vertex 70 -4 0
    endloop
  endfacet
  facet normal -0.998631 0.0523064 0
    outer loop
      vertex 66 0 0
      vertex 66.0219 0.418114 3
      vertex 66.0219 0.418114 0
    endloop
  endfacet
  facet normal -0.998631 0.0523064 0
    outer loop
      vertex 66.0219 0.418114 3
      vertex 66 0 0
      vertex 66 0 3
    endloop
  endfacet
  facet normal 0.707059 -0.707155 0
    outer loop
      vertex 72.6765 -2.97258 0
      vertex 72.9726 -2.67652 3
      vertex 72.6765 -2.97258 3
    endloop
  endfacet
  facet normal 0.707059 -0.707155 0
    outer loop
      vertex 72.9726 -2.67652 3
      vertex 72.6765 -2.97258 0
      vertex 72.9726 -2.67652 0
    endloop
  endfacet
  facet normal -0.156499 0.987678 0
    outer loop
      vertex 70.3534 -1.66285 0
      vertex 70.1777 -1.69069 3
      vertex 70.3534 -1.66285 3
    endloop
  endfacet
  facet normal -0.156499 0.987678 0
    outer loop
      vertex 70.1777 -1.69069 3
      vertex 70.3534 -1.66285 0
      vertex 70.1777 -1.69069 0
    endloop
  endfacet
  facet normal -0.987633 -0.156783 0
    outer loop
      vertex 71.6907 0.177698 0
      vertex 71.6628 0.35345 3
      vertex 71.6628 0.35345 0
    endloop
  endfacet
  facet normal -0.987633 -0.156783 0
    outer loop
      vertex 71.6628 0.35345 3
      vertex 71.6907 0.177698 0
      vertex 71.6907 0.177698 3
    endloop
  endfacet
  facet normal -0.998633 -0.0522645 0
    outer loop
      vertex 71.7 0 0
      vertex 71.6907 0.177698 3
      vertex 71.6907 0.177698 0
    endloop
  endfacet
  facet normal -0.998633 -0.0522645 0
    outer loop
      vertex 71.6907 0.177698 3
      vertex 71.7 0 0
      vertex 71.7 0 3
    endloop
  endfacet
  facet normal -0.987633 0.156783 0
    outer loop
      vertex 71.6628 -0.35345 0
      vertex 71.6907 -0.177698 3
      vertex 71.6907 -0.177698 0
    endloop
  endfacet
  facet normal -0.987633 0.156783 0
    outer loop
      vertex 71.6907 -0.177698 3
      vertex 71.6628 -0.35345 0
      vertex 71.6628 -0.35345 3
    endloop
  endfacet
  facet normal -0.35823 -0.933633 0
    outer loop
      vertex 70.5253 1.6168 0
      vertex 70.6915 1.55303 3
      vertex 70.5253 1.6168 3
    endloop
  endfacet
  facet normal -0.35823 -0.933633 -0
    outer loop
      vertex 70.6915 1.55303 3
      vertex 70.5253 1.6168 0
      vertex 70.6915 1.55303 0
    endloop
  endfacet
  facet normal -0.454125 -0.890938 0
    outer loop
      vertex 70.6915 1.55303 0
      vertex 70.85 1.47224 3
      vertex 70.6915 1.55303 3
    endloop
  endfacet
  facet normal -0.454125 -0.890938 -0
    outer loop
      vertex 70.85 1.47224 3
      vertex 70.6915 1.55303 0
      vertex 70.85 1.47224 0
    endloop
  endfacet
  facet normal -0.838707 0.544582 0
    outer loop
      vertex 71.3753 -0.999234 0
      vertex 71.4722 -0.849999 3
      vertex 71.4722 -0.849999 0
    endloop
  endfacet
  facet normal -0.838707 0.544582 0
    outer loop
      vertex 71.4722 -0.849999 3
      vertex 71.3753 -0.999234 0
      vertex 71.3753 -0.999234 3
    endloop
  endfacet
  facet normal 0.35823 -0.933633 0
    outer loop
      vertex 69.3085 1.55303 0
      vertex 69.4747 1.6168 3
      vertex 69.3085 1.55303 3
    endloop
  endfacet
  facet normal 0.35823 -0.933633 0
    outer loop
      vertex 69.4747 1.6168 3
      vertex 69.3085 1.55303 0
      vertex 69.4747 1.6168 0
    endloop
  endfacet
  facet normal -0.777096 0.629382 0
    outer loop
      vertex 71.2633 -1.13752 0
      vertex 71.3753 -0.999234 3
      vertex 71.3753 -0.999234 0
    endloop
  endfacet
  facet normal -0.777096 0.629382 0
    outer loop
      vertex 71.3753 -0.999234 3
      vertex 71.2633 -1.13752 0
      vertex 71.2633 -1.13752 3
    endloop
  endfacet
  facet normal -0.35823 0.933633 0
    outer loop
      vertex 70.6915 -1.55303 0
      vertex 70.5253 -1.6168 3
      vertex 70.6915 -1.55303 3
    endloop
  endfacet
  facet normal -0.35823 0.933633 0
    outer loop
      vertex 70.5253 -1.6168 3
      vertex 70.6915 -1.55303 0
      vertex 70.5253 -1.6168 0
    endloop
  endfacet
  facet normal -0.258764 0.965941 0
    outer loop
      vertex 70.5253 -1.6168 0
      vertex 70.3534 -1.66285 3
      vertex 70.5253 -1.6168 3
    endloop
  endfacet
  facet normal -0.258764 0.965941 0
    outer loop
      vertex 70.3534 -1.66285 3
      vertex 70.5253 -1.6168 0
      vertex 70.3534 -1.66285 0
    endloop
  endfacet
  facet normal -0.998633 0.0522645 0
    outer loop
      vertex 71.6907 -0.177698 0
      vertex 71.7 0 3
      vertex 71.7 0 0
    endloop
  endfacet
  facet normal -0.998633 0.0522645 0
    outer loop
      vertex 71.7 0 3
      vertex 71.6907 -0.177698 0
      vertex 71.6907 -0.177698 3
    endloop
  endfacet
  facet normal -0.544712 -0.838623 0
    outer loop
      vertex 70.85 1.47224 0
      vertex 70.9992 1.37533 3
      vertex 70.85 1.47224 3
    endloop
  endfacet
  facet normal -0.544712 -0.838623 -0
    outer loop
      vertex 70.9992 1.37533 3
      vertex 70.85 1.47224 0
      vertex 70.9992 1.37533 0
    endloop
  endfacet
  facet normal 0.838707 0.544582 0
    outer loop
      vertex 68.6247 -0.999234 3
      vertex 68.5278 -0.849999 0
      vertex 68.5278 -0.849999 3
    endloop
  endfacet
  facet normal 0.838707 0.544582 0
    outer loop
      vertex 68.5278 -0.849999 0
      vertex 68.6247 -0.999234 3
      vertex 68.6247 -0.999234 0
    endloop
  endfacet
  facet normal -0.838707 -0.544582 0
    outer loop
      vertex 71.4722 0.849999 0
      vertex 71.3753 0.999234 3
      vertex 71.3753 0.999234 0
    endloop
  endfacet
  facet normal -0.838707 -0.544582 0
    outer loop
      vertex 71.3753 0.999234 3
      vertex 71.4722 0.849999 0
      vertex 71.4722 0.849999 3
    endloop
  endfacet
  facet normal -0.89097 -0.454063 0
    outer loop
      vertex 71.553 0.691452 0
      vertex 71.4722 0.849999 3
      vertex 71.4722 0.849999 0
    endloop
  endfacet
  facet normal -0.89097 -0.454063 0
    outer loop
      vertex 71.4722 0.849999 3
      vertex 71.553 0.691452 0
      vertex 71.553 0.691452 3
    endloop
  endfacet
  facet normal 0.933521 -0.358522 0
    outer loop
      vertex 68.3832 0.525329 3
      vertex 68.447 0.691452 0
      vertex 68.447 0.691452 3
    endloop
  endfacet
  facet normal 0.933521 -0.358522 0
    outer loop
      vertex 68.447 0.691452 0
      vertex 68.3832 0.525329 3
      vertex 68.3832 0.525329 0
    endloop
  endfacet
  facet normal -0.629276 -0.777182 0
    outer loop
      vertex 70.9992 1.37533 0
      vertex 71.1375 1.26335 3
      vertex 70.9992 1.37533 3
    endloop
  endfacet
  facet normal -0.629276 -0.777182 -0
    outer loop
      vertex 71.1375 1.26335 3
      vertex 70.9992 1.37533 0
      vertex 71.1375 1.26335 0
    endloop
  endfacet
  facet normal 0.933521 0.358522 0
    outer loop
      vertex 68.447 -0.691452 3
      vertex 68.3832 -0.525329 0
      vertex 68.3832 -0.525329 3
    endloop
  endfacet
  facet normal 0.933521 0.358522 0
    outer loop
      vertex 68.3832 -0.525329 0
      vertex 68.447 -0.691452 3
      vertex 68.447 -0.691452 0
    endloop
  endfacet
  facet normal -0.933521 -0.358522 0
    outer loop
      vertex 71.6168 0.525329 0
      vertex 71.553 0.691452 3
      vertex 71.553 0.691452 0
    endloop
  endfacet
  facet normal -0.933521 -0.358522 0
    outer loop
      vertex 71.553 0.691452 3
      vertex 71.6168 0.525329 0
      vertex 71.6168 0.525329 3
    endloop
  endfacet
  facet normal 0.777096 0.629382 0
    outer loop
      vertex 68.7367 -1.13752 3
      vertex 68.6247 -0.999234 0
      vertex 68.6247 -0.999234 3
    endloop
  endfacet
  facet normal 0.777096 0.629382 0
    outer loop
      vertex 68.6247 -0.999234 0
      vertex 68.7367 -1.13752 3
      vertex 68.7367 -1.13752 0
    endloop
  endfacet
  facet normal 0.0523199 -0.99863 0
    outer loop
      vertex 69.8223 1.69069 0
      vertex 70 1.7 3
      vertex 69.8223 1.69069 3
    endloop
  endfacet
  facet normal 0.0523199 -0.99863 0
    outer loop
      vertex 70 1.7 3
      vertex 69.8223 1.69069 0
      vertex 70 1.7 0
    endloop
  endfacet
  facet normal -0.0523199 -0.99863 0
    outer loop
      vertex 70 1.7 0
      vertex 70.1777 1.69069 3
      vertex 70 1.7 3
    endloop
  endfacet
  facet normal -0.0523199 -0.99863 -0
    outer loop
      vertex 70.1777 1.69069 3
      vertex 70 1.7 0
      vertex 70.1777 1.69069 0
    endloop
  endfacet
  facet normal 0.454125 0.890938 -0
    outer loop
      vertex 69.3085 -1.55303 0
      vertex 69.15 -1.47224 3
      vertex 69.3085 -1.55303 3
    endloop
  endfacet
  facet normal 0.454125 0.890938 0
    outer loop
      vertex 69.15 -1.47224 3
      vertex 69.3085 -1.55303 0
      vertex 69.15 -1.47224 0
    endloop
  endfacet
  facet normal 0.544712 0.838623 -0
    outer loop
      vertex 69.15 -1.47224 0
      vertex 69.0008 -1.37533 3
      vertex 69.15 -1.47224 3
    endloop
  endfacet
  facet normal 0.544712 0.838623 0
    outer loop
      vertex 69.0008 -1.37533 3
      vertex 69.15 -1.47224 0
      vertex 69.0008 -1.37533 0
    endloop
  endfacet
  facet normal 0.629276 -0.777182 0
    outer loop
      vertex 68.8625 1.26335 0
      vertex 69.0008 1.37533 3
      vertex 68.8625 1.26335 3
    endloop
  endfacet
  facet normal 0.629276 -0.777182 0
    outer loop
      vertex 69.0008 1.37533 3
      vertex 68.8625 1.26335 0
      vertex 69.0008 1.37533 0
    endloop
  endfacet
  facet normal -0.966003 0.258531 0
    outer loop
      vertex 71.6168 -0.525329 0
      vertex 71.6628 -0.35345 3
      vertex 71.6628 -0.35345 0
    endloop
  endfacet
  facet normal -0.966003 0.258531 0
    outer loop
      vertex 71.6628 -0.35345 3
      vertex 71.6168 -0.525329 0
      vertex 71.6168 -0.525329 3
    endloop
  endfacet
  facet normal -0.156499 -0.987678 0
    outer loop
      vertex 70.1777 1.69069 0
      vertex 70.3534 1.66285 3
      vertex 70.1777 1.69069 3
    endloop
  endfacet
  facet normal -0.156499 -0.987678 -0
    outer loop
      vertex 70.3534 1.66285 3
      vertex 70.1777 1.69069 0
      vertex 70.3534 1.66285 0
    endloop
  endfacet
  facet normal 0.998633 0.0522645 0
    outer loop
      vertex 68.3093 -0.177698 3
      vertex 68.3 0 0
      vertex 68.3 0 3
    endloop
  endfacet
  facet normal 0.998633 0.0522645 0
    outer loop
      vertex 68.3 0 0
      vertex 68.3093 -0.177698 3
      vertex 68.3093 -0.177698 0
    endloop
  endfacet
  facet normal 0.156499 -0.987678 0
    outer loop
      vertex 69.6466 1.66285 0
      vertex 69.8223 1.69069 3
      vertex 69.6466 1.66285 3
    endloop
  endfacet
  facet normal 0.156499 -0.987678 0
    outer loop
      vertex 69.8223 1.69069 3
      vertex 69.6466 1.66285 0
      vertex 69.8223 1.69069 0
    endloop
  endfacet
  facet normal -0.258764 -0.965941 0
    outer loop
      vertex 70.3534 1.66285 0
      vertex 70.5253 1.6168 3
      vertex 70.3534 1.66285 3
    endloop
  endfacet
  facet normal -0.258764 -0.965941 -0
    outer loop
      vertex 70.5253 1.6168 3
      vertex 70.3534 1.66285 0
      vertex 70.5253 1.6168 0
    endloop
  endfacet
  facet normal 0.258764 -0.965941 0
    outer loop
      vertex 69.4747 1.6168 0
      vertex 69.6466 1.66285 3
      vertex 69.4747 1.6168 3
    endloop
  endfacet
  facet normal 0.258764 -0.965941 0
    outer loop
      vertex 69.6466 1.66285 3
      vertex 69.4747 1.6168 0
      vertex 69.6466 1.66285 0
    endloop
  endfacet
  facet normal 0.89097 0.454063 0
    outer loop
      vertex 68.5278 -0.849999 3
      vertex 68.447 -0.691452 0
      vertex 68.447 -0.691452 3
    endloop
  endfacet
  facet normal 0.89097 0.454063 0
    outer loop
      vertex 68.447 -0.691452 0
      vertex 68.5278 -0.849999 3
      vertex 68.5278 -0.849999 0
    endloop
  endfacet
  facet normal -0.777096 -0.629382 0
    outer loop
      vertex 71.3753 0.999234 0
      vertex 71.2633 1.13752 3
      vertex 71.2633 1.13752 0
    endloop
  endfacet
  facet normal -0.777096 -0.629382 0
    outer loop
      vertex 71.2633 1.13752 3
      vertex 71.3753 0.999234 0
      vertex 71.3753 0.999234 3
    endloop
  endfacet
  facet normal 0.544712 -0.838623 0
    outer loop
      vertex 69.0008 1.37533 0
      vertex 69.15 1.47224 3
      vertex 69.0008 1.37533 3
    endloop
  endfacet
  facet normal 0.544712 -0.838623 0
    outer loop
      vertex 69.15 1.47224 3
      vertex 69.0008 1.37533 0
      vertex 69.15 1.47224 0
    endloop
  endfacet
  facet normal 0.966003 -0.258531 0
    outer loop
      vertex 68.3372 0.35345 3
      vertex 68.3832 0.525329 0
      vertex 68.3832 0.525329 3
    endloop
  endfacet
  facet normal 0.966003 -0.258531 0
    outer loop
      vertex 68.3832 0.525329 0
      vertex 68.3372 0.35345 3
      vertex 68.3372 0.35345 0
    endloop
  endfacet
  facet normal 0.998633 -0.0522645 0
    outer loop
      vertex 68.3 0 3
      vertex 68.3093 0.177698 0
      vertex 68.3093 0.177698 3
    endloop
  endfacet
  facet normal 0.998633 -0.0522645 0
    outer loop
      vertex 68.3093 0.177698 0
      vertex 68.3 0 3
      vertex 68.3 0 0
    endloop
  endfacet
  facet normal 0.966003 0.258531 0
    outer loop
      vertex 68.3832 -0.525329 3
      vertex 68.3372 -0.35345 0
      vertex 68.3372 -0.35345 3
    endloop
  endfacet
  facet normal 0.966003 0.258531 0
    outer loop
      vertex 68.3372 -0.35345 0
      vertex 68.3832 -0.525329 3
      vertex 68.3832 -0.525329 0
    endloop
  endfacet
  facet normal -0.629276 0.777182 0
    outer loop
      vertex 71.1375 -1.26335 0
      vertex 70.9992 -1.37533 3
      vertex 71.1375 -1.26335 3
    endloop
  endfacet
  facet normal -0.629276 0.777182 0
    outer loop
      vertex 70.9992 -1.37533 3
      vertex 71.1375 -1.26335 0
      vertex 70.9992 -1.37533 0
    endloop
  endfacet
  facet normal -0.966003 -0.258531 0
    outer loop
      vertex 71.6628 0.35345 0
      vertex 71.6168 0.525329 3
      vertex 71.6168 0.525329 0
    endloop
  endfacet
  facet normal -0.966003 -0.258531 0
    outer loop
      vertex 71.6168 0.525329 3
      vertex 71.6628 0.35345 0
      vertex 71.6628 0.35345 3
    endloop
  endfacet
  facet normal -0.454125 0.890938 0
    outer loop
      vertex 70.85 -1.47224 0
      vertex 70.6915 -1.55303 3
      vertex 70.85 -1.47224 3
    endloop
  endfacet
  facet normal -0.454125 0.890938 0
    outer loop
      vertex 70.6915 -1.55303 3
      vertex 70.85 -1.47224 0
      vertex 70.6915 -1.55303 0
    endloop
  endfacet
  facet normal -0.0523199 0.99863 0
    outer loop
      vertex 70.1777 -1.69069 0
      vertex 70 -1.7 3
      vertex 70.1777 -1.69069 3
    endloop
  endfacet
  facet normal -0.0523199 0.99863 0
    outer loop
      vertex 70 -1.7 3
      vertex 70.1777 -1.69069 0
      vertex 70 -1.7 0
    endloop
  endfacet
  facet normal 0.629276 0.777182 -0
    outer loop
      vertex 69.0008 -1.37533 0
      vertex 68.8625 -1.26335 3
      vertex 69.0008 -1.37533 3
    endloop
  endfacet
  facet normal 0.629276 0.777182 0
    outer loop
      vertex 68.8625 -1.26335 3
      vertex 69.0008 -1.37533 0
      vertex 68.8625 -1.26335 0
    endloop
  endfacet
  facet normal -0.707191 0.707022 0
    outer loop
      vertex 71.1375 -1.26335 0
      vertex 71.2633 -1.13752 3
      vertex 71.2633 -1.13752 0
    endloop
  endfacet
  facet normal -0.707191 0.707022 0
    outer loop
      vertex 71.2633 -1.13752 3
      vertex 71.1375 -1.26335 0
      vertex 71.1375 -1.26335 3
    endloop
  endfacet
  facet normal 0.258764 0.965941 -0
    outer loop
      vertex 69.6466 -1.66285 0
      vertex 69.4747 -1.6168 3
      vertex 69.6466 -1.66285 3
    endloop
  endfacet
  facet normal 0.258764 0.965941 0
    outer loop
      vertex 69.4747 -1.6168 3
      vertex 69.6466 -1.66285 0
      vertex 69.4747 -1.6168 0
    endloop
  endfacet
  facet normal 0.987633 0.156783 0
    outer loop
      vertex 68.3372 -0.35345 3
      vertex 68.3093 -0.177698 0
      vertex 68.3093 -0.177698 3
    endloop
  endfacet
  facet normal 0.987633 0.156783 0
    outer loop
      vertex 68.3093 -0.177698 0
      vertex 68.3372 -0.35345 3
      vertex 68.3372 -0.35345 0
    endloop
  endfacet
  facet normal 0.707191 -0.707022 0
    outer loop
      vertex 68.7367 1.13752 3
      vertex 68.8625 1.26335 0
      vertex 68.8625 1.26335 3
    endloop
  endfacet
  facet normal 0.707191 -0.707022 0
    outer loop
      vertex 68.8625 1.26335 0
      vertex 68.7367 1.13752 3
      vertex 68.7367 1.13752 0
    endloop
  endfacet
  facet normal -0.707191 -0.707022 0
    outer loop
      vertex 71.2633 1.13752 0
      vertex 71.1375 1.26335 3
      vertex 71.1375 1.26335 0
    endloop
  endfacet
  facet normal -0.707191 -0.707022 0
    outer loop
      vertex 71.1375 1.26335 3
      vertex 71.2633 1.13752 0
      vertex 71.2633 1.13752 3
    endloop
  endfacet
  facet normal -0.933521 0.358522 0
    outer loop
      vertex 71.553 -0.691452 0
      vertex 71.6168 -0.525329 3
      vertex 71.6168 -0.525329 0
    endloop
  endfacet
  facet normal -0.933521 0.358522 0
    outer loop
      vertex 71.6168 -0.525329 3
      vertex 71.553 -0.691452 0
      vertex 71.553 -0.691452 3
    endloop
  endfacet
  facet normal 0.454125 -0.890938 0
    outer loop
      vertex 69.15 1.47224 0
      vertex 69.3085 1.55303 3
      vertex 69.15 1.47224 3
    endloop
  endfacet
  facet normal 0.454125 -0.890938 0
    outer loop
      vertex 69.3085 1.55303 3
      vertex 69.15 1.47224 0
      vertex 69.3085 1.55303 0
    endloop
  endfacet
  facet normal 0.777096 -0.629382 0
    outer loop
      vertex 68.6247 0.999234 3
      vertex 68.7367 1.13752 0
      vertex 68.7367 1.13752 3
    endloop
  endfacet
  facet normal 0.777096 -0.629382 0
    outer loop
      vertex 68.7367 1.13752 0
      vertex 68.6247 0.999234 3
      vertex 68.6247 0.999234 0
    endloop
  endfacet
  facet normal 0.987633 -0.156783 0
    outer loop
      vertex 68.3093 0.177698 3
      vertex 68.3372 0.35345 0
      vertex 68.3372 0.35345 3
    endloop
  endfacet
  facet normal 0.987633 -0.156783 0
    outer loop
      vertex 68.3372 0.35345 0
      vertex 68.3093 0.177698 3
      vertex 68.3093 0.177698 0
    endloop
  endfacet
  facet normal -0.89097 0.454063 0
    outer loop
      vertex 71.4722 -0.849999 0
      vertex 71.553 -0.691452 3
      vertex 71.553 -0.691452 0
    endloop
  endfacet
  facet normal -0.89097 0.454063 0
    outer loop
      vertex 71.553 -0.691452 3
      vertex 71.4722 -0.849999 0
      vertex 71.4722 -0.849999 3
    endloop
  endfacet
  facet normal -0.544712 0.838623 0
    outer loop
      vertex 70.9992 -1.37533 0
      vertex 70.85 -1.47224 3
      vertex 70.9992 -1.37533 3
    endloop
  endfacet
  facet normal -0.544712 0.838623 0
    outer loop
      vertex 70.85 -1.47224 3
      vertex 70.9992 -1.37533 0
      vertex 70.85 -1.47224 0
    endloop
  endfacet
  facet normal 0.35823 0.933633 -0
    outer loop
      vertex 69.4747 -1.6168 0
      vertex 69.3085 -1.55303 3
      vertex 69.4747 -1.6168 3
    endloop
  endfacet
  facet normal 0.35823 0.933633 0
    outer loop
      vertex 69.3085 -1.55303 3
      vertex 69.4747 -1.6168 0
      vertex 69.3085 -1.55303 0
    endloop
  endfacet
  facet normal 0.707191 0.707022 0
    outer loop
      vertex 68.8625 -1.26335 3
      vertex 68.7367 -1.13752 0
      vertex 68.7367 -1.13752 3
    endloop
  endfacet
  facet normal 0.707191 0.707022 0
    outer loop
      vertex 68.7367 -1.13752 0
      vertex 68.8625 -1.26335 3
      vertex 68.8625 -1.26335 0
    endloop
  endfacet
  facet normal 0.89097 -0.454063 0
    outer loop
      vertex 68.447 0.691452 3
      vertex 68.5278 0.849999 0
      vertex 68.5278 0.849999 3
    endloop
  endfacet
  facet normal 0.89097 -0.454063 0
    outer loop
      vertex 68.5278 0.849999 0
      vertex 68.447 0.691452 3
      vertex 68.447 0.691452 0
    endloop
  endfacet
  facet normal 0.838707 -0.544582 0
    outer loop
      vertex 68.5278 0.849999 3
      vertex 68.6247 0.999234 0
      vertex 68.6247 0.999234 3
    endloop
  endfacet
  facet normal 0.838707 -0.544582 0
    outer loop
      vertex 68.6247 0.999234 0
      vertex 68.5278 0.849999 3
      vertex 68.5278 0.849999 0
    endloop
  endfacet
  facet normal 0.156499 0.987678 -0
    outer loop
      vertex 69.8223 -1.69069 0
      vertex 69.6466 -1.66285 3
      vertex 69.8223 -1.69069 3
    endloop
  endfacet
  facet normal 0.156499 0.987678 0
    outer loop
      vertex 69.6466 -1.66285 3
      vertex 69.8223 -1.69069 0
      vertex 69.6466 -1.66285 0
    endloop
  endfacet
  facet normal 0.0523199 0.99863 -0
    outer loop
      vertex 70 -1.7 0
      vertex 69.8223 -1.69069 3
      vertex 70 -1.7 3
    endloop
  endfacet
  facet normal 0.0523199 0.99863 0
    outer loop
      vertex 69.8223 -1.69069 3
      vertex 70 -1.7 0
      vertex 69.8223 -1.69069 0
    endloop
  endfacet
  facet normal 0 0 1
    outer loop
      vertex 102.5 17.5 5
      vertex 91.7 15 5
      vertex 102.5 12.5 5
    endloop
  endfacet
  facet normal 0 0 1
    outer loop
      vertex 102.5 17.5 5
      vertex 91.6907 15.1777 5
      vertex 91.7 15 5
    endloop
  endfacet
  facet normal 0 0 1
    outer loop
      vertex 102.5 17.5 5
      vertex 91.6628 15.3534 5
      vertex 91.6907 15.1777 5
    endloop
  endfacet
  facet normal 0 0 1
    outer loop
      vertex 102.5 17.5 5
      vertex 91.6168 15.5253 5
      vertex 91.6628 15.3534 5
    endloop
  endfacet
  facet normal 0 0 1
    outer loop
      vertex 102.5 17.5 5
      vertex 91.553 15.6915 5
      vertex 91.6168 15.5253 5
    endloop
  endfacet
  facet normal 0 0 1
    outer loop
      vertex 102.5 17.5 5
      vertex 91.4722 15.85 5
      vertex 91.553 15.6915 5
    endloop
  endfacet
  facet normal 0 0 1
    outer loop
      vertex 102.5 17.5 5
      vertex 91.3753 15.9992 5
      vertex 91.4722 15.85 5
    endloop
  endfacet
  facet normal 0 0 1
    outer loop
      vertex 102.5 17.5 5
      vertex 91.2633 16.1375 5
      vertex 91.3753 15.9992 5
    endloop
  endfacet
  facet normal 0 0 1
    outer loop
      vertex 102.5 17.5 5
      vertex 91.1375 16.2633 5
      vertex 91.2633 16.1375 5
    endloop
  endfacet
  facet normal 0 0 1
    outer loop
      vertex 102.5 17.5 5
      vertex 90.9992 16.3753 5
      vertex 91.1375 16.2633 5
    endloop
  endfacet
  facet normal 0 0 1
    outer loop
      vertex 102.5 17.5 5
      vertex 90.85 16.4722 5
      vertex 90.9992 16.3753 5
    endloop
  endfacet
  facet normal 0 0 1
    outer loop
      vertex 102.5 17.5 5
      vertex 90.6915 16.553 5
      vertex 90.85 16.4722 5
    endloop
  endfacet
  facet normal 0 0 1
    outer loop
      vertex 102.5 17.5 5
      vertex 90.5253 16.6168 5
      vertex 90.6915 16.553 5
    endloop
  endfacet
  facet normal 0 0 1
    outer loop
      vertex 102.5 17.5 5
      vertex 90.3534 16.6628 5
      vertex 90.5253 16.6168 5
    endloop
  endfacet
  facet normal -0 0 1
    outer loop
      vertex 87.5 17.5 5
      vertex 90.3534 16.6628 5
      vertex 102.5 17.5 5
    endloop
  endfacet
  facet normal 0 0 1
    outer loop
      vertex 90.3534 16.6628 5
      vertex 87.5 17.5 5
      vertex 90.1777 16.6907 5
    endloop
  endfacet
  facet normal 0 0 1
    outer loop
      vertex 90.1777 16.6907 5
      vertex 87.5 17.5 5
      vertex 90 16.7 5
    endloop
  endfacet
  facet normal 0 0 1
    outer loop
      vertex 88.3093 15.1777 5
      vertex 87.5 17.5 5
      vertex 88.3 15 5
    endloop
  endfacet
  facet normal 0 0 1
    outer loop
      vertex 88.3372 15.3534 5
      vertex 87.5 17.5 5
      vertex 88.3093 15.1777 5
    endloop
  endfacet
  facet normal 0 0 1
    outer loop
      vertex 88.3832 15.5253 5
      vertex 87.5 17.5 5
      vertex 88.3372 15.3534 5
    endloop
  endfacet
  facet normal 0 0 1
    outer loop
      vertex 88.447 15.6915 5
      vertex 87.5 17.5 5
      vertex 88.3832 15.5253 5
    endloop
  endfacet
  facet normal 0 0 1
    outer loop
      vertex 88.5278 15.85 5
      vertex 87.5 17.5 5
      vertex 88.447 15.6915 5
    endloop
  endfacet
  facet normal 0 0 1
    outer loop
      vertex 88.6247 15.9992 5
      vertex 87.5 17.5 5
      vertex 88.5278 15.85 5
    endloop
  endfacet
  facet normal 0 0 1
    outer loop
      vertex 88.7367 16.1375 5
      vertex 87.5 17.5 5
      vertex 88.6247 15.9992 5
    endloop
  endfacet
  facet normal 0 0 1
    outer loop
      vertex 88.8625 16.2633 5
      vertex 87.5 17.5 5
      vertex 88.7367 16.1375 5
    endloop
  endfacet
  facet normal 0 0 1
    outer loop
      vertex 89.0008 16.3753 5
      vertex 87.5 17.5 5
      vertex 88.8625 16.2633 5
    endloop
  endfacet
  facet normal 0 0 1
    outer loop
      vertex 89.15 16.4722 5
      vertex 87.5 17.5 5
      vertex 89.0008 16.3753 5
    endloop
  endfacet
  facet normal 0 0 1
    outer loop
      vertex 89.3085 16.553 5
      vertex 87.5 17.5 5
      vertex 89.15 16.4722 5
    endloop
  endfacet
  facet normal 0 0 1
    outer loop
      vertex 89.4747 16.6168 5
      vertex 87.5 17.5 5
      vertex 89.3085 16.553 5
    endloop
  endfacet
  facet normal 0 0 1
    outer loop
      vertex 89.6466 16.6628 5
      vertex 87.5 17.5 5
      vertex 89.4747 16.6168 5
    endloop
  endfacet
  facet normal 0 0 1
    outer loop
      vertex 89.8223 16.6907 5
      vertex 87.5 17.5 5
      vertex 89.6466 16.6628 5
    endloop
  endfacet
  facet normal 0 0 1
    outer loop
      vertex 90 16.7 5
      vertex 87.5 17.5 5
      vertex 89.8223 16.6907 5
    endloop
  endfacet
  facet normal -0 0 1
    outer loop
      vertex 91.6907 14.8223 5
      vertex 102.5 12.5 5
      vertex 91.7 15 5
    endloop
  endfacet
  facet normal -0 0 1
    outer loop
      vertex 91.6628 14.6466 5
      vertex 102.5 12.5 5
      vertex 91.6907 14.8223 5
    endloop
  endfacet
  facet normal -0 0 1
    outer loop
      vertex 91.6168 14.4747 5
      vertex 102.5 12.5 5
      vertex 91.6628 14.6466 5
    endloop
  endfacet
  facet normal -0 0 1
    outer loop
      vertex 91.553 14.3085 5
      vertex 102.5 12.5 5
      vertex 91.6168 14.4747 5
    endloop
  endfacet
  facet normal -0 0 1
    outer loop
      vertex 91.4722 14.15 5
      vertex 102.5 12.5 5
      vertex 91.553 14.3085 5
    endloop
  endfacet
  facet normal -0 0 1
    outer loop
      vertex 91.3753 14.0008 5
      vertex 102.5 12.5 5
      vertex 91.4722 14.15 5
    endloop
  endfacet
  facet normal -0 0 1
    outer loop
      vertex 91.2633 13.8625 5
      vertex 102.5 12.5 5
      vertex 91.3753 14.0008 5
    endloop
  endfacet
  facet normal -0 0 1
    outer loop
      vertex 91.1375 13.7367 5
      vertex 102.5 12.5 5
      vertex 91.2633 13.8625 5
    endloop
  endfacet
  facet normal -0 0 1
    outer loop
      vertex 90.9992 13.6247 5
      vertex 102.5 12.5 5
      vertex 91.1375 13.7367 5
    endloop
  endfacet
  facet normal -0 0 1
    outer loop
      vertex 90.85 13.5278 5
      vertex 102.5 12.5 5
      vertex 90.9992 13.6247 5
    endloop
  endfacet
  facet normal -0 0 1
    outer loop
      vertex 90.6915 13.447 5
      vertex 102.5 12.5 5
      vertex 90.85 13.5278 5
    endloop
  endfacet
  facet normal -0 0 1
    outer loop
      vertex 90.5253 13.3832 5
      vertex 102.5 12.5 5
      vertex 90.6915 13.447 5
    endloop
  endfacet
  facet normal -0 0 1
    outer loop
      vertex 90.3534 13.3371 5
      vertex 102.5 12.5 5
      vertex 90.5253 13.3832 5
    endloop
  endfacet
  facet normal 0 0 1
    outer loop
      vertex 87.5 12.5 5
      vertex 90.3534 13.3371 5
      vertex 90.1777 13.3093 5
    endloop
  endfacet
  facet normal 0 0 1
    outer loop
      vertex 87.5 12.5 5
      vertex 90.1777 13.3093 5
      vertex 90 13.3 5
    endloop
  endfacet
  facet normal 0 0 1
    outer loop
      vertex 87.5 12.5 5
      vertex 90 13.3 5
      vertex 89.8223 13.3093 5
    endloop
  endfacet
  facet normal 0 0 1
    outer loop
      vertex 87.5 12.5 5
      vertex 88.3 15 5
      vertex 87.5 17.5 5
    endloop
  endfacet
  facet normal 0 0 1
    outer loop
      vertex 88.3 15 5
      vertex 87.5 12.5 5
      vertex 88.3093 14.8223 5
    endloop
  endfacet
  facet normal 0 0 1
    outer loop
      vertex 88.3093 14.8223 5
      vertex 87.5 12.5 5
      vertex 88.3372 14.6466 5
    endloop
  endfacet
  facet normal 0 0 1
    outer loop
      vertex 90.3534 13.3371 5
      vertex 87.5 12.5 5
      vertex 102.5 12.5 5
    endloop
  endfacet
  facet normal 0 0 1
    outer loop
      vertex 89.6466 13.3371 5
      vertex 87.5 12.5 5
      vertex 89.8223 13.3093 5
    endloop
  endfacet
  facet normal 0 0 1
    outer loop
      vertex 89.4747 13.3832 5
      vertex 87.5 12.5 5
      vertex 89.6466 13.3371 5
    endloop
  endfacet
  facet normal 0 0 1
    outer loop
      vertex 89.3085 13.447 5
      vertex 87.5 12.5 5
      vertex 89.4747 13.3832 5
    endloop
  endfacet
  facet normal 0 0 1
    outer loop
      vertex 89.15 13.5278 5
      vertex 87.5 12.5 5
      vertex 89.3085 13.447 5
    endloop
  endfacet
  facet normal 0 0 1
    outer loop
      vertex 89.0008 13.6247 5
      vertex 87.5 12.5 5
      vertex 89.15 13.5278 5
    endloop
  endfacet
  facet normal 0 0 1
    outer loop
      vertex 88.8625 13.7367 5
      vertex 87.5 12.5 5
      vertex 89.0008 13.6247 5
    endloop
  endfacet
  facet normal 0 0 1
    outer loop
      vertex 88.7367 13.8625 5
      vertex 87.5 12.5 5
      vertex 88.8625 13.7367 5
    endloop
  endfacet
  facet normal 0 0 1
    outer loop
      vertex 88.6247 14.0008 5
      vertex 87.5 12.5 5
      vertex 88.7367 13.8625 5
    endloop
  endfacet
  facet normal 0 0 1
    outer loop
      vertex 88.5278 14.15 5
      vertex 87.5 12.5 5
      vertex 88.6247 14.0008 5
    endloop
  endfacet
  facet normal 0 0 1
    outer loop
      vertex 88.447 14.3085 5
      vertex 87.5 12.5 5
      vertex 88.5278 14.15 5
    endloop
  endfacet
  facet normal 0 0 1
    outer loop
      vertex 88.3832 14.4747 5
      vertex 87.5 12.5 5
      vertex 88.447 14.3085 5
    endloop
  endfacet
  facet normal 0 0 1
    outer loop
      vertex 88.3372 14.6466 5
      vertex 87.5 12.5 5
      vertex 88.3832 14.4747 5
    endloop
  endfacet
  facet normal 0 0 -1
    outer loop
      vertex 117.5 12.5 0
      vertex 91.7 15 0
      vertex 117.5 17.5 0
    endloop
  endfacet
  facet normal 0 0 -1
    outer loop
      vertex 117.5 12.5 0
      vertex 91.6907 14.8223 0
      vertex 91.7 15 0
    endloop
  endfacet
  facet normal 0 0 -1
    outer loop
      vertex 117.5 12.5 0
      vertex 91.6628 14.6466 0
      vertex 91.6907 14.8223 0
    endloop
  endfacet
  facet normal 0 0 -1
    outer loop
      vertex 117.5 12.5 0
      vertex 91.6168 14.4747 0
      vertex 91.6628 14.6466 0
    endloop
  endfacet
  facet normal 0 0 -1
    outer loop
      vertex 117.5 12.5 0
      vertex 91.553 14.3085 0
      vertex 91.6168 14.4747 0
    endloop
  endfacet
  facet normal 0 0 -1
    outer loop
      vertex 117.5 12.5 0
      vertex 91.4722 14.15 0
      vertex 91.553 14.3085 0
    endloop
  endfacet
  facet normal 0 0 -1
    outer loop
      vertex 117.5 12.5 0
      vertex 91.3753 14.0008 0
      vertex 91.4722 14.15 0
    endloop
  endfacet
  facet normal 0 0 -1
    outer loop
      vertex 117.5 12.5 0
      vertex 91.2633 13.8625 0
      vertex 91.3753 14.0008 0
    endloop
  endfacet
  facet normal 0 0 -1
    outer loop
      vertex 117.5 12.5 0
      vertex 91.1375 13.7367 0
      vertex 91.2633 13.8625 0
    endloop
  endfacet
  facet normal 0 0 -1
    outer loop
      vertex 117.5 12.5 0
      vertex 90.9992 13.6247 0
      vertex 91.1375 13.7367 0
    endloop
  endfacet
  facet normal 0 0 -1
    outer loop
      vertex 117.5 12.5 0
      vertex 90.85 13.5278 0
      vertex 90.9992 13.6247 0
    endloop
  endfacet
  facet normal 0 0 -1
    outer loop
      vertex 117.5 12.5 0
      vertex 90.6915 13.447 0
      vertex 90.85 13.5278 0
    endloop
  endfacet
  facet normal 0 0 -1
    outer loop
      vertex 117.5 12.5 0
      vertex 90.5253 13.3832 0
      vertex 90.6915 13.447 0
    endloop
  endfacet
  facet normal 0 0 -1
    outer loop
      vertex 117.5 12.5 0
      vertex 90.3534 13.3371 0
      vertex 90.5253 13.3832 0
    endloop
  endfacet
  facet normal 0 0 -1
    outer loop
      vertex 87.5 12.5 0
      vertex 90.3534 13.3371 0
      vertex 117.5 12.5 0
    endloop
  endfacet
  facet normal 0 0 -1
    outer loop
      vertex 90.3534 13.3371 0
      vertex 87.5 12.5 0
      vertex 90.1777 13.3093 0
    endloop
  endfacet
  facet normal -0 0 -1
    outer loop
      vertex 88.3093 14.8223 0
      vertex 87.5 12.5 0
      vertex 88.3 15 0
    endloop
  endfacet
  facet normal -0 0 -1
    outer loop
      vertex 88.3372 14.6466 0
      vertex 87.5 12.5 0
      vertex 88.3093 14.8223 0
    endloop
  endfacet
  facet normal -0 0 -1
    outer loop
      vertex 88.3832 14.4747 0
      vertex 87.5 12.5 0
      vertex 88.3372 14.6466 0
    endloop
  endfacet
  facet normal -0 0 -1
    outer loop
      vertex 88.447 14.3085 0
      vertex 87.5 12.5 0
      vertex 88.3832 14.4747 0
    endloop
  endfacet
  facet normal -0 0 -1
    outer loop
      vertex 88.5278 14.15 0
      vertex 87.5 12.5 0
      vertex 88.447 14.3085 0
    endloop
  endfacet
  facet normal -0 0 -1
    outer loop
      vertex 88.6247 14.0008 0
      vertex 87.5 12.5 0
      vertex 88.5278 14.15 0
    endloop
  endfacet
  facet normal -0 0 -1
    outer loop
      vertex 88.7367 13.8625 0
      vertex 87.5 12.5 0
      vertex 88.6247 14.0008 0
    endloop
  endfacet
  facet normal -0 0 -1
    outer loop
      vertex 88.8625 13.7367 0
      vertex 87.5 12.5 0
      vertex 88.7367 13.8625 0
    endloop
  endfacet
  facet normal -0 0 -1
    outer loop
      vertex 89.0008 13.6247 0
      vertex 87.5 12.5 0
      vertex 88.8625 13.7367 0
    endloop
  endfacet
  facet normal -0 0 -1
    outer loop
      vertex 89.15 13.5278 0
      vertex 87.5 12.5 0
      vertex 89.0008 13.6247 0
    endloop
  endfacet
  facet normal -0 0 -1
    outer loop
      vertex 89.3085 13.447 0
      vertex 87.5 12.5 0
      vertex 89.15 13.5278 0
    endloop
  endfacet
  facet normal -0 0 -1
    outer loop
      vertex 89.4747 13.3832 0
      vertex 87.5 12.5 0
      vertex 89.3085 13.447 0
    endloop
  endfacet
  facet normal -0 0 -1
    outer loop
      vertex 89.6466 13.3371 0
      vertex 87.5 12.5 0
      vertex 89.4747 13.3832 0
    endloop
  endfacet
  facet normal -0 0 -1
    outer loop
      vertex 89.8223 13.3093 0
      vertex 87.5 12.5 0
      vertex 89.6466 13.3371 0
    endloop
  endfacet
  facet normal -0 0 -1
    outer loop
      vertex 90 13.3 0
      vertex 87.5 12.5 0
      vertex 89.8223 13.3093 0
    endloop
  endfacet
  facet normal 0 0 -1
    outer loop
      vertex 90.1777 13.3093 0
      vertex 87.5 12.5 0
      vertex 90 13.3 0
    endloop
  endfacet
  facet normal 0 0 -1
    outer loop
      vertex 91.6907 15.1777 0
      vertex 117.5 17.5 0
      vertex 91.7 15 0
    endloop
  endfacet
  facet normal 0 0 -1
    outer loop
      vertex 91.6628 15.3534 0
      vertex 117.5 17.5 0
      vertex 91.6907 15.1777 0
    endloop
  endfacet
  facet normal 0 0 -1
    outer loop
      vertex 91.6168 15.5253 0
      vertex 117.5 17.5 0
      vertex 91.6628 15.3534 0
    endloop
  endfacet
  facet normal 0 0 -1
    outer loop
      vertex 91.553 15.6915 0
      vertex 117.5 17.5 0
      vertex 91.6168 15.5253 0
    endloop
  endfacet
  facet normal 0 0 -1
    outer loop
      vertex 91.4722 15.85 0
      vertex 117.5 17.5 0
      vertex 91.553 15.6915 0
    endloop
  endfacet
  facet normal 0 0 -1
    outer loop
      vertex 91.3753 15.9992 0
      vertex 117.5 17.5 0
      vertex 91.4722 15.85 0
    endloop
  endfacet
  facet normal 0 0 -1
    outer loop
      vertex 91.2633 16.1375 0
      vertex 117.5 17.5 0
      vertex 91.3753 15.9992 0
    endloop
  endfacet
  facet normal 0 0 -1
    outer loop
      vertex 91.1375 16.2633 0
      vertex 117.5 17.5 0
      vertex 91.2633 16.1375 0
    endloop
  endfacet
  facet normal 0 0 -1
    outer loop
      vertex 90.9992 16.3753 0
      vertex 117.5 17.5 0
      vertex 91.1375 16.2633 0
    endloop
  endfacet
  facet normal 0 0 -1
    outer loop
      vertex 90.85 16.4722 0
      vertex 117.5 17.5 0
      vertex 90.9992 16.3753 0
    endloop
  endfacet
  facet normal 0 0 -1
    outer loop
      vertex 90.6915 16.553 0
      vertex 117.5 17.5 0
      vertex 90.85 16.4722 0
    endloop
  endfacet
  facet normal 0 0 -1
    outer loop
      vertex 90.5253 16.6168 0
      vertex 117.5 17.5 0
      vertex 90.6915 16.553 0
    endloop
  endfacet
  facet normal 0 0 -1
    outer loop
      vertex 90.3534 16.6628 0
      vertex 117.5 17.5 0
      vertex 90.5253 16.6168 0
    endloop
  endfacet
  facet normal 0 0 -1
    outer loop
      vertex 87.5 17.5 0
      vertex 90.3534 16.6628 0
      vertex 90.1777 16.6907 0
    endloop
  endfacet
  facet normal 0 0 -1
    outer loop
      vertex 87.5 17.5 0
      vertex 90.1777 16.6907 0
      vertex 90 16.7 0
    endloop
  endfacet
  facet normal 0 0 -1
    outer loop
      vertex 87.5 17.5 0
      vertex 88.3 15 0
      vertex 87.5 12.5 0
    endloop
  endfacet
  facet normal 0 0 -1
    outer loop
      vertex 88.3 15 0
      vertex 87.5 17.5 0
      vertex 88.3093 15.1777 0
    endloop
  endfacet
  facet normal 0 0 -1
    outer loop
      vertex 88.3093 15.1777 0
      vertex 87.5 17.5 0
      vertex 88.3372 15.3534 0
    endloop
  endfacet
  facet normal 0 0 -1
    outer loop
      vertex 90.3534 16.6628 0
      vertex 87.5 17.5 0
      vertex 117.5 17.5 0
    endloop
  endfacet
  facet normal 0 0 -1
    outer loop
      vertex 89.8223 16.6907 0
      vertex 87.5 17.5 0
      vertex 90 16.7 0
    endloop
  endfacet
  facet normal 0 0 -1
    outer loop
      vertex 89.6466 16.6628 0
      vertex 87.5 17.5 0
      vertex 89.8223 16.6907 0
    endloop
  endfacet
  facet normal 0 0 -1
    outer loop
      vertex 89.4747 16.6168 0
      vertex 87.5 17.5 0
      vertex 89.6466 16.6628 0
    endloop
  endfacet
  facet normal 0 0 -1
    outer loop
      vertex 89.3085 16.553 0
      vertex 87.5 17.5 0
      vertex 89.4747 16.6168 0
    endloop
  endfacet
  facet normal 0 0 -1
    outer loop
      vertex 89.15 16.4722 0
      vertex 87.5 17.5 0
      vertex 89.3085 16.553 0
    endloop
  endfacet
  facet normal 0 0 -1
    outer loop
      vertex 89.0008 16.3753 0
      vertex 87.5 17.5 0
      vertex 89.15 16.4722 0
    endloop
  endfacet
  facet normal 0 0 -1
    outer loop
      vertex 88.8625 16.2633 0
      vertex 87.5 17.5 0
      vertex 89.0008 16.3753 0
    endloop
  endfacet
  facet normal 0 0 -1
    outer loop
      vertex 88.7367 16.1375 0
      vertex 87.5 17.5 0
      vertex 88.8625 16.2633 0
    endloop
  endfacet
  facet normal 0 0 -1
    outer loop
      vertex 88.6247 15.9992 0
      vertex 87.5 17.5 0
      vertex 88.7367 16.1375 0
    endloop
  endfacet
  facet normal 0 0 -1
    outer loop
      vertex 88.5278 15.85 0
      vertex 87.5 17.5 0
      vertex 88.6247 15.9992 0
    endloop
  endfacet
  facet normal 0 0 -1
    outer loop
      vertex 88.447 15.6915 0
      vertex 87.5 17.5 0
      vertex 88.5278 15.85 0
    endloop
  endfacet
  facet normal 0 0 -1
    outer loop
      vertex 88.3832 15.5253 0
      vertex 87.5 17.5 0
      vertex 88.447 15.6915 0
    endloop
  endfacet
  facet normal 0 0 -1
    outer loop
      vertex 88.3372 15.3534 0
      vertex 87.5 17.5 0
      vertex 88.3832 15.5253 0
    endloop
  endfacet
  facet normal -1 0 0
    outer loop
      vertex 87.5 12.5 0
      vertex 87.5 17.5 5
      vertex 87.5 17.5 0
    endloop
  endfacet
  facet normal -1 -0 0
    outer loop
      vertex 87.5 17.5 5
      vertex 87.5 12.5 0
      vertex 87.5 12.5 5
    endloop
  endfacet
  facet normal 0 1 0
    outer loop
      vertex 117.5 17.5 53
      vertex 112.5 17.5 15
      vertex 112.5 17.5 53
    endloop
  endfacet
  facet normal 0 1 -0
    outer loop
      vertex 117.5 17.5 0
      vertex 112.5 17.5 15
      vertex 117.5 17.5 53
    endloop
  endfacet
  facet normal 0 1 0
    outer loop
      vertex 117.5 17.5 0
      vertex 102.5 17.5 5
      vertex 112.5 17.5 15
    endloop
  endfacet
  facet normal 0 1 0
    outer loop
      vertex 87.5 17.5 0
      vertex 102.5 17.5 5
      vertex 117.5 17.5 0
    endloop
  endfacet
  facet normal 0 1 0
    outer loop
      vertex 102.5 17.5 5
      vertex 87.5 17.5 0
      vertex 87.5 17.5 5
    endloop
  endfacet
  facet normal 0 -1 0
    outer loop
      vertex 87.5 12.5 5
      vertex 87.5 12.5 0
      vertex 102.5 12.5 5
    endloop
  endfacet
  facet normal 0 -1 0
    outer loop
      vertex 112.5 12.5 15
      vertex 117.5 12.5 53
      vertex 112.5 12.5 53
    endloop
  endfacet
  facet normal 0 -1 0
    outer loop
      vertex 112.5 12.5 15
      vertex 117.5 12.5 0
      vertex 117.5 12.5 53
    endloop
  endfacet
  facet normal 0 -1 0
    outer loop
      vertex 102.5 12.5 5
      vertex 117.5 12.5 0
      vertex 112.5 12.5 15
    endloop
  endfacet
  facet normal 0 -1 0
    outer loop
      vertex 117.5 12.5 0
      vertex 102.5 12.5 5
      vertex 87.5 12.5 0
    endloop
  endfacet
  facet normal 1 -0 0
    outer loop
      vertex 117.5 12.5 53
      vertex 117.5 17.5 0
      vertex 117.5 17.5 53
    endloop
  endfacet
  facet normal 1 0 0
    outer loop
      vertex 117.5 17.5 0
      vertex 117.5 12.5 53
      vertex 117.5 12.5 0
    endloop
  endfacet
  facet normal 0 0 1
    outer loop
      vertex 117.5 17.5 53
      vertex 116.25 15 53
      vertex 117.5 12.5 53
    endloop
  endfacet
  facet normal 0 0 1
    outer loop
      vertex 117.5 17.5 53
      vertex 116.243 15.1307 53
      vertex 116.25 15 53
    endloop
  endfacet
  facet normal 0 0 1
    outer loop
      vertex 117.5 17.5 53
      vertex 116.223 15.2599 53
      vertex 116.243 15.1307 53
    endloop
  endfacet
  facet normal 0 0 1
    outer loop
      vertex 117.5 17.5 53
      vertex 116.189 15.3863 53
      vertex 116.223 15.2599 53
    endloop
  endfacet
  facet normal 0 0 1
    outer loop
      vertex 117.5 17.5 53
      vertex 116.142 15.5084 53
      vertex 116.189 15.3863 53
    endloop
  endfacet
  facet normal 0 0 1
    outer loop
      vertex 117.5 17.5 53
      vertex 116.083 15.625 53
      vertex 116.142 15.5084 53
    endloop
  endfacet
  facet normal 0 0 1
    outer loop
      vertex 117.5 17.5 53
      vertex 116.011 15.7347 53
      vertex 116.083 15.625 53
    endloop
  endfacet
  facet normal 0 0 1
    outer loop
      vertex 117.5 17.5 53
      vertex 115.929 15.8364 53
      vertex 116.011 15.7347 53
    endloop
  endfacet
  facet normal 0 0 1
    outer loop
      vertex 117.5 17.5 53
      vertex 115.836 15.9289 53
      vertex 115.929 15.8364 53
    endloop
  endfacet
  facet normal 0 0 1
    outer loop
      vertex 117.5 17.5 53
      vertex 115.735 16.0113 53
      vertex 115.836 15.9289 53
    endloop
  endfacet
  facet normal 0 0 1
    outer loop
      vertex 117.5 17.5 53
      vertex 115.625 16.0825 53
      vertex 115.735 16.0113 53
    endloop
  endfacet
  facet normal 0 0 1
    outer loop
      vertex 117.5 17.5 53
      vertex 115.508 16.1419 53
      vertex 115.625 16.0825 53
    endloop
  endfacet
  facet normal 0 0 1
    outer loop
      vertex 117.5 17.5 53
      vertex 115.386 16.1888 53
      vertex 115.508 16.1419 53
    endloop
  endfacet
  facet normal 0 0 1
    outer loop
      vertex 117.5 17.5 53
      vertex 115.26 16.2227 53
      vertex 115.386 16.1888 53
    endloop
  endfacet
  facet normal 0 0 1
    outer loop
      vertex 117.5 17.5 53
      vertex 115.131 16.2432 53
      vertex 115.26 16.2227 53
    endloop
  endfacet
  facet normal 0 0 1
    outer loop
      vertex 117.5 17.5 53
      vertex 115 16.25 53
      vertex 115.131 16.2432 53
    endloop
  endfacet
  facet normal -0 0 1
    outer loop
      vertex 112.5 17.5 53
      vertex 115 16.25 53
      vertex 117.5 17.5 53
    endloop
  endfacet
  facet normal 0 0 1
    outer loop
      vertex 115 16.25 53
      vertex 112.5 17.5 53
      vertex 114.869 16.2432 53
    endloop
  endfacet
  facet normal 0 0 1
    outer loop
      vertex 114.869 16.2432 53
      vertex 112.5 17.5 53
      vertex 114.74 16.2227 53
    endloop
  endfacet
  facet normal 0 0 1
    outer loop
      vertex 114.74 16.2227 53
      vertex 112.5 17.5 53
      vertex 114.614 16.1888 53
    endloop
  endfacet
  facet normal 0 0 1
    outer loop
      vertex 113.757 15.1307 53
      vertex 112.5 17.5 53
      vertex 113.75 15 53
    endloop
  endfacet
  facet normal 0 0 1
    outer loop
      vertex 113.777 15.2599 53
      vertex 112.5 17.5 53
      vertex 113.757 15.1307 53
    endloop
  endfacet
  facet normal 0 0 1
    outer loop
      vertex 113.811 15.3863 53
      vertex 112.5 17.5 53
      vertex 113.777 15.2599 53
    endloop
  endfacet
  facet normal 0 0 1
    outer loop
      vertex 113.858 15.5084 53
      vertex 112.5 17.5 53
      vertex 113.811 15.3863 53
    endloop
  endfacet
  facet normal 0 0 1
    outer loop
      vertex 113.917 15.625 53
      vertex 112.5 17.5 53
      vertex 113.858 15.5084 53
    endloop
  endfacet
  facet normal 0 0 1
    outer loop
      vertex 113.989 15.7347 53
      vertex 112.5 17.5 53
      vertex 113.917 15.625 53
    endloop
  endfacet
  facet normal 0 0 1
    outer loop
      vertex 114.071 15.8364 53
      vertex 112.5 17.5 53
      vertex 113.989 15.7347 53
    endloop
  endfacet
  facet normal 0 0 1
    outer loop
      vertex 114.164 15.9289 53
      vertex 112.5 17.5 53
      vertex 114.071 15.8364 53
    endloop
  endfacet
  facet normal 0 0 1
    outer loop
      vertex 114.265 16.0113 53
      vertex 112.5 17.5 53
      vertex 114.164 15.9289 53
    endloop
  endfacet
  facet normal 0 0 1
    outer loop
      vertex 114.375 16.0825 53
      vertex 112.5 17.5 53
      vertex 114.265 16.0113 53
    endloop
  endfacet
  facet normal 0 0 1
    outer loop
      vertex 114.492 16.1419 53
      vertex 112.5 17.5 53
      vertex 114.375 16.0825 53
    endloop
  endfacet
  facet normal 0 0 1
    outer loop
      vertex 114.614 16.1888 53
      vertex 112.5 17.5 53
      vertex 114.492 16.1419 53
    endloop
  endfacet
  facet normal -0 0 1
    outer loop
      vertex 116.243 14.8693 53
      vertex 117.5 12.5 53
      vertex 116.25 15 53
    endloop
  endfacet
  facet normal -0 0 1
    outer loop
      vertex 116.223 14.7401 53
      vertex 117.5 12.5 53
      vertex 116.243 14.8693 53
    endloop
  endfacet
  facet normal -0 0 1
    outer loop
      vertex 116.189 14.6137 53
      vertex 117.5 12.5 53
      vertex 116.223 14.7401 53
    endloop
  endfacet
  facet normal -0 0 1
    outer loop
      vertex 116.142 14.4916 53
      vertex 117.5 12.5 53
      vertex 116.189 14.6137 53
    endloop
  endfacet
  facet normal -0 0 1
    outer loop
      vertex 116.083 14.375 53
      vertex 117.5 12.5 53
      vertex 116.142 14.4916 53
    endloop
  endfacet
  facet normal -0 0 1
    outer loop
      vertex 116.011 14.2653 53
      vertex 117.5 12.5 53
      vertex 116.083 14.375 53
    endloop
  endfacet
  facet normal -0 0 1
    outer loop
      vertex 115.929 14.1636 53
      vertex 117.5 12.5 53
      vertex 116.011 14.2653 53
    endloop
  endfacet
  facet normal -0 0 1
    outer loop
      vertex 115.836 14.0711 53
      vertex 117.5 12.5 53
      vertex 115.929 14.1636 53
    endloop
  endfacet
  facet normal -0 0 1
    outer loop
      vertex 115.735 13.9887 53
      vertex 117.5 12.5 53
      vertex 115.836 14.0711 53
    endloop
  endfacet
  facet normal -0 0 1
    outer loop
      vertex 115.625 13.9175 53
      vertex 117.5 12.5 53
      vertex 115.735 13.9887 53
    endloop
  endfacet
  facet normal -0 0 1
    outer loop
      vertex 115.508 13.8581 53
      vertex 117.5 12.5 53
      vertex 115.625 13.9175 53
    endloop
  endfacet
  facet normal -0 0 1
    outer loop
      vertex 115.386 13.8112 53
      vertex 117.5 12.5 53
      vertex 115.508 13.8581 53
    endloop
  endfacet
  facet normal -0 0 1
    outer loop
      vertex 115.26 13.7773 53
      vertex 117.5 12.5 53
      vertex 115.386 13.8112 53
    endloop
  endfacet
  facet normal -0 0 1
    outer loop
      vertex 115.131 13.7568 53
      vertex 117.5 12.5 53
      vertex 115.26 13.7773 53
    endloop
  endfacet
  facet normal -0 0 1
    outer loop
      vertex 115 13.75 53
      vertex 117.5 12.5 53
      vertex 115.131 13.7568 53
    endloop
  endfacet
  facet normal 0 0 1
    outer loop
      vertex 112.5 12.5 53
      vertex 115 13.75 53
      vertex 114.869 13.7568 53
    endloop
  endfacet
  facet normal 0 0 1
    outer loop
      vertex 112.5 12.5 53
      vertex 114.869 13.7568 53
      vertex 114.74 13.7773 53
    endloop
  endfacet
  facet normal 0 0 1
    outer loop
      vertex 112.5 12.5 53
      vertex 114.74 13.7773 53
      vertex 114.614 13.8112 53
    endloop
  endfacet
  facet normal 0 0 1
    outer loop
      vertex 112.5 12.5 53
      vertex 114.614 13.8112 53
      vertex 114.492 13.8581 53
    endloop
  endfacet
  facet normal 0 0 1
    outer loop
      vertex 112.5 12.5 53
      vertex 113.75 15 53
      vertex 112.5 17.5 53
    endloop
  endfacet
  facet normal 0 0 1
    outer loop
      vertex 113.75 15 53
      vertex 112.5 12.5 53
      vertex 113.757 14.8693 53
    endloop
  endfacet
  facet normal 0 0 1
    outer loop
      vertex 113.757 14.8693 53
      vertex 112.5 12.5 53
      vertex 113.777 14.7401 53
    endloop
  endfacet
  facet normal 0 0 1
    outer loop
      vertex 113.777 14.7401 53
      vertex 112.5 12.5 53
      vertex 113.811 14.6137 53
    endloop
  endfacet
  facet normal 0 0 1
    outer loop
      vertex 115 13.75 53
      vertex 112.5 12.5 53
      vertex 117.5 12.5 53
    endloop
  endfacet
  facet normal 0 0 1
    outer loop
      vertex 114.375 13.9175 53
      vertex 112.5 12.5 53
      vertex 114.492 13.8581 53
    endloop
  endfacet
  facet normal 0 0 1
    outer loop
      vertex 114.265 13.9887 53
      vertex 112.5 12.5 53
      vertex 114.375 13.9175 53
    endloop
  endfacet
  facet normal 0 0 1
    outer loop
      vertex 114.164 14.0711 53
      vertex 112.5 12.5 53
      vertex 114.265 13.9887 53
    endloop
  endfacet
  facet normal 0 0 1
    outer loop
      vertex 114.071 14.1636 53
      vertex 112.5 12.5 53
      vertex 114.164 14.0711 53
    endloop
  endfacet
  facet normal 0 0 1
    outer loop
      vertex 113.989 14.2653 53
      vertex 112.5 12.5 53
      vertex 114.071 14.1636 53
    endloop
  endfacet
  facet normal 0 0 1
    outer loop
      vertex 113.917 14.375 53
      vertex 112.5 12.5 53
      vertex 113.989 14.2653 53
    endloop
  endfacet
  facet normal 0 0 1
    outer loop
      vertex 113.858 14.4916 53
      vertex 112.5 12.5 53
      vertex 113.917 14.375 53
    endloop
  endfacet
  facet normal 0 0 1
    outer loop
      vertex 113.811 14.6137 53
      vertex 112.5 12.5 53
      vertex 113.858 14.4916 53
    endloop
  endfacet
  facet normal -1 0 0
    outer loop
      vertex 112.5 12.5 15
      vertex 112.5 17.5 53
      vertex 112.5 17.5 15
    endloop
  endfacet
  facet normal -1 -0 0
    outer loop
      vertex 112.5 17.5 53
      vertex 112.5 12.5 15
      vertex 112.5 12.5 53
    endloop
  endfacet
  facet normal -0.707107 0 0.707107
    outer loop
      vertex 102.5 12.5 5
      vertex 112.5 17.5 15
      vertex 102.5 17.5 5
    endloop
  endfacet
  facet normal -0.707107 0 0.707107
    outer loop
      vertex 112.5 17.5 15
      vertex 102.5 12.5 5
      vertex 112.5 12.5 15
    endloop
  endfacet
  facet normal 0.966011 0.258502 0
    outer loop
      vertex 88.3832 14.4747 5
      vertex 88.3372 14.6466 0
      vertex 88.3372 14.6466 5
    endloop
  endfacet
  facet normal 0.966011 0.258502 0
    outer loop
      vertex 88.3372 14.6466 0
      vertex 88.3832 14.4747 5
      vertex 88.3832 14.4747 0
    endloop
  endfacet
  facet normal 0.933577 0.358377 0
    outer loop
      vertex 88.447 14.3085 5
      vertex 88.3832 14.4747 0
      vertex 88.3832 14.4747 5
    endloop
  endfacet
  facet normal 0.933577 0.358377 0
    outer loop
      vertex 88.3832 14.4747 0
      vertex 88.447 14.3085 5
      vertex 88.447 14.3085 0
    endloop
  endfacet
  facet normal 0.156828 -0.987626 0
    outer loop
      vertex 89.6466 16.6628 0
      vertex 89.8223 16.6907 5
      vertex 89.6466 16.6628 5
    endloop
  endfacet
  facet normal 0.156828 -0.987626 0
    outer loop
      vertex 89.8223 16.6907 5
      vertex 89.6466 16.6628 0
      vertex 89.8223 16.6907 0
    endloop
  endfacet
  facet normal -0.45417 -0.890915 0
    outer loop
      vertex 90.6915 16.553 0
      vertex 90.85 16.4722 5
      vertex 90.6915 16.553 5
    endloop
  endfacet
  facet normal -0.45417 -0.890915 -0
    outer loop
      vertex 90.85 16.4722 5
      vertex 90.6915 16.553 0
      vertex 90.85 16.4722 0
    endloop
  endfacet
  facet normal -0.777127 -0.629344 0
    outer loop
      vertex 91.3753 15.9992 0
      vertex 91.2633 16.1375 5
      vertex 91.2633 16.1375 0
    endloop
  endfacet
  facet normal -0.777127 -0.629344 0
    outer loop
      vertex 91.2633 16.1375 5
      vertex 91.3753 15.9992 0
      vertex 91.3753 15.9992 5
    endloop
  endfacet
  facet normal -0.544672 -0.838649 0
    outer loop
      vertex 90.85 16.4722 0
      vertex 90.9992 16.3753 5
      vertex 90.85 16.4722 5
    endloop
  endfacet
  facet normal -0.544672 -0.838649 -0
    outer loop
      vertex 90.9992 16.3753 5
      vertex 90.85 16.4722 0
      vertex 90.9992 16.3753 0
    endloop
  endfacet
  facet normal 0.777127 -0.629344 0
    outer loop
      vertex 88.6247 15.9992 5
      vertex 88.7367 16.1375 0
      vertex 88.7367 16.1375 5
    endloop
  endfacet
  facet normal 0.777127 -0.629344 0
    outer loop
      vertex 88.7367 16.1375 0
      vertex 88.6247 15.9992 5
      vertex 88.6247 15.9992 0
    endloop
  endfacet
  facet normal 0.707107 0.707107 0
    outer loop
      vertex 88.8625 13.7367 5
      vertex 88.7367 13.8625 0
      vertex 88.7367 13.8625 5
    endloop
  endfacet
  facet normal 0.707107 0.707107 0
    outer loop
      vertex 88.7367 13.8625 0
      vertex 88.8625 13.7367 5
      vertex 88.8625 13.7367 0
    endloop
  endfacet
  facet normal -0.838649 0.544672 0
    outer loop
      vertex 91.3753 14.0008 0
      vertex 91.4722 14.15 5
      vertex 91.4722 14.15 0
    endloop
  endfacet
  facet normal -0.838649 0.544672 0
    outer loop
      vertex 91.4722 14.15 5
      vertex 91.3753 14.0008 0
      vertex 91.3753 14.0008 5
    endloop
  endfacet
  facet normal -0.987626 -0.156828 0
    outer loop
      vertex 91.6907 15.1777 0
      vertex 91.6628 15.3534 5
      vertex 91.6628 15.3534 0
    endloop
  endfacet
  facet normal -0.987626 -0.156828 0
    outer loop
      vertex 91.6628 15.3534 5
      vertex 91.6907 15.1777 0
      vertex 91.6907 15.1777 5
    endloop
  endfacet
  facet normal -0.0522639 -0.998633 0
    outer loop
      vertex 90 16.7 0
      vertex 90.1777 16.6907 5
      vertex 90 16.7 5
    endloop
  endfacet
  facet normal -0.0522639 -0.998633 -0
    outer loop
      vertex 90.1777 16.6907 5
      vertex 90 16.7 0
      vertex 90.1777 16.6907 0
    endloop
  endfacet
  facet normal -0.998633 -0.0522639 0
    outer loop
      vertex 91.7 15 0
      vertex 91.6907 15.1777 5
      vertex 91.6907 15.1777 0
    endloop
  endfacet
  facet normal -0.998633 -0.0522639 0
    outer loop
      vertex 91.6907 15.1777 5
      vertex 91.7 15 0
      vertex 91.7 15 5
    endloop
  endfacet
  facet normal -0.358377 0.933577 0
    outer loop
      vertex 90.6915 13.447 0
      vertex 90.5253 13.3832 5
      vertex 90.6915 13.447 5
    endloop
  endfacet
  facet normal -0.358377 0.933577 0
    outer loop
      vertex 90.5253 13.3832 5
      vertex 90.6915 13.447 0
      vertex 90.5253 13.3832 0
    endloop
  endfacet
  facet normal 0.966011 -0.258502 0
    outer loop
      vertex 88.3372 15.3534 5
      vertex 88.3832 15.5253 0
      vertex 88.3832 15.5253 5
    endloop
  endfacet
  facet normal 0.966011 -0.258502 0
    outer loop
      vertex 88.3832 15.5253 0
      vertex 88.3372 15.3534 5
      vertex 88.3372 15.3534 0
    endloop
  endfacet
  facet normal 0.258502 -0.966011 0
    outer loop
      vertex 89.4747 16.6168 0
      vertex 89.6466 16.6628 5
      vertex 89.4747 16.6168 5
    endloop
  endfacet
  facet normal 0.258502 -0.966011 0
    outer loop
      vertex 89.6466 16.6628 5
      vertex 89.4747 16.6168 0
      vertex 89.6466 16.6628 0
    endloop
  endfacet
  facet normal -0.998633 0.0522639 0
    outer loop
      vertex 91.6907 14.8223 0
      vertex 91.7 15 5
      vertex 91.7 15 0
    endloop
  endfacet
  facet normal -0.998633 0.0522639 0
    outer loop
      vertex 91.7 15 5
      vertex 91.6907 14.8223 0
      vertex 91.6907 14.8223 5
    endloop
  endfacet
  facet normal 0.629344 -0.777127 0
    outer loop
      vertex 88.8625 16.2633 0
      vertex 89.0008 16.3753 5
      vertex 88.8625 16.2633 5
    endloop
  endfacet
  facet normal 0.629344 -0.777127 0
    outer loop
      vertex 89.0008 16.3753 5
      vertex 88.8625 16.2633 0
      vertex 89.0008 16.3753 0
    endloop
  endfacet
  facet normal -0.629344 -0.777127 0
    outer loop
      vertex 90.9992 16.3753 0
      vertex 91.1375 16.2633 5
      vertex 90.9992 16.3753 5
    endloop
  endfacet
  facet normal -0.629344 -0.777127 -0
    outer loop
      vertex 91.1375 16.2633 5
      vertex 90.9992 16.3753 0
      vertex 91.1375 16.2633 0
    endloop
  endfacet
  facet normal 0.998633 0.0522639 0
    outer loop
      vertex 88.3093 14.8223 5
      vertex 88.3 15 0
      vertex 88.3 15 5
    endloop
  endfacet
  facet normal 0.998633 0.0522639 0
    outer loop
      vertex 88.3 15 0
      vertex 88.3093 14.8223 5
      vertex 88.3093 14.8223 0
    endloop
  endfacet
  facet normal -0.890915 0.45417 0
    outer loop
      vertex 91.4722 14.15 0
      vertex 91.553 14.3085 5
      vertex 91.553 14.3085 0
    endloop
  endfacet
  facet normal -0.890915 0.45417 0
    outer loop
      vertex 91.553 14.3085 5
      vertex 91.4722 14.15 0
      vertex 91.4722 14.15 5
    endloop
  endfacet
  facet normal -0.45417 0.890915 0
    outer loop
      vertex 90.85 13.5278 0
      vertex 90.6915 13.447 5
      vertex 90.85 13.5278 5
    endloop
  endfacet
  facet normal -0.45417 0.890915 0
    outer loop
      vertex 90.6915 13.447 5
      vertex 90.85 13.5278 0
      vertex 90.6915 13.447 0
    endloop
  endfacet
  facet normal -0.358377 -0.933577 0
    outer loop
      vertex 90.5253 16.6168 0
      vertex 90.6915 16.553 5
      vertex 90.5253 16.6168 5
    endloop
  endfacet
  facet normal -0.358377 -0.933577 -0
    outer loop
      vertex 90.6915 16.553 5
      vertex 90.5253 16.6168 0
      vertex 90.6915 16.553 0
    endloop
  endfacet
  facet normal -0.707107 0.707107 0
    outer loop
      vertex 91.1375 13.7367 0
      vertex 91.2633 13.8625 5
      vertex 91.2633 13.8625 0
    endloop
  endfacet
  facet normal -0.707107 0.707107 0
    outer loop
      vertex 91.2633 13.8625 5
      vertex 91.1375 13.7367 0
      vertex 91.1375 13.7367 5
    endloop
  endfacet
  facet normal -0.933577 -0.358377 0
    outer loop
      vertex 91.6168 15.5253 0
      vertex 91.553 15.6915 5
      vertex 91.553 15.6915 0
    endloop
  endfacet
  facet normal -0.933577 -0.358377 0
    outer loop
      vertex 91.553 15.6915 5
      vertex 91.6168 15.5253 0
      vertex 91.6168 15.5253 5
    endloop
  endfacet
  facet normal 0.890915 0.45417 0
    outer loop
      vertex 88.5278 14.15 5
      vertex 88.447 14.3085 0
      vertex 88.447 14.3085 5
    endloop
  endfacet
  facet normal 0.890915 0.45417 0
    outer loop
      vertex 88.447 14.3085 0
      vertex 88.5278 14.15 5
      vertex 88.5278 14.15 0
    endloop
  endfacet
  facet normal 0.933577 -0.358377 0
    outer loop
      vertex 88.3832 15.5253 5
      vertex 88.447 15.6915 0
      vertex 88.447 15.6915 5
    endloop
  endfacet
  facet normal 0.933577 -0.358377 0
    outer loop
      vertex 88.447 15.6915 0
      vertex 88.3832 15.5253 5
      vertex 88.3832 15.5253 0
    endloop
  endfacet
  facet normal -0.0522639 0.998633 0
    outer loop
      vertex 90.1777 13.3093 0
      vertex 90 13.3 5
      vertex 90.1777 13.3093 5
    endloop
  endfacet
  facet normal -0.0522639 0.998633 0
    outer loop
      vertex 90 13.3 5
      vertex 90.1777 13.3093 0
      vertex 90 13.3 0
    endloop
  endfacet
  facet normal -0.259026 0.96587 0
    outer loop
      vertex 90.5253 13.3832 0
      vertex 90.3534 13.3371 5
      vertex 90.5253 13.3832 5
    endloop
  endfacet
  facet normal -0.259026 0.96587 0
    outer loop
      vertex 90.3534 13.3371 5
      vertex 90.5253 13.3832 0
      vertex 90.3534 13.3371 0
    endloop
  endfacet
  facet normal -0.987626 0.156828 0
    outer loop
      vertex 91.6628 14.6466 0
      vertex 91.6907 14.8223 5
      vertex 91.6907 14.8223 0
    endloop
  endfacet
  facet normal -0.987626 0.156828 0
    outer loop
      vertex 91.6907 14.8223 5
      vertex 91.6628 14.6466 0
      vertex 91.6628 14.6466 5
    endloop
  endfacet
  facet normal -0.890915 -0.45417 0
    outer loop
      vertex 91.553 15.6915 0
      vertex 91.4722 15.85 5
      vertex 91.4722 15.85 0
    endloop
  endfacet
  facet normal -0.890915 -0.45417 0
    outer loop
      vertex 91.4722 15.85 5
      vertex 91.553 15.6915 0
      vertex 91.553 15.6915 5
    endloop
  endfacet
  facet normal -0.933577 0.358377 0
    outer loop
      vertex 91.553 14.3085 0
      vertex 91.6168 14.4747 5
      vertex 91.6168 14.4747 0
    endloop
  endfacet
  facet normal -0.933577 0.358377 0
    outer loop
      vertex 91.6168 14.4747 5
      vertex 91.553 14.3085 0
      vertex 91.553 14.3085 5
    endloop
  endfacet
  facet normal 0.987626 -0.156828 0
    outer loop
      vertex 88.3093 15.1777 5
      vertex 88.3372 15.3534 0
      vertex 88.3372 15.3534 5
    endloop
  endfacet
  facet normal 0.987626 -0.156828 0
    outer loop
      vertex 88.3372 15.3534 0
      vertex 88.3093 15.1777 5
      vertex 88.3093 15.1777 0
    endloop
  endfacet
  facet normal 0.987626 0.156828 0
    outer loop
      vertex 88.3372 14.6466 5
      vertex 88.3093 14.8223 0
      vertex 88.3093 14.8223 5
    endloop
  endfacet
  facet normal 0.987626 0.156828 0
    outer loop
      vertex 88.3093 14.8223 0
      vertex 88.3372 14.6466 5
      vertex 88.3372 14.6466 0
    endloop
  endfacet
  facet normal 0.358377 0.933577 -0
    outer loop
      vertex 89.4747 13.3832 0
      vertex 89.3085 13.447 5
      vertex 89.4747 13.3832 5
    endloop
  endfacet
  facet normal 0.358377 0.933577 0
    outer loop
      vertex 89.3085 13.447 5
      vertex 89.4747 13.3832 0
      vertex 89.3085 13.447 0
    endloop
  endfacet
  facet normal -0.15628 0.987713 0
    outer loop
      vertex 90.3534 13.3371 0
      vertex 90.1777 13.3093 5
      vertex 90.3534 13.3371 5
    endloop
  endfacet
  facet normal -0.15628 0.987713 0
    outer loop
      vertex 90.1777 13.3093 5
      vertex 90.3534 13.3371 0
      vertex 90.1777 13.3093 0
    endloop
  endfacet
  facet normal -0.966011 -0.258502 0
    outer loop
      vertex 91.6628 15.3534 0
      vertex 91.6168 15.5253 5
      vertex 91.6168 15.5253 0
    endloop
  endfacet
  facet normal -0.966011 -0.258502 0
    outer loop
      vertex 91.6168 15.5253 5
      vertex 91.6628 15.3534 0
      vertex 91.6628 15.3534 5
    endloop
  endfacet
  facet normal 0.777127 0.629344 0
    outer loop
      vertex 88.7367 13.8625 5
      vertex 88.6247 14.0008 0
      vertex 88.6247 14.0008 5
    endloop
  endfacet
  facet normal 0.777127 0.629344 0
    outer loop
      vertex 88.6247 14.0008 0
      vertex 88.7367 13.8625 5
      vertex 88.7367 13.8625 0
    endloop
  endfacet
  facet normal 0.15628 0.987713 -0
    outer loop
      vertex 89.8223 13.3093 0
      vertex 89.6466 13.3371 5
      vertex 89.8223 13.3093 5
    endloop
  endfacet
  facet normal 0.15628 0.987713 0
    outer loop
      vertex 89.6466 13.3371 5
      vertex 89.8223 13.3093 0
      vertex 89.6466 13.3371 0
    endloop
  endfacet
  facet normal -0.838649 -0.544672 0
    outer loop
      vertex 91.4722 15.85 0
      vertex 91.3753 15.9992 5
      vertex 91.3753 15.9992 0
    endloop
  endfacet
  facet normal -0.838649 -0.544672 0
    outer loop
      vertex 91.3753 15.9992 5
      vertex 91.4722 15.85 0
      vertex 91.4722 15.85 5
    endloop
  endfacet
  facet normal 0.707107 -0.707107 0
    outer loop
      vertex 88.7367 16.1375 5
      vertex 88.8625 16.2633 0
      vertex 88.8625 16.2633 5
    endloop
  endfacet
  facet normal 0.707107 -0.707107 0
    outer loop
      vertex 88.8625 16.2633 0
      vertex 88.7367 16.1375 5
      vertex 88.7367 16.1375 0
    endloop
  endfacet
  facet normal -0.258502 -0.966011 0
    outer loop
      vertex 90.3534 16.6628 0
      vertex 90.5253 16.6168 5
      vertex 90.3534 16.6628 5
    endloop
  endfacet
  facet normal -0.258502 -0.966011 -0
    outer loop
      vertex 90.5253 16.6168 5
      vertex 90.3534 16.6628 0
      vertex 90.5253 16.6168 0
    endloop
  endfacet
  facet normal -0.707107 -0.707107 0
    outer loop
      vertex 91.2633 16.1375 0
      vertex 91.1375 16.2633 5
      vertex 91.1375 16.2633 0
    endloop
  endfacet
  facet normal -0.707107 -0.707107 0
    outer loop
      vertex 91.1375 16.2633 5
      vertex 91.2633 16.1375 0
      vertex 91.2633 16.1375 5
    endloop
  endfacet
  facet normal 0.259026 0.96587 -0
    outer loop
      vertex 89.6466 13.3371 0
      vertex 89.4747 13.3832 5
      vertex 89.6466 13.3371 5
    endloop
  endfacet
  facet normal 0.259026 0.96587 0
    outer loop
      vertex 89.4747 13.3832 5
      vertex 89.6466 13.3371 0
      vertex 89.4747 13.3832 0
    endloop
  endfacet
  facet normal -0.156828 -0.987626 0
    outer loop
      vertex 90.1777 16.6907 0
      vertex 90.3534 16.6628 5
      vertex 90.1777 16.6907 5
    endloop
  endfacet
  facet normal -0.156828 -0.987626 -0
    outer loop
      vertex 90.3534 16.6628 5
      vertex 90.1777 16.6907 0
      vertex 90.3534 16.6628 0
    endloop
  endfacet
  facet normal 0.358377 -0.933577 0
    outer loop
      vertex 89.3085 16.553 0
      vertex 89.4747 16.6168 5
      vertex 89.3085 16.553 5
    endloop
  endfacet
  facet normal 0.358377 -0.933577 0
    outer loop
      vertex 89.4747 16.6168 5
      vertex 89.3085 16.553 0
      vertex 89.4747 16.6168 0
    endloop
  endfacet
  facet normal -0.966011 0.258502 0
    outer loop
      vertex 91.6168 14.4747 0
      vertex 91.6628 14.6466 5
      vertex 91.6628 14.6466 0
    endloop
  endfacet
  facet normal -0.966011 0.258502 0
    outer loop
      vertex 91.6628 14.6466 5
      vertex 91.6168 14.4747 0
      vertex 91.6168 14.4747 5
    endloop
  endfacet
  facet normal 0.544672 -0.838649 0
    outer loop
      vertex 89.0008 16.3753 0
      vertex 89.15 16.4722 5
      vertex 89.0008 16.3753 5
    endloop
  endfacet
  facet normal 0.544672 -0.838649 0
    outer loop
      vertex 89.15 16.4722 5
      vertex 89.0008 16.3753 0
      vertex 89.15 16.4722 0
    endloop
  endfacet
  facet normal -0.777127 0.629344 0
    outer loop
      vertex 91.2633 13.8625 0
      vertex 91.3753 14.0008 5
      vertex 91.3753 14.0008 0
    endloop
  endfacet
  facet normal -0.777127 0.629344 0
    outer loop
      vertex 91.3753 14.0008 5
      vertex 91.2633 13.8625 0
      vertex 91.2633 13.8625 5
    endloop
  endfacet
  facet normal -0.544672 0.838649 0
    outer loop
      vertex 90.9992 13.6247 0
      vertex 90.85 13.5278 5
      vertex 90.9992 13.6247 5
    endloop
  endfacet
  facet normal -0.544672 0.838649 0
    outer loop
      vertex 90.85 13.5278 5
      vertex 90.9992 13.6247 0
      vertex 90.85 13.5278 0
    endloop
  endfacet
  facet normal 0.0522639 -0.998633 0
    outer loop
      vertex 89.8223 16.6907 0
      vertex 90 16.7 5
      vertex 89.8223 16.6907 5
    endloop
  endfacet
  facet normal 0.0522639 -0.998633 0
    outer loop
      vertex 90 16.7 5
      vertex 89.8223 16.6907 0
      vertex 90 16.7 0
    endloop
  endfacet
  facet normal 0.998633 -0.0522639 0
    outer loop
      vertex 88.3 15 5
      vertex 88.3093 15.1777 0
      vertex 88.3093 15.1777 5
    endloop
  endfacet
  facet normal 0.998633 -0.0522639 0
    outer loop
      vertex 88.3093 15.1777 0
      vertex 88.3 15 5
      vertex 88.3 15 0
    endloop
  endfacet
  facet normal -0.629344 0.777127 0
    outer loop
      vertex 91.1375 13.7367 0
      vertex 90.9992 13.6247 5
      vertex 91.1375 13.7367 5
    endloop
  endfacet
  facet normal -0.629344 0.777127 0
    outer loop
      vertex 90.9992 13.6247 5
      vertex 91.1375 13.7367 0
      vertex 90.9992 13.6247 0
    endloop
  endfacet
  facet normal 0.838649 -0.544672 0
    outer loop
      vertex 88.5278 15.85 5
      vertex 88.6247 15.9992 0
      vertex 88.6247 15.9992 5
    endloop
  endfacet
  facet normal 0.838649 -0.544672 0
    outer loop
      vertex 88.6247 15.9992 0
      vertex 88.5278 15.85 5
      vertex 88.5278 15.85 0
    endloop
  endfacet
  facet normal 0.45417 -0.890915 0
    outer loop
      vertex 89.15 16.4722 0
      vertex 89.3085 16.553 5
      vertex 89.15 16.4722 5
    endloop
  endfacet
  facet normal 0.45417 -0.890915 0
    outer loop
      vertex 89.3085 16.553 5
      vertex 89.15 16.4722 0
      vertex 89.3085 16.553 0
    endloop
  endfacet
  facet normal 0.0522639 0.998633 -0
    outer loop
      vertex 90 13.3 0
      vertex 89.8223 13.3093 5
      vertex 90 13.3 5
    endloop
  endfacet
  facet normal 0.0522639 0.998633 0
    outer loop
      vertex 89.8223 13.3093 5
      vertex 90 13.3 0
      vertex 89.8223 13.3093 0
    endloop
  endfacet
  facet normal 0.838649 0.544672 0
    outer loop
      vertex 88.6247 14.0008 5
      vertex 88.5278 14.15 0
      vertex 88.5278 14.15 5
    endloop
  endfacet
  facet normal 0.838649 0.544672 0
    outer loop
      vertex 88.5278 14.15 0
      vertex 88.6247 14.0008 5
      vertex 88.6247 14.0008 0
    endloop
  endfacet
  facet normal 0.890915 -0.45417 0
    outer loop
      vertex 88.447 15.6915 5
      vertex 88.5278 15.85 0
      vertex 88.5278 15.85 5
    endloop
  endfacet
  facet normal 0.890915 -0.45417 0
    outer loop
      vertex 88.5278 15.85 0
      vertex 88.447 15.6915 5
      vertex 88.447 15.6915 0
    endloop
  endfacet
  facet normal 0.45417 0.890915 -0
    outer loop
      vertex 89.3085 13.447 0
      vertex 89.15 13.5278 5
      vertex 89.3085 13.447 5
    endloop
  endfacet
  facet normal 0.45417 0.890915 0
    outer loop
      vertex 89.15 13.5278 5
      vertex 89.3085 13.447 0
      vertex 89.15 13.5278 0
    endloop
  endfacet
  facet normal 0.629344 0.777127 -0
    outer loop
      vertex 89.0008 13.6247 0
      vertex 88.8625 13.7367 5
      vertex 89.0008 13.6247 5
    endloop
  endfacet
  facet normal 0.629344 0.777127 0
    outer loop
      vertex 88.8625 13.7367 5
      vertex 89.0008 13.6247 0
      vertex 88.8625 13.7367 0
    endloop
  endfacet
  facet normal 0.544672 0.838649 -0
    outer loop
      vertex 89.15 13.5278 0
      vertex 89.0008 13.6247 5
      vertex 89.15 13.5278 5
    endloop
  endfacet
  facet normal 0.544672 0.838649 0
    outer loop
      vertex 89.0008 13.6247 5
      vertex 89.15 13.5278 0
      vertex 89.0008 13.6247 0
    endloop
  endfacet
  facet normal 0.933247 -0.359235 0
    outer loop
      vertex 113.811 15.3863 53
      vertex 113.858 15.5084 43
      vertex 113.858 15.5084 53
    endloop
  endfacet
  facet normal 0.933247 -0.359235 0
    outer loop
      vertex 113.858 15.5084 43
      vertex 113.811 15.3863 53
      vertex 113.811 15.3863 43
    endloop
  endfacet
  facet normal 0.98823 0.152977 0
    outer loop
      vertex 113.777 14.7401 53
      vertex 113.757 14.8693 43
      vertex 113.757 14.8693 53
    endloop
  endfacet
  facet normal 0.98823 0.152977 0
    outer loop
      vertex 113.757 14.8693 43
      vertex 113.777 14.7401 53
      vertex 113.777 14.7401 43
    endloop
  endfacet
  facet normal -0.836015 -0.548706 0
    outer loop
      vertex 116.083 15.625 43
      vertex 116.011 15.7347 53
      vertex 116.011 15.7347 43
    endloop
  endfacet
  facet normal -0.836015 -0.548706 0
    outer loop
      vertex 116.011 15.7347 53
      vertex 116.083 15.625 43
      vertex 116.083 15.625 53
    endloop
  endfacet
  facet normal 0.998569 0.0534811 0
    outer loop
      vertex 113.757 14.8693 53
      vertex 113.75 15 43
      vertex 113.75 15 53
    endloop
  endfacet
  facet normal 0.998569 0.0534811 0
    outer loop
      vertex 113.75 15 43
      vertex 113.757 14.8693 53
      vertex 113.757 14.8693 43
    endloop
  endfacet
  facet normal 0.632151 0.774845 -0
    outer loop
      vertex 114.265 13.9887 43
      vertex 114.164 14.0711 53
      vertex 114.265 13.9887 53
    endloop
  endfacet
  facet normal 0.632151 0.774845 0
    outer loop
      vertex 114.164 14.0711 53
      vertex 114.265 13.9887 43
      vertex 114.164 14.0711 43
    endloop
  endfacet
  facet normal 0.259809 -0.96566 0
    outer loop
      vertex 114.614 16.1888 43
      vertex 114.74 16.2227 53
      vertex 114.614 16.1888 53
    endloop
  endfacet
  facet normal 0.259809 -0.96566 0
    outer loop
      vertex 114.74 16.2227 53
      vertex 114.614 16.1888 43
      vertex 114.74 16.2227 43
    endloop
  endfacet
  facet normal 0.998569 -0.0534811 0
    outer loop
      vertex 113.75 15 53
      vertex 113.757 15.1307 43
      vertex 113.757 15.1307 53
    endloop
  endfacet
  facet normal 0.998569 -0.0534811 0
    outer loop
      vertex 113.757 15.1307 43
      vertex 113.75 15 53
      vertex 113.75 15 43
    endloop
  endfacet
  facet normal 0.156945 -0.987607 0
    outer loop
      vertex 114.74 16.2227 43
      vertex 114.869 16.2432 53
      vertex 114.74 16.2227 53
    endloop
  endfacet
  facet normal 0.156945 -0.987607 0
    outer loop
      vertex 114.869 16.2432 53
      vertex 114.74 16.2227 43
      vertex 114.869 16.2432 43
    endloop
  endfacet
  facet normal -0.259809 -0.96566 0
    outer loop
      vertex 115.26 16.2227 43
      vertex 115.386 16.1888 53
      vertex 115.26 16.2227 53
    endloop
  endfacet
  facet normal -0.259809 -0.96566 -0
    outer loop
      vertex 115.386 16.1888 53
      vertex 115.26 16.2227 43
      vertex 115.386 16.1888 43
    endloop
  endfacet
  facet normal -0.358825 0.933405 0
    outer loop
      vertex 115.508 13.8581 43
      vertex 115.386 13.8112 53
      vertex 115.508 13.8581 53
    endloop
  endfacet
  facet normal -0.358825 0.933405 0
    outer loop
      vertex 115.386 13.8112 53
      vertex 115.508 13.8581 43
      vertex 115.386 13.8112 43
    endloop
  endfacet
  facet normal -0.892274 0.451494 0
    outer loop
      vertex 116.083 14.375 43
      vertex 116.142 14.4916 53
      vertex 116.142 14.4916 43
    endloop
  endfacet
  facet normal -0.892274 0.451494 0
    outer loop
      vertex 116.142 14.4916 53
      vertex 116.083 14.375 43
      vertex 116.083 14.375 53
    endloop
  endfacet
  facet normal -0.632151 0.774845 0
    outer loop
      vertex 115.836 14.0711 43
      vertex 115.735 13.9887 53
      vertex 115.836 14.0711 53
    endloop
  endfacet
  facet normal -0.632151 0.774845 0
    outer loop
      vertex 115.735 13.9887 53
      vertex 115.836 14.0711 43
      vertex 115.735 13.9887 43
    endloop
  endfacet
  facet normal -0.98823 0.152977 0
    outer loop
      vertex 116.223 14.7401 43
      vertex 116.243 14.8693 53
      vertex 116.243 14.8693 43
    endloop
  endfacet
  facet normal -0.98823 0.152977 0
    outer loop
      vertex 116.243 14.8693 53
      vertex 116.223 14.7401 43
      vertex 116.223 14.7401 53
    endloop
  endfacet
  facet normal -0.98823 -0.152977 0
    outer loop
      vertex 116.243 15.1307 43
      vertex 116.223 15.2599 53
      vertex 116.223 15.2599 43
    endloop
  endfacet
  facet normal -0.98823 -0.152977 0
    outer loop
      vertex 116.223 15.2599 53
      vertex 116.243 15.1307 43
      vertex 116.243 15.1307 53
    endloop
  endfacet
  facet normal 0.543378 0.839488 -0
    outer loop
      vertex 114.375 13.9175 43
      vertex 114.265 13.9887 53
      vertex 114.375 13.9175 53
    endloop
  endfacet
  facet normal 0.543378 0.839488 0
    outer loop
      vertex 114.265 13.9887 53
      vertex 114.375 13.9175 43
      vertex 114.265 13.9887 43
    endloop
  endfacet
  facet normal -0.259809 0.96566 0
    outer loop
      vertex 115.386 13.8112 43
      vertex 115.26 13.7773 53
      vertex 115.386 13.8112 53
    endloop
  endfacet
  facet normal -0.259809 0.96566 0
    outer loop
      vertex 115.26 13.7773 53
      vertex 115.386 13.8112 43
      vertex 115.26 13.7773 43
    endloop
  endfacet
  facet normal 0.705198 0.70901 -0
    outer loop
      vertex 114.164 14.0711 43
      vertex 114.071 14.1636 53
      vertex 114.164 14.0711 53
    endloop
  endfacet
  facet normal 0.705198 0.70901 0
    outer loop
      vertex 114.071 14.1636 53
      vertex 114.164 14.0711 43
      vertex 114.071 14.1636 43
    endloop
  endfacet
  facet normal -0.998569 -0.0534811 0
    outer loop
      vertex 116.25 15 43
      vertex 116.243 15.1307 53
      vertex 116.243 15.1307 43
    endloop
  endfacet
  facet normal -0.998569 -0.0534811 0
    outer loop
      vertex 116.243 15.1307 53
      vertex 116.25 15 43
      vertex 116.25 15 53
    endloop
  endfacet
  facet normal 0.0518386 -0.998655 0
    outer loop
      vertex 114.869 16.2432 43
      vertex 115 16.25 53
      vertex 114.869 16.2432 53
    endloop
  endfacet
  facet normal 0.0518386 -0.998655 0
    outer loop
      vertex 115 16.25 53
      vertex 114.869 16.2432 43
      vertex 115 16.25 43
    endloop
  endfacet
  facet normal 0.156945 0.987607 -0
    outer loop
      vertex 114.869 13.7568 43
      vertex 114.74 13.7773 53
      vertex 114.869 13.7568 53
    endloop
  endfacet
  facet normal 0.156945 0.987607 0
    outer loop
      vertex 114.74 13.7773 53
      vertex 114.869 13.7568 43
      vertex 114.74 13.7773 43
    endloop
  endfacet
  facet normal -0.778473 -0.627678 0
    outer loop
      vertex 116.011 15.7347 43
      vertex 115.929 15.8364 53
      vertex 115.929 15.8364 43
    endloop
  endfacet
  facet normal -0.778473 -0.627678 0
    outer loop
      vertex 115.929 15.8364 53
      vertex 116.011 15.7347 43
      vertex 116.011 15.7347 53
    endloop
  endfacet
  facet normal 0.705198 -0.70901 0
    outer loop
      vertex 114.071 15.8364 43
      vertex 114.164 15.9289 53
      vertex 114.071 15.8364 53
    endloop
  endfacet
  facet normal 0.705198 -0.70901 0
    outer loop
      vertex 114.164 15.9289 53
      vertex 114.071 15.8364 43
      vertex 114.164 15.9289 43
    endloop
  endfacet
  facet normal -0.998569 0.0534811 0
    outer loop
      vertex 116.243 14.8693 43
      vertex 116.25 15 53
      vertex 116.25 15 43
    endloop
  endfacet
  facet normal -0.998569 0.0534811 0
    outer loop
      vertex 116.25 15 53
      vertex 116.243 14.8693 43
      vertex 116.243 14.8693 53
    endloop
  endfacet
  facet normal -0.892274 -0.451494 0
    outer loop
      vertex 116.142 15.5084 43
      vertex 116.083 15.625 53
      vertex 116.083 15.625 43
    endloop
  endfacet
  facet normal -0.892274 -0.451494 0
    outer loop
      vertex 116.083 15.625 53
      vertex 116.142 15.5084 43
      vertex 116.142 15.5084 53
    endloop
  endfacet
  facet normal -0.543378 -0.839488 0
    outer loop
      vertex 115.625 16.0825 43
      vertex 115.735 16.0113 53
      vertex 115.625 16.0825 53
    endloop
  endfacet
  facet normal -0.543378 -0.839488 -0
    outer loop
      vertex 115.735 16.0113 53
      vertex 115.625 16.0825 43
      vertex 115.735 16.0113 43
    endloop
  endfacet
  facet normal -0.965675 -0.259754 0
    outer loop
      vertex 116.223 15.2599 43
      vertex 116.189 15.3863 53
      vertex 116.189 15.3863 43
    endloop
  endfacet
  facet normal -0.965675 -0.259754 0
    outer loop
      vertex 116.189 15.3863 53
      vertex 116.223 15.2599 43
      vertex 116.223 15.2599 53
    endloop
  endfacet
  facet normal 0.965675 0.259754 0
    outer loop
      vertex 113.811 14.6137 53
      vertex 113.777 14.7401 43
      vertex 113.777 14.7401 53
    endloop
  endfacet
  facet normal 0.965675 0.259754 0
    outer loop
      vertex 113.777 14.7401 43
      vertex 113.811 14.6137 53
      vertex 113.811 14.6137 43
    endloop
  endfacet
  facet normal -0.705198 0.70901 0
    outer loop
      vertex 115.929 14.1636 43
      vertex 115.836 14.0711 53
      vertex 115.929 14.1636 53
    endloop
  endfacet
  facet normal -0.705198 0.70901 0
    outer loop
      vertex 115.836 14.0711 53
      vertex 115.929 14.1636 43
      vertex 115.836 14.0711 43
    endloop
  endfacet
  facet normal -0.778473 0.627678 0
    outer loop
      vertex 115.929 14.1636 43
      vertex 116.011 14.2653 53
      vertex 116.011 14.2653 43
    endloop
  endfacet
  facet normal -0.778473 0.627678 0
    outer loop
      vertex 116.011 14.2653 53
      vertex 115.929 14.1636 43
      vertex 115.929 14.1636 53
    endloop
  endfacet
  facet normal -0.358825 -0.933405 0
    outer loop
      vertex 115.386 16.1888 43
      vertex 115.508 16.1419 53
      vertex 115.386 16.1888 53
    endloop
  endfacet
  facet normal -0.358825 -0.933405 -0
    outer loop
      vertex 115.508 16.1419 53
      vertex 115.386 16.1888 43
      vertex 115.508 16.1419 43
    endloop
  endfacet
  facet normal -0.0518386 0.998655 0
    outer loop
      vertex 115.131 13.7568 43
      vertex 115 13.75 53
      vertex 115.131 13.7568 53
    endloop
  endfacet
  facet normal -0.0518386 0.998655 0
    outer loop
      vertex 115 13.75 53
      vertex 115.131 13.7568 43
      vertex 115 13.75 43
    endloop
  endfacet
  facet normal 0.259809 0.96566 -0
    outer loop
      vertex 114.74 13.7773 43
      vertex 114.614 13.8112 53
      vertex 114.74 13.7773 53
    endloop
  endfacet
  facet normal 0.259809 0.96566 0
    outer loop
      vertex 114.614 13.8112 53
      vertex 114.74 13.7773 43
      vertex 114.614 13.8112 43
    endloop
  endfacet
  facet normal -0.836015 0.548706 0
    outer loop
      vertex 116.011 14.2653 43
      vertex 116.083 14.375 53
      vertex 116.083 14.375 43
    endloop
  endfacet
  facet normal -0.836015 0.548706 0
    outer loop
      vertex 116.083 14.375 53
      vertex 116.011 14.2653 43
      vertex 116.011 14.2653 53
    endloop
  endfacet
  facet normal 0.632151 -0.774845 0
    outer loop
      vertex 114.164 15.9289 43
      vertex 114.265 16.0113 53
      vertex 114.164 15.9289 53
    endloop
  endfacet
  facet normal 0.632151 -0.774845 0
    outer loop
      vertex 114.265 16.0113 53
      vertex 114.164 15.9289 43
      vertex 114.265 16.0113 43
    endloop
  endfacet
  facet normal -0.705198 -0.70901 0
    outer loop
      vertex 115.836 15.9289 43
      vertex 115.929 15.8364 53
      vertex 115.836 15.9289 53
    endloop
  endfacet
  facet normal -0.705198 -0.70901 -0
    outer loop
      vertex 115.929 15.8364 53
      vertex 115.836 15.9289 43
      vertex 115.929 15.8364 43
    endloop
  endfacet
  facet normal -0.933247 0.359235 0
    outer loop
      vertex 116.142 14.4916 43
      vertex 116.189 14.6137 53
      vertex 116.189 14.6137 43
    endloop
  endfacet
  facet normal -0.933247 0.359235 0
    outer loop
      vertex 116.189 14.6137 53
      vertex 116.142 14.4916 43
      vertex 116.142 14.4916 53
    endloop
  endfacet
  facet normal -0.156945 0.987607 0
    outer loop
      vertex 115.26 13.7773 43
      vertex 115.131 13.7568 53
      vertex 115.26 13.7773 53
    endloop
  endfacet
  facet normal -0.156945 0.987607 0
    outer loop
      vertex 115.131 13.7568 53
      vertex 115.26 13.7773 43
      vertex 115.131 13.7568 43
    endloop
  endfacet
  facet normal -0.933247 -0.359235 0
    outer loop
      vertex 116.189 15.3863 43
      vertex 116.142 15.5084 53
      vertex 116.142 15.5084 43
    endloop
  endfacet
  facet normal -0.933247 -0.359235 0
    outer loop
      vertex 116.142 15.5084 53
      vertex 116.189 15.3863 43
      vertex 116.189 15.3863 53
    endloop
  endfacet
  facet normal -0.632151 -0.774845 0
    outer loop
      vertex 115.735 16.0113 43
      vertex 115.836 15.9289 53
      vertex 115.735 16.0113 53
    endloop
  endfacet
  facet normal -0.632151 -0.774845 -0
    outer loop
      vertex 115.836 15.9289 53
      vertex 115.735 16.0113 43
      vertex 115.836 15.9289 43
    endloop
  endfacet
  facet normal -0.452692 -0.891667 0
    outer loop
      vertex 115.508 16.1419 43
      vertex 115.625 16.0825 53
      vertex 115.508 16.1419 53
    endloop
  endfacet
  facet normal -0.452692 -0.891667 -0
    outer loop
      vertex 115.625 16.0825 53
      vertex 115.508 16.1419 43
      vertex 115.625 16.0825 43
    endloop
  endfacet
  facet normal 0.778473 0.627678 0
    outer loop
      vertex 114.071 14.1636 53
      vertex 113.989 14.2653 43
      vertex 113.989 14.2653 53
    endloop
  endfacet
  facet normal 0.778473 0.627678 0
    outer loop
      vertex 113.989 14.2653 43
      vertex 114.071 14.1636 53
      vertex 114.071 14.1636 43
    endloop
  endfacet
  facet normal 0.933247 0.359235 0
    outer loop
      vertex 113.858 14.4916 53
      vertex 113.811 14.6137 43
      vertex 113.811 14.6137 53
    endloop
  endfacet
  facet normal 0.933247 0.359235 0
    outer loop
      vertex 113.811 14.6137 43
      vertex 113.858 14.4916 53
      vertex 113.858 14.4916 43
    endloop
  endfacet
  facet normal 0.836015 0.548706 0
    outer loop
      vertex 113.989 14.2653 53
      vertex 113.917 14.375 43
      vertex 113.917 14.375 53
    endloop
  endfacet
  facet normal 0.836015 0.548706 0
    outer loop
      vertex 113.917 14.375 43
      vertex 113.989 14.2653 53
      vertex 113.989 14.2653 43
    endloop
  endfacet
  facet normal 0.836015 -0.548706 0
    outer loop
      vertex 113.917 15.625 53
      vertex 113.989 15.7347 43
      vertex 113.989 15.7347 53
    endloop
  endfacet
  facet normal 0.836015 -0.548706 0
    outer loop
      vertex 113.989 15.7347 43
      vertex 113.917 15.625 53
      vertex 113.917 15.625 43
    endloop
  endfacet
  facet normal -0.0518386 -0.998655 0
    outer loop
      vertex 115 16.25 43
      vertex 115.131 16.2432 53
      vertex 115 16.25 53
    endloop
  endfacet
  facet normal -0.0518386 -0.998655 -0
    outer loop
      vertex 115.131 16.2432 53
      vertex 115 16.25 43
      vertex 115.131 16.2432 43
    endloop
  endfacet
  facet normal 0.358825 -0.933405 0
    outer loop
      vertex 114.492 16.1419 43
      vertex 114.614 16.1888 53
      vertex 114.492 16.1419 53
    endloop
  endfacet
  facet normal 0.358825 -0.933405 0
    outer loop
      vertex 114.614 16.1888 53
      vertex 114.492 16.1419 43
      vertex 114.614 16.1888 43
    endloop
  endfacet
  facet normal 0.358825 0.933405 -0
    outer loop
      vertex 114.614 13.8112 43
      vertex 114.492 13.8581 53
      vertex 114.614 13.8112 53
    endloop
  endfacet
  facet normal 0.358825 0.933405 0
    outer loop
      vertex 114.492 13.8581 53
      vertex 114.614 13.8112 43
      vertex 114.492 13.8581 43
    endloop
  endfacet
  facet normal -0.156945 -0.987607 0
    outer loop
      vertex 115.131 16.2432 43
      vertex 115.26 16.2227 53
      vertex 115.131 16.2432 53
    endloop
  endfacet
  facet normal -0.156945 -0.987607 -0
    outer loop
      vertex 115.26 16.2227 53
      vertex 115.131 16.2432 43
      vertex 115.26 16.2227 43
    endloop
  endfacet
  facet normal -0.965675 0.259754 0
    outer loop
      vertex 116.189 14.6137 43
      vertex 116.223 14.7401 53
      vertex 116.223 14.7401 43
    endloop
  endfacet
  facet normal -0.965675 0.259754 0
    outer loop
      vertex 116.223 14.7401 53
      vertex 116.189 14.6137 43
      vertex 116.189 14.6137 53
    endloop
  endfacet
  facet normal 0.98823 -0.152977 0
    outer loop
      vertex 113.757 15.1307 53
      vertex 113.777 15.2599 43
      vertex 113.777 15.2599 53
    endloop
  endfacet
  facet normal 0.98823 -0.152977 0
    outer loop
      vertex 113.777 15.2599 43
      vertex 113.757 15.1307 53
      vertex 113.757 15.1307 43
    endloop
  endfacet
  facet normal -0.543378 0.839488 0
    outer loop
      vertex 115.735 13.9887 43
      vertex 115.625 13.9175 53
      vertex 115.735 13.9887 53
    endloop
  endfacet
  facet normal -0.543378 0.839488 0
    outer loop
      vertex 115.625 13.9175 53
      vertex 115.735 13.9887 43
      vertex 115.625 13.9175 43
    endloop
  endfacet
  facet normal -0.452692 0.891667 0
    outer loop
      vertex 115.625 13.9175 43
      vertex 115.508 13.8581 53
      vertex 115.625 13.9175 53
    endloop
  endfacet
  facet normal -0.452692 0.891667 0
    outer loop
      vertex 115.508 13.8581 53
      vertex 115.625 13.9175 43
      vertex 115.508 13.8581 43
    endloop
  endfacet
  facet normal 0.778473 -0.627678 0
    outer loop
      vertex 113.989 15.7347 53
      vertex 114.071 15.8364 43
      vertex 114.071 15.8364 53
    endloop
  endfacet
  facet normal 0.778473 -0.627678 0
    outer loop
      vertex 114.071 15.8364 43
      vertex 113.989 15.7347 53
      vertex 113.989 15.7347 43
    endloop
  endfacet
  facet normal 0.965675 -0.259754 0
    outer loop
      vertex 113.777 15.2599 53
      vertex 113.811 15.3863 43
      vertex 113.811 15.3863 53
    endloop
  endfacet
  facet normal 0.965675 -0.259754 0
    outer loop
      vertex 113.811 15.3863 43
      vertex 113.777 15.2599 53
      vertex 113.777 15.2599 43
    endloop
  endfacet
  facet normal 0.892274 -0.451494 0
    outer loop
      vertex 113.858 15.5084 53
      vertex 113.917 15.625 43
      vertex 113.917 15.625 53
    endloop
  endfacet
  facet normal 0.892274 -0.451494 0
    outer loop
      vertex 113.917 15.625 43
      vertex 113.858 15.5084 53
      vertex 113.858 15.5084 43
    endloop
  endfacet
  facet normal 0.892274 0.451494 0
    outer loop
      vertex 113.917 14.375 53
      vertex 113.858 14.4916 43
      vertex 113.858 14.4916 53
    endloop
  endfacet
  facet normal 0.892274 0.451494 0
    outer loop
      vertex 113.858 14.4916 43
      vertex 113.917 14.375 53
      vertex 113.917 14.375 43
    endloop
  endfacet
  facet normal 0.452692 0.891667 -0
    outer loop
      vertex 114.492 13.8581 43
      vertex 114.375 13.9175 53
      vertex 114.492 13.8581 53
    endloop
  endfacet
  facet normal 0.452692 0.891667 0
    outer loop
      vertex 114.375 13.9175 53
      vertex 114.492 13.8581 43
      vertex 114.375 13.9175 43
    endloop
  endfacet
  facet normal 0.543378 -0.839488 0
    outer loop
      vertex 114.265 16.0113 43
      vertex 114.375 16.0825 53
      vertex 114.265 16.0113 53
    endloop
  endfacet
  facet normal 0.543378 -0.839488 0
    outer loop
      vertex 114.375 16.0825 53
      vertex 114.265 16.0113 43
      vertex 114.375 16.0825 43
    endloop
  endfacet
  facet normal 0.452692 -0.891667 0
    outer loop
      vertex 114.375 16.0825 43
      vertex 114.492 16.1419 53
      vertex 114.375 16.0825 53
    endloop
  endfacet
  facet normal 0.452692 -0.891667 0
    outer loop
      vertex 114.492 16.1419 53
      vertex 114.375 16.0825 43
      vertex 114.492 16.1419 43
    endloop
  endfacet
  facet normal 0.0518386 0.998655 -0
    outer loop
      vertex 115 13.75 43
      vertex 114.869 13.7568 53
      vertex 115 13.75 53
    endloop
  endfacet
  facet normal 0.0518386 0.998655 0
    outer loop
      vertex 114.869 13.7568 53
      vertex 115 13.75 43
      vertex 114.869 13.7568 43
    endloop
  endfacet
  facet normal 0 0 1
    outer loop
      vertex 116.243 15.1307 43
      vertex 116.243 14.8693 43
      vertex 116.25 15 43
    endloop
  endfacet
  facet normal 0 0 1
    outer loop
      vertex 116.223 15.2599 43
      vertex 116.243 14.8693 43
      vertex 116.243 15.1307 43
    endloop
  endfacet
  facet normal 0 0 1
    outer loop
      vertex 116.223 15.2599 43
      vertex 116.223 14.7401 43
      vertex 116.243 14.8693 43
    endloop
  endfacet
  facet normal 0 0 1
    outer loop
      vertex 116.189 15.3863 43
      vertex 116.223 14.7401 43
      vertex 116.223 15.2599 43
    endloop
  endfacet
  facet normal 0 0 1
    outer loop
      vertex 116.189 15.3863 43
      vertex 116.189 14.6137 43
      vertex 116.223 14.7401 43
    endloop
  endfacet
  facet normal 0 0 1
    outer loop
      vertex 116.142 15.5084 43
      vertex 116.189 14.6137 43
      vertex 116.189 15.3863 43
    endloop
  endfacet
  facet normal 0 0 1
    outer loop
      vertex 116.142 15.5084 43
      vertex 116.142 14.4916 43
      vertex 116.189 14.6137 43
    endloop
  endfacet
  facet normal 0 0 1
    outer loop
      vertex 116.083 15.625 43
      vertex 116.142 14.4916 43
      vertex 116.142 15.5084 43
    endloop
  endfacet
  facet normal 0 0 1
    outer loop
      vertex 116.083 15.625 43
      vertex 116.083 14.375 43
      vertex 116.142 14.4916 43
    endloop
  endfacet
  facet normal 0 0 1
    outer loop
      vertex 116.011 15.7347 43
      vertex 116.083 14.375 43
      vertex 116.083 15.625 43
    endloop
  endfacet
  facet normal 0 0 1
    outer loop
      vertex 116.011 15.7347 43
      vertex 116.011 14.2653 43
      vertex 116.083 14.375 43
    endloop
  endfacet
  facet normal 0 0 1
    outer loop
      vertex 115.929 15.8364 43
      vertex 116.011 14.2653 43
      vertex 116.011 15.7347 43
    endloop
  endfacet
  facet normal 0 0 1
    outer loop
      vertex 115.929 15.8364 43
      vertex 115.929 14.1636 43
      vertex 116.011 14.2653 43
    endloop
  endfacet
  facet normal 0 0 1
    outer loop
      vertex 115.836 15.9289 43
      vertex 115.929 14.1636 43
      vertex 115.929 15.8364 43
    endloop
  endfacet
  facet normal 0 0 1
    outer loop
      vertex 115.836 15.9289 43
      vertex 115.836 14.0711 43
      vertex 115.929 14.1636 43
    endloop
  endfacet
  facet normal 0 0 1
    outer loop
      vertex 115.735 16.0113 43
      vertex 115.836 14.0711 43
      vertex 115.836 15.9289 43
    endloop
  endfacet
  facet normal 0 0 1
    outer loop
      vertex 115.735 16.0113 43
      vertex 115.735 13.9887 43
      vertex 115.836 14.0711 43
    endloop
  endfacet
  facet normal 0 0 1
    outer loop
      vertex 115.625 16.0825 43
      vertex 115.735 13.9887 43
      vertex 115.735 16.0113 43
    endloop
  endfacet
  facet normal 0 0 1
    outer loop
      vertex 115.625 16.0825 43
      vertex 115.625 13.9175 43
      vertex 115.735 13.9887 43
    endloop
  endfacet
  facet normal 0 0 1
    outer loop
      vertex 115.508 16.1419 43
      vertex 115.625 13.9175 43
      vertex 115.625 16.0825 43
    endloop
  endfacet
  facet normal 0 0 1
    outer loop
      vertex 115.508 16.1419 43
      vertex 115.508 13.8581 43
      vertex 115.625 13.9175 43
    endloop
  endfacet
  facet normal 0 0 1
    outer loop
      vertex 115.386 16.1888 43
      vertex 115.508 13.8581 43
      vertex 115.508 16.1419 43
    endloop
  endfacet
  facet normal 0 0 1
    outer loop
      vertex 115.386 16.1888 43
      vertex 115.386 13.8112 43
      vertex 115.508 13.8581 43
    endloop
  endfacet
  facet normal 0 0 1
    outer loop
      vertex 115.26 16.2227 43
      vertex 115.386 13.8112 43
      vertex 115.386 16.1888 43
    endloop
  endfacet
  facet normal 0 0 1
    outer loop
      vertex 115.26 16.2227 43
      vertex 115.26 13.7773 43
      vertex 115.386 13.8112 43
    endloop
  endfacet
  facet normal 0 0 1
    outer loop
      vertex 115.131 16.2432 43
      vertex 115.26 13.7773 43
      vertex 115.26 16.2227 43
    endloop
  endfacet
  facet normal 0 0 1
    outer loop
      vertex 115.131 16.2432 43
      vertex 115.131 13.7568 43
      vertex 115.26 13.7773 43
    endloop
  endfacet
  facet normal 0 0 1
    outer loop
      vertex 115 16.25 43
      vertex 115.131 13.7568 43
      vertex 115.131 16.2432 43
    endloop
  endfacet
  facet normal 0 0 1
    outer loop
      vertex 115 16.25 43
      vertex 115 13.75 43
      vertex 115.131 13.7568 43
    endloop
  endfacet
  facet normal -0 0 1
    outer loop
      vertex 114.869 16.2432 43
      vertex 115 13.75 43
      vertex 115 16.25 43
    endloop
  endfacet
  facet normal 0 0 1
    outer loop
      vertex 114.869 16.2432 43
      vertex 114.869 13.7568 43
      vertex 115 13.75 43
    endloop
  endfacet
  facet normal -0 0 1
    outer loop
      vertex 114.74 16.2227 43
      vertex 114.869 13.7568 43
      vertex 114.869 16.2432 43
    endloop
  endfacet
  facet normal 0 0 1
    outer loop
      vertex 114.74 16.2227 43
      vertex 114.74 13.7773 43
      vertex 114.869 13.7568 43
    endloop
  endfacet
  facet normal -0 0 1
    outer loop
      vertex 114.614 16.1888 43
      vertex 114.74 13.7773 43
      vertex 114.74 16.2227 43
    endloop
  endfacet
  facet normal 0 0 1
    outer loop
      vertex 114.614 16.1888 43
      vertex 114.614 13.8112 43
      vertex 114.74 13.7773 43
    endloop
  endfacet
  facet normal -0 0 1
    outer loop
      vertex 114.492 16.1419 43
      vertex 114.614 13.8112 43
      vertex 114.614 16.1888 43
    endloop
  endfacet
  facet normal 0 0 1
    outer loop
      vertex 114.492 16.1419 43
      vertex 114.492 13.8581 43
      vertex 114.614 13.8112 43
    endloop
  endfacet
  facet normal -0 0 1
    outer loop
      vertex 114.375 16.0825 43
      vertex 114.492 13.8581 43
      vertex 114.492 16.1419 43
    endloop
  endfacet
  facet normal 0 0 1
    outer loop
      vertex 114.375 16.0825 43
      vertex 114.375 13.9175 43
      vertex 114.492 13.8581 43
    endloop
  endfacet
  facet normal -0 0 1
    outer loop
      vertex 114.265 16.0113 43
      vertex 114.375 13.9175 43
      vertex 114.375 16.0825 43
    endloop
  endfacet
  facet normal 0 0 1
    outer loop
      vertex 114.265 16.0113 43
      vertex 114.265 13.9887 43
      vertex 114.375 13.9175 43
    endloop
  endfacet
  facet normal -0 0 1
    outer loop
      vertex 114.164 15.9289 43
      vertex 114.265 13.9887 43
      vertex 114.265 16.0113 43
    endloop
  endfacet
  facet normal 0 0 1
    outer loop
      vertex 114.164 15.9289 43
      vertex 114.164 14.0711 43
      vertex 114.265 13.9887 43
    endloop
  endfacet
  facet normal -0 0 1
    outer loop
      vertex 114.071 15.8364 43
      vertex 114.164 14.0711 43
      vertex 114.164 15.9289 43
    endloop
  endfacet
  facet normal 0 0 1
    outer loop
      vertex 114.071 15.8364 43
      vertex 114.071 14.1636 43
      vertex 114.164 14.0711 43
    endloop
  endfacet
  facet normal -0 0 1
    outer loop
      vertex 113.989 15.7347 43
      vertex 114.071 14.1636 43
      vertex 114.071 15.8364 43
    endloop
  endfacet
  facet normal 0 0 1
    outer loop
      vertex 113.989 15.7347 43
      vertex 113.989 14.2653 43
      vertex 114.071 14.1636 43
    endloop
  endfacet
  facet normal -0 0 1
    outer loop
      vertex 113.917 15.625 43
      vertex 113.989 14.2653 43
      vertex 113.989 15.7347 43
    endloop
  endfacet
  facet normal 0 0 1
    outer loop
      vertex 113.917 15.625 43
      vertex 113.917 14.375 43
      vertex 113.989 14.2653 43
    endloop
  endfacet
  facet normal -0 0 1
    outer loop
      vertex 113.858 15.5084 43
      vertex 113.917 14.375 43
      vertex 113.917 15.625 43
    endloop
  endfacet
  facet normal 0 0 1
    outer loop
      vertex 113.858 15.5084 43
      vertex 113.858 14.4916 43
      vertex 113.917 14.375 43
    endloop
  endfacet
  facet normal -0 0 1
    outer loop
      vertex 113.811 15.3863 43
      vertex 113.858 14.4916 43
      vertex 113.858 15.5084 43
    endloop
  endfacet
  facet normal 0 0 1
    outer loop
      vertex 113.811 15.3863 43
      vertex 113.811 14.6137 43
      vertex 113.858 14.4916 43
    endloop
  endfacet
  facet normal -0 0 1
    outer loop
      vertex 113.777 15.2599 43
      vertex 113.811 14.6137 43
      vertex 113.811 15.3863 43
    endloop
  endfacet
  facet normal 0 0 1
    outer loop
      vertex 113.777 15.2599 43
      vertex 113.777 14.7401 43
      vertex 113.811 14.6137 43
    endloop
  endfacet
  facet normal -0 0 1
    outer loop
      vertex 113.757 15.1307 43
      vertex 113.777 14.7401 43
      vertex 113.777 15.2599 43
    endloop
  endfacet
  facet normal 0 0 1
    outer loop
      vertex 113.757 15.1307 43
      vertex 113.757 14.8693 43
      vertex 113.777 14.7401 43
    endloop
  endfacet
  facet normal 0 -0 1
    outer loop
      vertex 113.757 14.8693 43
      vertex 113.757 15.1307 43
      vertex 113.75 15 43
    endloop
  endfacet
endsolid OpenSCAD_Model
